fact_id,time_id,region_id,segment_id,reason_id,Beginning_Customers,New_Customers,Lost_Customers,Net_Customers,Running_Total,Beginning_MRR,Expansion_MRR,Lost_MRR,Net_MRR,Running_Total_MRR,Churn_Rate,Retention_Rate,Missing_Records,Duplicate_Customers,Invalid_Churn_Records,Data_Quality_Status,Last_Updated_Date
1,1,1,1,1,3879,266,58,208,4087,11046111812.65104,697814760.3284668,136664647.30680212,561150113.0216646,11607261925.672705,0.0149523072956947,0.9850476927043051,1,6,4,Cần kiểm tra,2026-06-14
2,2,1,1,1,4087,173,241,-68,4019,11607261925.672705,463427296.7708355,783315812.667301,-319888515.89646554,11287373409.776236,0.0589674577930022,0.9410325422069978,0,0,0,Đạt,2026-06-14
3,3,1,1,1,4019,262,279,-17,4002,11287373409.776236,780265425.1525413,803253740.0880398,-22988314.93549848,11264385094.840738,0.0694202537944762,0.9305797462055238,5,9,4,Cần kiểm tra,2026-06-14
4,4,1,1,1,4002,439,310,129,4131,11264385094.840738,1175884412.267422,964648741.9533966,211235670.3140254,11475620765.154764,0.0774612693653173,0.9225387306346826,0,0,0,Đạt,2026-06-14
5,5,1,1,1,4131,358,251,107,4238,11475620765.154764,817089180.976019,671171663.4850923,145917517.49092674,11621538282.64569,0.0607601065117405,0.9392398934882596,0,0,0,Đạt,2026-06-14
6,6,1,1,1,4238,544,198,346,4584,11621538282.64569,1510424195.8461356,666652044.2875648,843772151.5585709,12465310434.204262,0.0467201510146295,0.9532798489853704,1,0,0,Cần kiểm tra,2026-06-14
7,7,1,1,1,4584,446,446,0,4584,12465310434.204262,1387842641.9542837,1497880525.9936335,-110037884.03935029,12355272550.164911,0.0972949389179755,0.9027050610820244,0,0,0,Đạt,2026-06-14
8,8,1,1,1,4584,678,390,288,4872,12355272550.164911,2291643050.103546,1277989247.347659,1013653802.755887,13368926352.9208,0.0850785340314136,0.9149214659685864,0,0,0,Đạt,2026-06-14
9,9,1,1,1,4872,455,264,191,5063,13368926352.9208,1487456996.141501,817433623.2730134,670023372.8684876,14038949725.789288,0.0541871921182266,0.9458128078817734,0,0,0,Đạt,2026-06-14
10,10,1,1,1,5063,493,356,137,5200,14038949725.789288,1462424058.697404,902184116.7307776,560239941.9666264,14599189667.755917,0.0703140430574758,0.9296859569425242,0,0,0,Đạt,2026-06-14
11,11,1,1,1,5200,377,284,93,5293,14599189667.755917,1223246101.19994,683240842.6839763,540005258.5159637,15139194926.27188,0.0546153846153846,0.9453846153846154,0,0,0,Đạt,2026-06-14
12,12,1,1,1,5293,425,496,-71,5222,15139194926.27188,1364657279.256814,1400270896.01637,-35613616.759556055,15103581309.512323,0.0937086718307198,0.9062913281692802,0,0,0,Đạt,2026-06-14
13,1,1,1,2,2346,275,179,96,2442,2047410253.708876,244977459.60093385,145328847.05271965,99648612.5482142,2147058866.25709,0.0763000852514919,0.923699914748508,0,0,0,Đạt,2026-06-14
14,2,1,1,2,2442,136,239,-103,2339,2147058866.25709,141119422.315813,232733751.8781942,-91614329.5623812,2055444536.6947088,0.0978705978705978,0.9021294021294022,0,0,0,Đạt,2026-06-14
15,3,1,1,2,2339,100,170,-70,2269,2055444536.6947088,93120113.5744176,148312789.82014713,-55192676.24572952,2000251860.4489796,0.072680632749038,0.927319367250962,0,0,0,Đạt,2026-06-14
16,4,1,1,2,2269,66,165,-99,2170,2000251860.4489796,51382258.347726606,163503643.19784755,-112121384.85012096,1888130475.5988584,0.0727192595857205,0.9272807404142794,0,0,0,Đạt,2026-06-14
17,5,1,1,2,2170,308,72,236,2406,1888130475.5988584,225080522.4810081,71144381.1178167,153936141.36319143,2042066616.9620495,0.0331797235023041,0.966820276497696,0,0,0,Đạt,2026-06-14
18,6,1,1,2,2406,241,234,7,2413,2042066616.9620495,197613458.95441717,171006863.65393546,26606595.30048168,2068673212.2625315,0.0972568578553615,0.9027431421446384,0,0,0,Đạt,2026-06-14
19,7,1,1,2,2413,290,87,203,2616,2068673212.2625315,217908258.0836213,68435160.4462573,149473097.637364,2218146309.899895,0.0360547036883547,0.9639452963116452,0,0,0,Đạt,2026-06-14
20,8,1,1,2,2616,283,138,145,2761,2218146309.899895,239690911.2500011,139864073.2648938,99826837.9851073,2317973147.8850026,0.0527522935779816,0.9472477064220184,0,0,0,Đạt,2026-06-14
21,9,1,1,2,2761,189,153,36,2797,2317973147.8850026,155583288.09673792,130744145.0267466,24839143.06999133,2342812290.9549937,0.0554147048170952,0.9445852951829048,0,0,0,Đạt,2026-06-14
22,10,1,1,2,2797,321,200,121,2918,2342812290.9549937,268221462.4332305,194264366.04638743,73957096.38684306,2416769387.341837,0.0715051841258491,0.9284948158741508,0,0,0,Đạt,2026-06-14
23,11,1,1,2,2918,192,181,11,2929,2416769387.341837,165252628.084629,128417249.96939585,36835378.11523317,2453604765.45707,0.0620287868403015,0.9379712131596984,0,0,0,Đạt,2026-06-14
24,12,1,1,2,2929,101,256,-155,2774,2453604765.45707,96118604.22990756,220030444.98791817,-123911840.7580106,2329692924.6990595,0.0874018436326391,0.9125981563673607,8,3,0,Cần kiểm tra,2026-06-14
25,1,1,1,3,2797,225,139,86,2883,1838183193.8775456,137261619.48771495,92222566.02782592,45039053.459889024,1883222247.3374343,0.0496961029674651,0.9503038970325348,0,0,0,Đạt,2026-06-14
26,2,1,1,3,2883,56,38,18,2901,1883222247.3374343,37433270.72042128,27341244.303391665,10092026.41702962,1893314273.754464,0.013180714533472,0.986819285466528,0,0,0,Đạt,2026-06-14
27,3,1,1,3,2901,155,199,-44,2857,1893314273.754464,81861943.0018081,134339200.4133407,-52477257.41153258,1840837016.3429315,0.0685970355049982,0.9314029644950016,0,0,0,Đạt,2026-06-14
28,4,1,1,3,2857,32,29,3,2860,1840837016.3429315,24045701.1829094,16966398.60483107,7079302.578078326,1847916318.9210095,0.0101505075253762,0.9898494924746236,0,0,0,Đạt,2026-06-14
29,5,1,1,3,2860,173,245,-72,2788,1847916318.9210095,131195898.3905728,137357780.75056967,-6161882.359996885,1841754436.561013,0.0856643356643356,0.9143356643356644,0,0,0,Đạt,2026-06-14
30,6,1,1,3,2788,302,218,84,2872,1841754436.561013,173183684.10998014,156468311.49985185,16715372.610128284,1858469809.171141,0.0781922525107604,0.9218077474892395,0,0,0,Đạt,2026-06-14
31,7,1,1,3,2872,385,230,155,3027,1858469809.171141,280711418.3812216,159611577.94346586,121099840.43775572,1979569649.608897,0.08008356545961,0.91991643454039,0,0,0,Đạt,2026-06-14
32,8,1,1,3,3027,366,141,225,3252,1979569649.608897,234074059.4851053,89839616.23665993,144234443.2484454,2123804092.8573425,0.0465807730426164,0.9534192269573836,0,0,0,Đạt,2026-06-14
33,9,1,1,3,3252,37,116,-79,3173,2123804092.8573425,23298797.79143515,62818238.97058919,-39519441.17915404,2084284651.6781883,0.035670356703567,0.964329643296433,0,0,0,Đạt,2026-06-14
34,10,1,1,3,3173,409,261,148,3321,2084284651.6781883,250529873.217468,143099188.40510786,107430684.81236015,2191715336.4905486,0.082256539552474,0.917743460447526,0,0,0,Đạt,2026-06-14
35,11,1,1,3,3321,343,210,133,3454,2191715336.4905486,213980245.9796179,153208423.0545336,60771822.92508429,2252487159.4156327,0.06323396567299,0.93676603432701,0,0,0,Đạt,2026-06-14
36,12,1,1,3,3454,90,149,-59,3395,2252487159.4156327,60342970.36007311,94596141.95572224,-34253171.59564912,2218233987.8199835,0.0431383902721482,0.9568616097278516,0,0,0,Đạt,2026-06-14
37,1,1,1,4,2588,235,138,97,2685,3739932778.842752,283282571.2264159,202104824.2036383,81177747.02277759,3821110525.865529,0.053323029366306,0.946676970633694,0,0,0,Đạt,2026-06-14
38,2,1,1,4,2685,84,136,-52,2633,3821110525.865529,131636804.03921065,208705668.61774412,-77068864.5785335,3744041661.2869954,0.0506517690875232,0.9493482309124768,0,0,0,Đạt,2026-06-14
39,3,1,1,4,2633,247,166,81,2714,3744041661.2869954,393559861.5769664,227777211.30280036,165782650.27416608,3909824311.5611615,0.0630459551842005,0.9369540448157996,0,0,0,Đạt,2026-06-14
40,4,1,1,4,2714,324,182,142,2856,3909824311.5611615,501474341.0149536,213481286.83195245,287993054.1830011,4197817365.7441626,0.0670596904937361,0.9329403095062638,0,0,0,Đạt,2026-06-14
41,5,1,1,4,2856,67,99,-32,2824,4197817365.7441626,96690770.87601846,146431625.0136765,-49740854.13765803,4148076511.606504,0.0346638655462184,0.9653361344537816,0,0,0,Đạt,2026-06-14
42,6,1,1,4,2824,382,176,206,3030,4148076511.606504,602880930.4946656,224420105.70975623,378460824.78490937,4526537336.391414,0.0623229461756373,0.9376770538243626,0,0,0,Đạt,2026-06-14
43,7,1,1,4,3030,380,88,292,3322,4526537336.391414,487124384.5902654,120073921.7736585,367050462.8166069,4893587799.20802,0.029042904290429,0.970957095709571,0,0,0,Đạt,2026-06-14
44,8,1,1,4,3322,379,197,182,3504,4893587799.20802,606501389.6144681,233595930.83986267,372905458.7746054,5266493257.982626,0.059301625526791,0.9406983744732088,0,0,0,Đạt,2026-06-14
45,9,1,1,4,3504,206,203,3,3507,5266493257.982626,277030450.4730698,285246413.4410158,-8215962.967945993,5258277295.01468,0.0579337899543379,0.942066210045662,0,0,0,Đạt,2026-06-14
46,10,1,1,4,3507,420,169,251,3758,5258277295.01468,671396516.7818443,233297656.04291195,438098860.7389323,5696376155.7536125,0.0481893356144853,0.9518106643855146,0,0,0,Đạt,2026-06-14
47,11,1,1,4,3758,308,84,224,3982,5696376155.7536125,401596904.4726547,142518886.51653665,259078017.95611805,5955454173.70973,0.0223523150612027,0.9776476849387972,0,0,0,Đạt,2026-06-14
48,12,1,1,4,3982,316,227,89,4071,5955454173.70973,398869744.9136602,263559009.2346163,135310735.67904392,6090764909.388774,0.0570065293822199,0.94299347061778,0,0,0,Đạt,2026-06-14
49,1,1,1,5,2245,85,141,-56,2189,1637440028.1672995,61196939.8575067,86069410.3412543,-24872470.483747598,1612567557.6835525,0.0628062360801781,0.9371937639198218,0,0,0,Đạt,2026-06-14
50,2,1,1,5,2189,63,97,-34,2155,1612567557.6835525,46244417.98074253,80560883.6925092,-34316465.711766675,1578251091.9717855,0.0443124714481498,0.95568752855185,0,0,0,Đạt,2026-06-14
51,3,1,1,5,2155,186,25,161,2316,1578251091.9717855,139944684.8374735,20538500.044600543,119406184.79287297,1697657276.7646585,0.0116009280742459,0.988399071925754,0,0,0,Đạt,2026-06-14
52,4,1,1,5,2316,92,69,23,2339,1697657276.7646585,77111545.89179778,41884213.53095726,35227332.36084052,1732884609.125499,0.0297927461139896,0.9702072538860104,0,0,0,Đạt,2026-06-14
53,5,1,1,5,2339,277,101,176,2515,1732884609.125499,242068059.87062576,69591023.58687606,172477036.2837497,1905361645.4092488,0.0431808465156049,0.9568191534843952,0,0,0,Đạt,2026-06-14
54,6,1,1,5,2515,52,142,-90,2425,1905361645.4092488,36372065.44563351,99805180.18411724,-63433114.73848372,1841928530.6707647,0.0564612326043737,0.9435387673956264,0,0,0,Đạt,2026-06-14
55,7,1,1,5,2425,150,133,17,2442,1841928530.6707647,97873795.61323752,81938552.67654242,15935242.936695114,1857863773.6074605,0.0548453608247422,0.9451546391752578,0,0,0,Đạt,2026-06-14
56,8,1,1,5,2442,355,114,241,2683,1857863773.6074605,249864720.3724252,95281843.0071579,154582877.36526728,2012446650.9727275,0.0466830466830466,0.9533169533169532,0,0,0,Đạt,2026-06-14
57,9,1,1,5,2683,75,209,-134,2549,2012446650.9727275,49608001.32026341,159072331.5535511,-109464330.23328768,1902982320.73944,0.077897875512486,0.922102124487514,0,0,0,Đạt,2026-06-14
58,10,1,1,5,2549,85,245,-160,2389,1902982320.73944,58299259.42623033,158039114.28438368,-99739854.85815336,1803242465.8812864,0.0961161239701843,0.9038838760298156,0,0,0,Đạt,2026-06-14
59,11,1,1,5,2389,105,123,-18,2371,1803242465.8812864,63838653.70259501,90596833.05150291,-26758179.34890792,1776484286.532379,0.0514859773964001,0.9485140226035998,0,0,0,Đạt,2026-06-14
60,12,1,1,5,2371,40,167,-127,2244,1776484286.532379,33122070.240070283,125128133.83105454,-92006063.59098426,1684478222.9413943,0.0704344158582876,0.9295655841417124,0,0,0,Đạt,2026-06-14
61,1,1,1,6,2340,259,210,49,2389,8999614947.612766,1171541643.940002,955675435.2359276,215866208.7040744,9215481156.31684,0.0897435897435897,0.9102564102564102,0,0,0,Đạt,2026-06-14
62,2,1,1,6,2389,122,107,15,2404,9215481156.31684,524830334.7925787,375331613.3062199,149498721.48635882,9364979877.8032,0.0447886144830473,0.9552113855169528,0,0,0,Đạt,2026-06-14
63,3,1,1,6,2404,95,150,-55,2349,9364979877.8032,350983771.2295189,633772645.9238995,-282788874.69438064,9082191003.10882,0.062396006655574,0.937603993344426,0,0,0,Đạt,2026-06-14
64,4,1,1,6,2349,150,113,37,2386,9082191003.10882,620572208.3290579,436351782.4440022,184220425.8850557,9266411428.993876,0.048105576841209,0.951894423158791,0,0,0,Đạt,2026-06-14
65,5,1,1,6,2386,28,204,-176,2210,9266411428.993876,121033845.89087296,882375997.4762336,-761342151.5853606,8505069277.408515,0.085498742665549,0.914501257334451,0,0,0,Đạt,2026-06-14
66,6,1,1,6,2210,267,84,183,2393,8505069277.408515,1066615573.9484646,316807518.43758,749808055.5108846,9254877332.9194,0.0380090497737556,0.9619909502262444,0,0,0,Đạt,2026-06-14
67,7,1,1,6,2393,190,223,-33,2360,9254877332.9194,853443354.4514091,767137716.7675848,86305637.6838243,9341182970.603224,0.0931884663602173,0.9068115336397828,0,0,0,Đạt,2026-06-14
68,8,1,1,6,2360,182,77,105,2465,9341182970.603224,738465118.3475549,351402828.96625924,387062289.3812957,9728245259.98452,0.0326271186440677,0.9673728813559322,0,0,0,Đạt,2026-06-14
69,9,1,1,6,2465,305,89,216,2681,9728245259.98452,1140370406.8383586,382618954.1811021,757751452.6572566,10485996712.641775,0.0361054766734279,0.963894523326572,0,0,0,Đạt,2026-06-14
70,10,1,1,6,2681,225,93,132,2813,10485996712.641775,870128359.717192,420155488.9712289,449972870.7459632,10935969583.38774,0.0346885490488623,0.9653114509511376,0,0,0,Đạt,2026-06-14
71,11,1,1,6,2813,93,208,-115,2698,10935969583.38774,306302948.31222016,843757418.6468523,-537454470.3346322,10398515113.053108,0.0739424102381798,0.9260575897618202,0,0,0,Đạt,2026-06-14
72,12,1,1,6,2698,230,36,194,2892,10398515113.053108,987300525.6477424,112293287.7745568,875007237.8731856,11273522350.926294,0.0133432171979243,0.9866567828020756,0,0,0,Đạt,2026-06-14
73,1,1,1,7,3342,277,315,-38,3304,4010702010.684924,342719334.5420158,326498958.80612594,16220375.735889852,4026922386.4208136,0.0942549371633752,0.9057450628366248,0,0,0,Đạt,2026-06-14
74,2,1,1,7,3304,409,271,138,3442,4026922386.4208136,540678317.9789431,322210067.5143428,218468250.46460032,4245390636.885414,0.0820217917675544,0.9179782082324456,0,0,0,Đạt,2026-06-14
75,3,1,1,7,3442,303,35,268,3710,4245390636.885414,371067109.7810221,50125156.42656256,320941953.3544595,4566332590.239874,0.0101685066821615,0.9898314933178384,0,0,0,Đạt,2026-06-14
76,4,1,1,7,3710,91,86,5,3715,4566332590.239874,130053848.98723264,121141289.95835233,8912559.028880313,4575245149.268754,0.0231805929919137,0.9768194070080862,0,0,0,Đạt,2026-06-14
77,5,1,1,7,3715,66,268,-202,3513,4575245149.268754,95038222.91337664,301635179.39097977,-206596956.47760317,4368648192.791151,0.0721399730820996,0.9278600269179004,0,0,0,Đạt,2026-06-14
78,6,1,1,7,3513,147,202,-55,3458,4368648192.791151,167248343.82138747,281761733.9410536,-114513390.1196661,4254134802.671485,0.0575007116424708,0.9424992883575292,1,0,0,Cần kiểm tra,2026-06-14
79,7,1,1,7,3458,211,294,-83,3375,4254134802.671485,249059014.133636,365267534.18663454,-116208520.05299856,4137926282.6184864,0.0850202429149797,0.9149797570850202,0,0,0,Đạt,2026-06-14
80,8,1,1,7,3375,453,223,230,3605,4137926282.6184864,438534620.1247249,314544423.0201727,123990197.1045522,4261916479.723039,0.066074074074074,0.933925925925926,0,0,0,Đạt,2026-06-14
81,9,1,1,7,3605,475,138,337,3942,4261916479.723039,576248279.7769544,143801343.76755315,432446936.00940126,4694363415.73244,0.0382801664355062,0.9617198335644938,6,9,0,Cần kiểm tra,2026-06-14
82,10,1,1,7,3942,48,202,-154,3788,4694363415.73244,51082080.559642486,196481016.589673,-145398936.03003052,4548964479.70241,0.0512430238457635,0.9487569761542364,0,0,0,Đạt,2026-06-14
83,11,1,1,7,3788,289,38,251,4039,4548964479.70241,278330819.57446736,50981822.67791707,227348996.8965503,4776313476.59896,0.0100316789862724,0.9899683210137276,0,0,0,Đạt,2026-06-14
84,12,1,1,7,4039,226,383,-157,3882,4776313476.59896,222116032.48192304,416837350.09089154,-194721317.6089685,4581592158.989991,0.0948254518445159,0.905174548155484,0,0,0,Đạt,2026-06-14
85,1,1,2,1,3734,417,129,288,4022,2287286914.7590904,265779850.4744948,82630475.83057287,183149374.64392197,2470436289.4030123,0.0345474022495982,0.9654525977504016,0,0,0,Đạt,2026-06-14
86,2,1,2,1,4022,451,133,318,4340,2470436289.4030123,294471246.5937037,70761475.92295885,223709770.67074484,2694146060.073757,0.0330681253107906,0.9669318746892094,0,0,0,Đạt,2026-06-14
87,3,1,2,1,4340,191,81,110,4450,2694146060.073757,127388782.3935068,54158170.85037967,73230611.54312712,2767376671.616884,0.018663594470046,0.981336405529954,0,0,0,Đạt,2026-06-14
88,4,1,2,1,4450,560,114,446,4896,2767376671.616884,295362225.9356784,56955676.370663375,238406549.56501505,3005783221.181899,0.0256179775280898,0.97438202247191,0,0,0,Đạt,2026-06-14
89,5,1,2,1,4896,343,391,-48,4848,3005783221.181899,237861277.31055,248960677.34535983,-11099400.034809858,2994683821.147089,0.0798611111111111,0.9201388888888888,0,0,0,Đạt,2026-06-14
90,6,1,2,1,4848,440,188,252,5100,2994683821.147089,259656873.15262765,120051410.33381434,139605462.81881332,3134289283.9659023,0.0387788778877887,0.9612211221122112,0,0,0,Đạt,2026-06-14
91,7,1,2,1,5100,63,361,-298,4802,3134289283.9659023,32484093.86691781,190891609.8154636,-158407515.94854575,2975881768.0173564,0.0707843137254902,0.9292156862745098,0,0,0,Đạt,2026-06-14
92,8,1,2,1,4802,540,295,245,5047,2975881768.0173564,394502796.5153042,172333791.56956705,222169004.94573715,3198050772.9630938,0.06143273635985,0.93856726364015,0,0,0,Đạt,2026-06-14
93,9,1,2,1,5047,124,360,-236,4811,3198050772.9630938,80176486.70995827,217325062.297324,-137148575.5873657,3060902197.375728,0.0713295026748563,0.9286704973251436,0,0,0,Đạt,2026-06-14
94,10,1,2,1,4811,473,353,120,4931,3060902197.375728,264160143.1073055,186907991.46946543,77252151.63784006,3138154349.0135684,0.0733735190189149,0.926626480981085,5,2,2,Cần kiểm tra,2026-06-14
95,11,1,2,1,4931,142,197,-55,4876,3138154349.0135684,78803147.9498577,128009232.80628584,-49206084.85642815,3088948264.1571403,0.0399513283309673,0.9600486716690326,0,0,0,Đạt,2026-06-14
96,12,1,2,1,4876,119,334,-215,4661,3088948264.1571403,86732278.46419866,196565924.2108453,-109833645.74664666,2979114618.4104934,0.0684987694831829,0.9315012305168172,0,0,0,Đạt,2026-06-14
97,1,1,2,2,3100,33,213,-180,2920,1654562811.1650538,20047030.258782014,125027921.03693452,-104980890.77815253,1549581920.3869014,0.0687096774193548,0.9312903225806451,0,0,0,Đạt,2026-06-14
98,2,1,2,2,2920,407,182,225,3145,1549581920.3869014,225070658.53899175,84431834.96489654,140638823.57409525,1690220743.9609966,0.0623287671232876,0.9376712328767124,0,0,0,Đạt,2026-06-14
99,3,1,2,2,3145,77,238,-161,2984,1690220743.9609966,48456865.90393344,140744524.99025396,-92287659.08632052,1597933084.8746762,0.0756756756756756,0.9243243243243244,0,0,0,Đạt,2026-06-14
100,4,1,2,2,2984,168,58,110,3094,1597933084.8746762,105816581.56963234,35233030.94623161,70583550.62340072,1668516635.498077,0.0194369973190348,0.9805630026809652,0,0,0,Đạt,2026-06-14
101,5,1,2,2,3094,226,188,38,3132,1668516635.498077,115862441.35138564,113716200.1301724,2146241.2212132663,1670662876.7192905,0.0607627666451195,0.9392372333548804,0,0,0,Đạt,2026-06-14
102,6,1,2,2,3132,372,41,331,3463,1670662876.7192905,188191523.7989585,24988605.86100398,163202917.93795457,1833865794.6572447,0.0130906768837803,0.9869093231162196,0,0,0,Đạt,2026-06-14
103,7,1,2,2,3463,308,252,56,3519,1833865794.6572447,159325714.2530659,154002954.68291613,5322759.570149779,1839188554.2273943,0.0727692751949177,0.9272307248050824,0,0,0,Đạt,2026-06-14
104,8,1,2,2,3519,326,335,-9,3510,1839188554.2273943,199897887.60317287,159299031.03745216,40598856.56572071,1879787410.7931156,0.0951974992895709,0.9048025007104292,0,0,0,Đạt,2026-06-14
105,9,1,2,2,3510,502,77,425,3935,1879787410.7931156,221790091.23185205,42826624.88238766,178963466.3494644,2058750877.14258,0.0219373219373219,0.978062678062678,0,0,0,Đạt,2026-06-14
106,10,1,2,2,3935,452,222,230,4165,2058750877.14258,222120442.9242374,109970811.47412749,112149631.45010991,2170900508.592689,0.0564167725540025,0.9435832274459974,0,0,0,Đạt,2026-06-14
107,11,1,2,2,4165,575,90,485,4650,2170900508.592689,346156990.7884858,44388834.52086051,301768156.26762533,2472668664.860315,0.0216086434573829,0.978391356542617,0,0,0,Đạt,2026-06-14
108,12,1,2,2,4650,249,76,173,4823,2472668664.860315,125886984.97010246,47038592.297975264,78848392.67212719,2551517057.532442,0.0163440860215053,0.9836559139784946,0,0,0,Đạt,2026-06-14
109,1,1,2,3,2574,340,29,311,2885,11418786917.654625,1666821762.305029,127877860.3454076,1538943901.9596214,12957730819.614244,0.0112665112665112,0.9887334887334888,0,0,0,Đạt,2026-06-14
110,2,1,2,3,2885,400,106,294,3179,12957730819.614244,2084408281.0857184,393708676.2427086,1690699604.8430097,14648430424.457254,0.036741767764298,0.963258232235702,0,0,0,Đạt,2026-06-14
111,3,1,2,3,3179,365,155,210,3389,14648430424.457254,1449706544.8314383,694984350.4461592,754722194.385279,15403152618.842531,0.0487574709027996,0.9512425290972004,0,0,0,Đạt,2026-06-14
112,4,1,2,3,3389,485,143,342,3731,15403152618.842531,2329207955.414512,666457110.6671748,1662750844.747337,17065903463.58987,0.0421953378577751,0.9578046621422248,0,0,0,Đạt,2026-06-14
113,5,1,2,3,3731,271,223,48,3779,17065903463.58987,1199871090.6779857,919688496.4949974,280182594.1829883,17346086057.772858,0.059769498793889,0.940230501206111,0,0,0,Đạt,2026-06-14
114,6,1,2,3,3779,367,82,285,4064,17346086057.772858,1727375216.433435,381271204.898392,1346104011.535043,18692190069.3079,0.0216988621328393,0.9783011378671608,0,0,0,Đạt,2026-06-14
115,7,1,2,3,4064,596,206,390,4454,18692190069.3079,2231401320.6413093,1005122473.5594252,1226278847.081884,19918468916.389786,0.0506889763779527,0.9493110236220472,0,0,0,Đạt,2026-06-14
116,8,1,2,3,4454,658,367,291,4745,19918468916.389786,2460121145.901645,1720242680.010949,739878465.8906965,20658347382.28048,0.0823978446340368,0.9176021553659632,0,0,0,Đạt,2026-06-14
117,9,1,2,3,4745,91,191,-100,4645,20658347382.28048,344177170.2637404,917855780.9987632,-573678610.735023,20084668771.545456,0.0402528977871443,0.9597471022128556,0,0,0,Đạt,2026-06-14
118,10,1,2,3,4645,255,113,142,4787,20084668771.545456,1051801164.0646316,439503636.5375404,612297527.527091,20696966299.072548,0.0243272335844994,0.9756727664155004,0,0,0,Đạt,2026-06-14
119,11,1,2,3,4787,468,189,279,5066,20696966299.072548,2194967983.923231,705879010.3519398,1489088973.5712914,22186055272.64384,0.0394819302277,0.9605180697723,0,0,0,Đạt,2026-06-14
120,12,1,2,3,5066,200,178,22,5088,22186055272.64384,1027484217.6999936,641171996.7591554,386312220.9408384,22572367493.58468,0.0351362021318594,0.9648637978681406,0,0,0,Đạt,2026-06-14
121,1,1,2,4,3158,216,66,150,3308,13663716698.279093,981071022.9892952,329683940.9452842,651387082.0440109,14315103780.323105,0.0208993033565547,0.9791006966434452,0,0,0,Đạt,2026-06-14
122,2,1,2,4,3308,80,220,-140,3168,14315103780.323105,350122400.7475404,806490369.9215401,-456367969.1739997,13858735811.149103,0.0665054413542926,0.9334945586457074,0,0,0,Đạt,2026-06-14
123,3,1,2,4,3168,101,216,-115,3053,13858735811.149103,492839456.4667408,1057864565.1729256,-565025108.7061849,13293710702.44292,0.0681818181818181,0.931818181818182,0,0,0,Đạt,2026-06-14
124,4,1,2,4,3053,382,37,345,3398,13293710702.44292,1752044149.2464545,168085780.16424707,1583958369.0822074,14877669071.525126,0.012119226989846,0.987880773010154,0,0,0,Đạt,2026-06-14
125,5,1,2,4,3398,137,171,-34,3364,14877669071.525126,701882446.1888573,673421989.7017426,28460456.487114668,14906129528.01224,0.0503237198351971,0.9496762801648028,0,0,0,Đạt,2026-06-14
126,6,1,2,4,3364,459,264,195,3559,14906129528.01224,2357647600.610576,1367603083.6968353,990044516.9137408,15896174044.92598,0.0784780023781212,0.9215219976218788,0,0,0,Đạt,2026-06-14
127,7,1,2,4,3559,330,222,108,3667,15896174044.92598,1501547090.6161966,1080047537.9804895,421499552.6357069,16317673597.561687,0.0623770722112953,0.9376229277887048,0,0,0,Đạt,2026-06-14
128,8,1,2,4,3667,136,190,-54,3613,16317673597.561687,655270942.7524742,841075468.0556155,-185804525.30314136,16131869072.258549,0.0518134715025906,0.9481865284974094,0,0,0,Đạt,2026-06-14
129,9,1,2,4,3613,428,98,330,3943,16131869072.258549,1947216234.9206665,432857444.2709788,1514358790.6496878,17646227862.908234,0.0271242734569609,0.972875726543039,0,0,0,Đạt,2026-06-14
130,10,1,2,4,3943,321,259,62,4005,17646227862.908234,1147322365.3285155,1314880796.9151676,-167558431.58665204,17478669431.321583,0.0656860258686279,0.934313974131372,0,0,0,Đạt,2026-06-14
131,11,1,2,4,4005,131,122,9,4014,17478669431.321583,574892341.9500276,551914053.3884798,22978288.56154776,17501647719.88313,0.030461922596754,0.969538077403246,0,0,0,Đạt,2026-06-14
132,12,1,2,4,4014,505,141,364,4378,17501647719.88313,1929467562.8401368,676902819.4196663,1252564743.4204705,18754212463.3036,0.0351270553064275,0.9648729446935724,0,0,0,Đạt,2026-06-14
133,1,1,2,5,3739,439,371,68,3807,11431360814.31754,1501785463.6393063,1128077287.0973308,373708176.5419757,11805068990.859514,0.0992243915485423,0.9007756084514577,0,0,0,Đạt,2026-06-14
134,2,1,2,5,3807,292,40,252,4059,11805068990.859514,780688104.5944815,120970417.24265356,659717687.3518279,12464786678.211342,0.0105069608615707,0.9894930391384292,0,0,0,Đạt,2026-06-14
135,3,1,2,5,4059,525,249,276,4335,12464786678.211342,1635288596.153704,734807698.667815,900480897.485889,13365267575.697231,0.0613451589061345,0.9386548410938654,0,0,0,Đạt,2026-06-14
136,4,1,2,5,4335,408,336,72,4407,13365267575.697231,1409682006.790612,1138448710.7165956,271233296.07401633,13636500871.771248,0.0775086505190311,0.9224913494809688,0,0,0,Đạt,2026-06-14
137,5,1,2,5,4407,119,354,-235,4172,13636500871.771248,429500681.6335438,1050039714.1524668,-620539032.5189228,13015961839.252323,0.0803267528931245,0.9196732471068754,0,0,0,Đạt,2026-06-14
138,6,1,2,5,4172,197,272,-75,4097,13015961839.252323,524956803.4421852,995266018.1317196,-470309214.6895344,12545652624.56279,0.0651965484180249,0.9348034515819752,0,0,0,Đạt,2026-06-14
139,7,1,2,5,4097,412,340,72,4169,12545652624.56279,1330409574.2410529,1210579225.8047931,119830348.43625976,12665482972.99905,0.0829875518672199,0.91701244813278,0,0,0,Đạt,2026-06-14
140,8,1,2,5,4169,42,268,-226,3943,12665482972.99905,119390665.17741236,829704248.7142863,-710313583.5368739,11955169389.462175,0.0642840009594627,0.9357159990405371,0,0,0,Đạt,2026-06-14
141,9,1,2,5,3943,250,276,-26,3917,11955169389.462175,889846446.6770259,1005144100.3299296,-115297653.65290368,11839871735.80927,0.069997463860005,0.930002536139995,4,0,0,Cần kiểm tra,2026-06-14
142,10,1,2,5,3917,489,49,440,4357,11839871735.80927,1480284946.0905166,159874557.5630661,1320410388.5274506,13160282124.33672,0.0125095736533061,0.987490426346694,0,0,0,Đạt,2026-06-14
143,11,1,2,5,4357,159,157,2,4359,13160282124.33672,494384887.7233871,455831775.2548856,38553112.46850151,13198835236.805223,0.0360339683268303,0.9639660316731696,0,0,0,Đạt,2026-06-14
144,12,1,2,5,4359,214,417,-203,4156,13198835236.805223,549973191.1610677,1332333366.6607592,-782360175.4996915,12416475061.305532,0.0956641431520991,0.9043358568479009,0,0,0,Đạt,2026-06-14
145,1,1,2,6,2746,70,235,-165,2581,3832853862.308948,78611794.39053836,365624497.206819,-287012702.8162806,3545841159.492667,0.0855790240349599,0.91442097596504,0,0,0,Đạt,2026-06-14
146,2,1,2,6,2581,125,186,-61,2520,3545841159.492667,154887932.58554924,264855973.22883597,-109968040.6432867,3435873118.8493805,0.0720650910499806,0.9279349089500194,0,0,0,Đạt,2026-06-14
147,3,1,2,6,2520,59,180,-121,2399,3435873118.8493805,79087449.54657678,235438868.1914768,-156351418.64489996,3279521700.2044806,0.0714285714285714,0.9285714285714286,0,0,0,Đạt,2026-06-14
148,4,1,2,6,2399,222,159,63,2462,3279521700.2044806,273763036.9990984,198819732.5764104,74943304.42268804,3354465004.6271687,0.0662776156731971,0.9337223843268028,0,0,0,Đạt,2026-06-14
149,5,1,2,6,2462,118,187,-69,2393,3354465004.6271687,167042913.7025499,272616653.17558694,-105573739.47303703,3248891265.1541314,0.0759545085296506,0.9240454914703492,0,0,0,Đạt,2026-06-14
150,6,1,2,6,2393,259,207,52,2445,3248891265.1541314,430373370.940685,281468840.8623592,148904530.07832575,3397795795.232457,0.0865022983702465,0.9134977016297534,0,0,0,Đạt,2026-06-14
151,7,1,2,6,2445,279,185,94,2539,3397795795.232457,445588288.4486661,258802857.8106597,186785430.6380063,3584581225.8704634,0.0756646216768916,0.9243353783231084,0,0,0,Đạt,2026-06-14
152,8,1,2,6,2539,297,78,219,2758,3584581225.8704634,487499950.5205004,109342044.02475064,378157906.4957497,3962739132.366213,0.0307207562032296,0.9692792437967704,0,0,0,Đạt,2026-06-14
153,9,1,2,6,2758,85,99,-14,2744,3962739132.366213,98280747.1816116,164661763.26669204,-66381016.08508043,3896358116.281132,0.0358955765047135,0.9641044234952864,10,7,0,Cần kiểm tra,2026-06-14
154,10,1,2,6,2744,372,33,339,3083,3896358116.281132,527641206.2156746,51160635.574378125,476480570.6412965,4372838686.922429,0.0120262390670553,0.9879737609329446,0,0,0,Đạt,2026-06-14
155,11,1,2,6,3083,422,31,391,3474,4372838686.922429,676291956.7437342,48996517.23351329,627295439.510221,5000134126.43265,0.0100551410963347,0.9899448589036652,0,0,0,Đạt,2026-06-14
156,12,1,2,6,3474,441,153,288,3762,5000134126.43265,533104029.0091586,246813830.0182929,286290198.9908657,5286424325.423515,0.044041450777202,0.955958549222798,0,0,0,Đạt,2026-06-14
157,1,1,2,7,3924,39,258,-219,3705,18707035134.704296,216049782.81572676,1246665377.2591386,-1030615594.4434118,17676419540.260883,0.0657492354740061,0.934250764525994,2,0,5,Cần kiểm tra,2026-06-14
158,2,1,2,7,3705,363,148,215,3920,17676419540.260883,1698669623.734738,815899277.9436979,882770345.7910402,18559189886.05192,0.0399460188933873,0.9600539811066128,1,0,2,Cần kiểm tra,2026-06-14
159,3,1,2,7,3920,512,186,326,4246,18559189886.05192,2126692412.0857935,927200025.3193471,1199492386.7664466,19758682272.818367,0.0474489795918367,0.9525510204081632,0,0,0,Đạt,2026-06-14
160,4,1,2,7,4246,530,128,402,4648,19758682272.818367,2208144788.940917,609709634.9303807,1598435154.0105362,21357117426.828903,0.0301460197833254,0.9698539802166746,0,0,0,Đạt,2026-06-14
161,5,1,2,7,4648,155,319,-164,4484,21357117426.828903,650944676.5819592,1412584336.973661,-761639660.3917017,20595477766.4372,0.0686316695352839,0.931368330464716,0,0,0,Đạt,2026-06-14
162,6,1,2,7,4484,331,314,17,4501,20595477766.4372,1756479719.9288256,1710734212.381819,45745507.54700661,20641223273.984207,0.0700267618198037,0.9299732381801964,0,0,0,Đạt,2026-06-14
163,7,1,2,7,4501,398,434,-36,4465,20641223273.984207,1628525570.479047,2034303331.7753808,-405777761.2963336,20235445512.687878,0.0964230171073094,0.9035769828926904,0,0,0,Đạt,2026-06-14
164,8,1,2,7,4465,474,151,323,4788,20235445512.687878,1821071492.1524343,782818104.0132557,1038253388.1391788,21273698900.827053,0.0338185890257558,0.966181410974244,0,0,0,Đạt,2026-06-14
165,9,1,2,7,4788,116,160,-44,4744,21273698900.827053,476138533.769859,810321181.5008073,-334182647.73094827,20939516253.096104,0.0334168755221386,0.9665831244778612,0,0,0,Đạt,2026-06-14
166,10,1,2,7,4744,553,420,133,4877,20939516253.096104,2654561237.193482,2348916404.3655705,305644832.8279114,21245161085.92401,0.0885328836424957,0.9114671163575042,4,0,0,Cần kiểm tra,2026-06-14
167,11,1,2,7,4877,566,400,166,5043,21245161085.92401,2961351228.3906865,2049397918.1753216,911953310.2153648,22157114396.13938,0.0820176337912651,0.9179823662087347,0,0,0,Đạt,2026-06-14
168,12,1,2,7,5043,551,274,277,5320,22157114396.13938,2362379506.6326413,1285173408.4806323,1077206098.1520088,23234320494.29139,0.0543327384493357,0.9456672615506644,0,0,0,Đạt,2026-06-14
169,1,1,3,1,3317,263,227,36,3353,10415805474.660278,800704471.947639,725953337.2503837,74751134.69725525,10490556609.357534,0.0684353331323485,0.9315646668676516,0,0,0,Đạt,2026-06-14
170,2,1,3,1,3353,173,69,104,3457,10490556609.357534,623924259.554355,188610155.2941507,435314104.2602043,10925870713.61774,0.0205785863405905,0.9794214136594096,0,0,0,Đạt,2026-06-14
171,3,1,3,1,3457,82,210,-128,3329,10925870713.61774,273623837.2213176,606841742.8546169,-333217905.6332993,10592652807.98444,0.0607463118310674,0.9392536881689326,0,0,0,Đạt,2026-06-14
172,4,1,3,1,3329,181,268,-87,3242,10592652807.98444,599866027.3038933,702596778.9251949,-102730751.62130152,10489922056.363138,0.0805046560528687,0.9194953439471312,0,0,0,Đạt,2026-06-14
173,5,1,3,1,3242,461,284,177,3419,10489922056.363138,1556304388.8459723,929433136.328252,626871252.5177206,11116793308.88086,0.0876002467612584,0.9123997532387416,0,0,0,Đạt,2026-06-14
174,6,1,3,1,3419,502,184,318,3737,11116793308.88086,1850392934.3821423,538836858.4168048,1311556075.9653375,12428349384.846195,0.0538169055279321,0.9461830944720678,0,0,0,Đạt,2026-06-14
175,7,1,3,1,3737,372,136,236,3973,12428349384.846195,1276060136.3358176,456247032.4235904,819813103.9122272,13248162488.758425,0.0363928284720363,0.9636071715279636,0,0,0,Đạt,2026-06-14
176,8,1,3,1,3973,380,294,86,4059,13248162488.758425,1323209541.379215,1089313045.4016368,233896495.97757816,13482058984.736004,0.0739994966020639,0.926000503397936,0,0,0,Đạt,2026-06-14
177,9,1,3,1,4059,276,391,-115,3944,13482058984.736004,905160721.9003392,1249997920.0671797,-344837198.16684043,13137221786.569164,0.0963291451096329,0.9036708548903672,0,0,0,Đạt,2026-06-14
178,10,1,3,1,3944,228,87,141,4085,13137221786.569164,594696211.484552,235328014.6787626,359368196.8057894,13496589983.374954,0.0220588235294117,0.9779411764705882,0,0,0,Đạt,2026-06-14
179,11,1,3,1,4085,353,76,277,4362,13496589983.374954,1029903978.6948591,284640450.0256567,745263528.6692024,14241853512.044155,0.0186046511627906,0.9813953488372094,0,0,0,Đạt,2026-06-14
180,12,1,3,1,4362,389,147,242,4604,14241853512.044155,1372038314.1339257,429345602.5929511,942692711.5409746,15184546223.585133,0.0337001375515818,0.966299862448418,0,0,0,Đạt,2026-06-14
181,1,1,3,2,2338,293,184,109,2447,9463293065.400251,1147792708.680493,649616857.6625689,498175851.0179242,9961468916.418177,0.078699743370402,0.921300256629598,0,0,0,Đạt,2026-06-14
182,2,1,3,2,2447,278,103,175,2622,9961468916.418177,1131053256.351715,412230758.70189655,718822497.6498188,10680291414.067991,0.0420923579893747,0.9579076420106252,0,0,0,Đạt,2026-06-14
183,3,1,3,2,2622,389,250,139,2761,10680291414.067991,1314597314.930276,820957838.121908,493639476.808368,11173930890.876362,0.09534706331045,0.90465293668955,0,0,0,Đạt,2026-06-14
184,4,1,3,2,2761,342,32,310,3071,11173930890.876362,1405256970.2754824,138398932.21890965,1266858038.056573,12440788928.932934,0.0115900036218761,0.988409996378124,0,0,0,Đạt,2026-06-14
185,5,1,3,2,3071,341,34,307,3378,12440788928.932934,1647856273.8403676,132729794.94245976,1515126478.8979075,13955915407.83084,0.0110713122761315,0.9889286877238684,0,0,0,Đạt,2026-06-14
186,6,1,3,2,3378,380,238,142,3520,13955915407.83084,1480000878.978301,901557616.292287,578443262.686014,14534358670.516855,0.0704558910597987,0.9295441089402012,10,0,1,Cần kiểm tra,2026-06-14
187,7,1,3,2,3520,376,283,93,3613,14534358670.516855,1790363564.5407455,980699367.5385813,809664197.0021645,15344022867.51902,0.0803977272727272,0.9196022727272728,0,0,0,Đạt,2026-06-14
188,8,1,3,2,3613,486,117,369,3982,15344022867.51902,2280266068.9846654,480607652.7503023,1799658416.234363,17143681283.753384,0.0323830611680044,0.9676169388319956,0,0,0,Đạt,2026-06-14
189,9,1,3,2,3982,378,85,293,4275,17143681283.753384,1337221253.9371274,321188879.03653204,1016032374.9005952,18159713658.65398,0.0213460572576594,0.9786539427423404,0,0,0,Đạt,2026-06-14
190,10,1,3,2,4275,377,79,298,4573,18159713658.65398,1441742131.828312,371374323.87680167,1070367807.9515102,19230081466.60549,0.0184795321637426,0.9815204678362572,0,0,0,Đạt,2026-06-14
191,11,1,3,2,4573,500,372,128,4701,19230081466.60549,1688622459.198671,1367421036.847788,321201422.35088325,19551282888.95637,0.0813470369560463,0.9186529630439536,0,0,0,Đạt,2026-06-14
192,12,1,3,2,4701,656,396,260,4961,19551282888.95637,2723858829.320299,1339019790.7683778,1384839038.5519214,20936121927.508297,0.0842373962986598,0.91576260370134,0,0,0,Đạt,2026-06-14
193,1,1,3,3,3674,325,341,-16,3658,8533770939.10275,817610106.9487476,800137795.2152095,17472311.73353815,8551243250.836288,0.092814371257485,0.907185628742515,0,0,0,Đạt,2026-06-14
194,2,1,3,3,3658,330,361,-31,3627,8551243250.836288,676286900.3334615,815571573.7366127,-139284673.40315115,8411958577.433137,0.0986878075451066,0.9013121924548934,0,0,0,Đạt,2026-06-14
195,3,1,3,3,3627,285,266,19,3646,8411958577.433137,539545962.5731463,525850406.4265489,13695556.146597443,8425654133.579735,0.0733388475323959,0.926661152467604,0,0,0,Đạt,2026-06-14
196,4,1,3,3,3646,525,226,299,3945,8425654133.579735,1015737944.4810096,476557185.5825483,539180758.8984611,8964834892.478195,0.0619857377948436,0.9380142622051564,0,0,0,Đạt,2026-06-14
197,5,1,3,3,3945,465,204,261,4206,8964834892.478195,969308538.5113544,395035044.7527867,574273493.7585676,9539108386.236765,0.0517110266159695,0.9482889733840304,0,0,0,Đạt,2026-06-14
198,6,1,3,3,4206,86,298,-212,3994,9539108386.236765,201903457.2459632,709878105.351048,-507974648.1050848,9031133738.131678,0.0708511650023775,0.9291488349976224,0,0,0,Đạt,2026-06-14
199,7,1,3,3,3994,160,276,-116,3878,9031133738.131678,350741317.58793616,548947703.0724525,-198206385.4845164,8832927352.647161,0.0691036554832248,0.9308963445167752,0,0,0,Đạt,2026-06-14
200,8,1,3,3,3878,449,205,244,4122,8832927352.647161,1004166506.1266063,450222620.0706772,553943886.0559292,9386871238.70309,0.0528623001547189,0.9471376998452812,0,0,0,Đạt,2026-06-14
201,9,1,3,3,4122,486,142,344,4466,9386871238.70309,1135901767.5553873,362918108.265345,772983659.2900423,10159854897.993134,0.03444929645803,0.96555070354197,0,0,0,Đạt,2026-06-14
202,10,1,3,3,4466,325,382,-57,4409,10159854897.993134,690395298.5514463,901366821.8542316,-210971523.3027852,9948883374.690348,0.0855351545006717,0.9144648454993284,0,0,0,Đạt,2026-06-14
203,11,1,3,3,4409,268,402,-134,4275,9948883374.690348,516476147.62735873,1067422486.400935,-550946338.7735763,9397937035.91677,0.0911771376729417,0.9088228623270584,0,0,0,Đạt,2026-06-14
204,12,1,3,3,4275,423,410,13,4288,9397937035.91677,848092713.6541077,764828138.6228849,83264575.03122282,9481201610.947994,0.095906432748538,0.904093567251462,0,0,0,Đạt,2026-06-14
205,1,1,3,4,3387,224,325,-101,3286,7848189250.708284,555950435.0863072,799355288.6905221,-243404853.6042149,7604784397.10407,0.0959551225273103,0.9040448774726896,0,0,0,Đạt,2026-06-14
206,2,1,3,4,3286,173,191,-18,3268,7604784397.10407,363108641.6346554,453169587.2642644,-90060945.62960893,7514723451.474461,0.0581253804017042,0.9418746195982958,0,0,0,Đạt,2026-06-14
207,3,1,3,4,3268,348,249,99,3367,7514723451.474461,934422994.9415572,601945001.2324381,332477993.7091192,7847201445.183579,0.0761933904528763,0.9238066095471236,0,0,0,Đạt,2026-06-14
208,4,1,3,4,3367,265,243,22,3389,7847201445.183579,669618413.985205,611854123.66234,57764290.32286501,7904965735.506445,0.0721710721710721,0.9278289278289278,0,0,0,Đạt,2026-06-14
209,5,1,3,4,3389,38,280,-242,3147,7904965735.506445,101327182.60028984,528854376.6245065,-427527194.0242167,7477438541.482228,0.08262024195928,0.91737975804072,0,0,0,Đạt,2026-06-14
210,6,1,3,4,3147,157,164,-7,3140,7477438541.482228,423276753.31782806,316679402.52688473,106597350.79094332,7584035892.273171,0.0521131236097871,0.9478868763902129,0,0,0,Đạt,2026-06-14
211,7,1,3,4,3140,283,252,31,3171,7584035892.273171,660614492.5340943,589324383.2830535,71290109.25104082,7655326001.524212,0.0802547770700636,0.9197452229299364,0,0,0,Đạt,2026-06-14
212,8,1,3,4,3171,296,75,221,3392,7655326001.524212,557434762.1926315,185484257.1169323,371950505.0756992,8027276506.599911,0.0236518448438978,0.9763481551561022,0,0,0,Đạt,2026-06-14
213,9,1,3,4,3392,286,234,52,3444,8027276506.599911,685854571.967747,551258997.7182883,134595574.24945867,8161872080.849369,0.0689858490566037,0.9310141509433962,1,0,4,Cần kiểm tra,2026-06-14
214,10,1,3,4,3444,358,221,137,3581,8161872080.849369,976751305.9474316,600925575.1049925,375825730.8424392,8537697811.691809,0.0641695702671312,0.9358304297328688,0,0,0,Đạt,2026-06-14
215,11,1,3,4,3581,456,283,173,3754,8537697811.691809,965548904.0999128,600117543.9822875,365431360.11762536,8903129171.809435,0.0790282044121753,0.9209717955878246,0,0,0,Đạt,2026-06-14
216,12,1,3,4,3754,181,318,-137,3617,8903129171.809435,427473598.0846725,713589123.1489698,-286115525.06429726,8617013646.745138,0.084709643047416,0.915290356952584,0,0,0,Đạt,2026-06-14
217,1,1,3,5,3986,83,282,-199,3787,6417773472.872533,123155808.86857156,364600094.2013602,-241444285.33278865,6176329187.539744,0.070747616658304,0.929252383341696,0,0,0,Đạt,2026-06-14
218,2,1,3,5,3787,124,266,-142,3645,6176329187.539744,185594635.1219877,450706923.9919512,-265112288.86996356,5911216898.669781,0.0702402957486136,0.9297597042513864,0,0,0,Đạt,2026-06-14
219,3,1,3,5,3645,222,79,143,3788,5911216898.669781,354896947.3880069,137011614.83659905,217885332.55140787,6129102231.221189,0.021673525377229,0.9783264746227708,6,5,0,Cần kiểm tra,2026-06-14
220,4,1,3,5,3788,432,173,259,4047,6129102231.221189,632367262.1792724,327768772.6761923,304598489.5030801,6433700720.724269,0.0456705385427666,0.9543294614572334,0,0,0,Đạt,2026-06-14
221,5,1,3,5,4047,500,80,420,4467,6433700720.724269,697103716.439713,140438895.4436774,556664820.9960356,6990365541.7203045,0.0197677291821102,0.9802322708178898,0,0,0,Đạt,2026-06-14
222,6,1,3,5,4467,249,271,-22,4445,6990365541.7203045,331248631.69118047,407986858.2565822,-76738226.56540173,6913627315.154902,0.0606671143944481,0.9393328856055518,0,0,0,Đạt,2026-06-14
223,7,1,3,5,4445,412,322,90,4535,6913627315.154902,609641650.0595247,598122888.3762743,11518761.683250308,6925146076.838153,0.0724409448818897,0.9275590551181102,0,0,0,Đạt,2026-06-14
224,8,1,3,5,4535,335,357,-22,4513,6925146076.838153,555834133.3004228,470770409.50571936,85063723.79470342,7010209800.632856,0.0787210584343991,0.9212789415656008,0,0,0,Đạt,2026-06-14
225,9,1,3,5,4513,638,119,519,5032,7010209800.632856,1166915156.4079466,179706060.46006206,987209095.9478846,7997418896.580741,0.0263682694438289,0.973631730556171,0,0,0,Đạt,2026-06-14
226,10,1,3,5,5032,405,138,267,5299,7997418896.580741,649021298.5073062,189521226.7158294,459500071.7914769,8456918968.372218,0.0274244833068362,0.9725755166931638,0,0,0,Đạt,2026-06-14
227,11,1,3,5,5299,217,464,-247,5052,8456918968.372218,412453444.202731,824312246.4849588,-411858802.28222775,8045060166.089991,0.0875636912625023,0.9124363087374976,0,0,0,Đạt,2026-06-14
228,12,1,3,5,5052,554,359,195,5247,8045060166.089991,747132056.5967798,481670808.1254416,265461248.4713382,8310521414.561329,0.0710609659540776,0.9289390340459224,0,0,0,Đạt,2026-06-14
229,1,1,3,6,3790,225,49,176,3966,15548725180.812138,762366416.9561588,200362446.39528176,562003970.560877,16110729151.373014,0.0129287598944591,0.9870712401055408,0,0,0,Đạt,2026-06-14
230,2,1,3,6,3966,341,286,55,4021,16110729151.373014,1355106573.597261,1200181723.7526152,154924849.84464574,16265654001.21766,0.0721129601613716,0.9278870398386284,4,0,0,Cần kiểm tra,2026-06-14
231,3,1,3,6,4021,133,345,-212,3809,16265654001.21766,589383305.3019435,1505497696.3495097,-916114391.0475662,15349539610.170095,0.0857995523501616,0.9142004476498384,0,0,0,Đạt,2026-06-14
232,4,1,3,6,3809,374,236,138,3947,15349539610.170095,1593495323.6314268,783098168.6507198,810397154.980707,16159936765.150805,0.0619585192964032,0.9380414807035968,0,0,0,Đạt,2026-06-14
233,5,1,3,6,3947,579,262,317,4264,16159936765.150805,2688138615.04246,1100591038.323902,1587547576.718558,17747484341.86936,0.0663795287560172,0.9336204712439828,0,0,0,Đạt,2026-06-14
234,6,1,3,6,4264,229,310,-81,4183,17747484341.86936,1033464489.4107224,1103394837.9208505,-69930348.51012778,17677553993.359234,0.072701688555347,0.9272983114446528,0,0,0,Đạt,2026-06-14
235,7,1,3,6,4183,186,89,97,4280,17677553993.359234,697076776.8213737,428906741.8670373,268170034.9543364,17945724028.313572,0.0212765957446808,0.9787234042553192,0,0,0,Đạt,2026-06-14
236,8,1,3,6,4280,473,392,81,4361,17945724028.313572,1875589442.0787976,1870837877.4174876,4751564.661310196,17950475592.974884,0.0915887850467289,0.908411214953271,0,0,0,Đạt,2026-06-14
237,9,1,3,6,4361,203,98,105,4466,17950475592.974884,877498760.0964087,417819806.7640896,459678953.3323191,18410154546.3072,0.0224719101123595,0.9775280898876404,0,0,0,Đạt,2026-06-14
238,10,1,3,6,4466,540,389,151,4617,18410154546.3072,2523572236.197276,1352252604.4173126,1171319631.7799635,19581474178.08717,0.087102552619794,0.912897447380206,0,0,0,Đạt,2026-06-14
239,11,1,3,6,4617,76,304,-228,4389,19581474178.08717,290632125.30938697,1409868416.368082,-1119236291.058695,18462237887.02847,0.0658436213991769,0.934156378600823,0,0,0,Đạt,2026-06-14
240,12,1,3,6,4389,378,248,130,4519,18462237887.02847,1500711172.1192973,823662005.0462469,677049167.0730504,19139287054.10152,0.0565048986101617,0.9434951013898384,9,9,0,Cần kiểm tra,2026-06-14
241,1,1,3,7,3260,257,122,135,3395,11748175830.165705,976483208.0568204,375778074.7299006,600705133.3269198,12348880963.492622,0.0374233128834355,0.9625766871165644,0,0,0,Đạt,2026-06-14
242,2,1,3,7,3395,78,113,-35,3360,12348880963.492622,232247769.4091162,433150077.9929541,-200902308.58383787,12147978654.908785,0.0332842415316642,0.9667157584683358,0,0,0,Đạt,2026-06-14
243,3,1,3,7,3360,450,35,415,3775,12147978654.908785,1376818362.3913493,125128378.66044945,1251689983.7308998,13399668638.639685,0.0104166666666666,0.9895833333333334,0,0,0,Đạt,2026-06-14
244,4,1,3,7,3775,222,275,-53,3722,13399668638.639685,661675894.9999057,843192607.9480425,-181516712.9481368,13218151925.691547,0.0728476821192053,0.9271523178807948,0,0,0,Đạt,2026-06-14
245,5,1,3,7,3722,255,85,170,3892,13218151925.691547,760841165.8092241,340644580.74611473,420196585.0631094,13638348510.754658,0.022837184309511,0.977162815690489,0,0,0,Đạt,2026-06-14
246,6,1,3,7,3892,73,384,-311,3581,13638348510.754658,240043409.94654977,1563109318.777851,-1323065908.8313012,12315282601.923355,0.0986639260020555,0.9013360739979444,0,0,0,Đạt,2026-06-14
247,7,1,3,7,3581,434,96,338,3919,12315282601.923355,1771709178.035971,285045505.2021374,1486663672.8338337,13801946274.75719,0.0268081541468863,0.9731918458531136,0,0,0,Đạt,2026-06-14
248,8,1,3,7,3919,575,44,531,4450,13801946274.75719,2250405943.9154024,176902310.10337505,2073503633.8120277,15875449908.569218,0.0112273539168155,0.9887726460831844,0,0,0,Đạt,2026-06-14
249,9,1,3,7,4450,464,119,345,4795,15875449908.569218,1964975620.1128693,402042420.0166845,1562933200.0961847,17438383108.6654,0.0267415730337078,0.9732584269662922,0,0,0,Đạt,2026-06-14
250,10,1,3,7,4795,701,286,415,5210,17438383108.6654,2158777418.879425,905567317.235157,1253210101.6442685,18691593210.30967,0.059645464025026,0.940354535974974,0,0,0,Đạt,2026-06-14
251,11,1,3,7,5210,768,497,271,5481,18691593210.30967,2689583387.5657578,1791888279.873684,897695107.6920738,19589288318.001743,0.0953934740882917,0.9046065259117082,0,0,0,Đạt,2026-06-14
252,12,1,3,7,5481,306,447,-141,5340,19589288318.001743,1184378868.3888874,1586050081.681313,-401671213.2924256,19187617104.70932,0.0815544608648057,0.9184455391351944,0,0,0,Đạt,2026-06-14
253,1,1,4,1,2215,120,91,29,2244,9405428810.08171,533498155.5773836,457858691.1212735,75639464.45611012,9481068274.53782,0.0410835214446952,0.9589164785553048,10,0,5,Cần kiểm tra,2026-06-14
254,2,1,4,1,2244,181,91,90,2334,9481068274.53782,634187307.9280056,431022324.8135049,203164983.11450064,9684233257.65232,0.0405525846702317,0.9594474153297684,0,0,0,Đạt,2026-06-14
255,3,1,4,1,2334,63,167,-104,2230,9684233257.65232,283088506.0994716,730079294.7669727,-446990788.667501,9237242468.98482,0.0715509854327335,0.9284490145672664,0,0,0,Đạt,2026-06-14
256,4,1,4,1,2230,331,151,180,2410,9237242468.98482,1204729772.3146844,618030835.4114422,586698936.9032422,9823941405.888062,0.0677130044843049,0.932286995515695,0,0,0,Đạt,2026-06-14
257,5,1,4,1,2410,47,62,-15,2395,9823941405.888062,166340015.7329753,221589447.51263025,-55249431.77965492,9768691974.108406,0.0257261410788381,0.9742738589211618,0,0,0,Đạt,2026-06-14
258,6,1,4,1,2395,298,128,170,2565,9768691974.108406,1498827269.159968,584919209.0199604,913908060.1400076,10682600034.248411,0.0534446764091858,0.9465553235908142,0,0,0,Đạt,2026-06-14
259,7,1,4,1,2565,242,72,170,2735,10682600034.248411,1168478404.8237092,304644516.72394043,863833888.0997689,11546433922.348185,0.0280701754385964,0.9719298245614036,0,0,0,Đạt,2026-06-14
260,8,1,4,1,2735,194,76,118,2853,11546433922.348185,682008640.0753952,291015729.782532,390992910.2928633,11937426832.641048,0.0277879341864716,0.9722120658135284,8,0,0,Cần kiểm tra,2026-06-14
261,9,1,4,1,2853,171,118,53,2906,11937426832.641048,837434289.3905617,485575063.8750541,351859225.5155076,12289286058.156551,0.041359971959341,0.958640028040659,0,0,0,Đạt,2026-06-14
262,10,1,4,1,2906,270,75,195,3101,12289286058.156551,994159936.5693496,354555274.652237,639604661.9171126,12928890720.073666,0.0258086717136958,0.9741913282863042,0,0,0,Đạt,2026-06-14
263,11,1,4,1,3101,169,35,134,3235,12928890720.073666,577983685.7936299,141450215.546426,436533470.2472039,13365424190.32087,0.0112866817155756,0.9887133182844244,0,0,0,Đạt,2026-06-14
264,12,1,4,1,3235,473,191,282,3517,13365424190.32087,1641246473.6140811,901071561.0471272,740174912.5669539,14105599102.887823,0.0590417310664605,0.9409582689335394,0,0,0,Đạt,2026-06-14
265,1,1,4,2,3187,399,208,191,3378,7075777375.225576,993631107.0492176,477798054.9790034,515833052.0702143,7591610427.295791,0.0652651396297458,0.934734860370254,0,0,0,Đạt,2026-06-14
266,2,1,4,2,3378,349,270,79,3457,7591610427.295791,823248226.7350328,674500727.640436,148747499.09459674,7740357926.390388,0.0799289520426287,0.9200710479573712,0,0,0,Đạt,2026-06-14
267,3,1,4,2,3457,250,121,129,3586,7740357926.390388,643285003.6478101,243881750.87887773,399403252.76893234,8139761179.15932,0.0350014463407578,0.964998553659242,0,0,0,Đạt,2026-06-14
268,4,1,4,2,3586,236,204,32,3618,8139761179.15932,550098976.9412624,535396010.50866747,14702966.432594895,8154464145.591915,0.0568878973786949,0.9431121026213052,0,0,0,Đạt,2026-06-14
269,5,1,4,2,3618,175,68,107,3725,8154464145.591915,460650783.1791333,162928118.01570478,297722665.1634284,8452186810.755343,0.0187949143173023,0.9812050856826976,6,0,0,Cần kiểm tra,2026-06-14
270,6,1,4,2,3725,133,314,-181,3544,8452186810.755343,298582224.9649649,601357489.4172643,-302775264.4522994,8149411546.303044,0.0842953020134228,0.9157046979865772,8,5,0,Cần kiểm tra,2026-06-14
271,7,1,4,2,3544,280,259,21,3565,8149411546.303044,529951791.7456618,617956344.691165,-88004552.94550318,8061406993.357541,0.0730812641083521,0.926918735891648,0,0,0,Đạt,2026-06-14
272,8,1,4,2,3565,309,279,30,3595,8061406993.357541,662728026.5731578,741947838.1295196,-79219811.5563618,7982187181.801179,0.0782608695652174,0.9217391304347826,0,0,0,Đạt,2026-06-14
273,9,1,4,2,3595,506,297,209,3804,7982187181.801179,1317949405.623106,677232415.5256939,640716990.0974121,8622904171.89859,0.0826147426981919,0.917385257301808,0,0,0,Đạt,2026-06-14
274,10,1,4,2,3804,209,61,148,3952,8622904171.89859,454874203.6555335,156133538.0395078,298740665.6160257,8921644837.514616,0.0160357518401682,0.9839642481598316,0,0,0,Đạt,2026-06-14
275,11,1,4,2,3952,592,224,368,4320,8921644837.514616,1366829950.176009,587742660.7297752,779087289.4462337,9700732126.96085,0.0566801619433198,0.9433198380566802,0,0,0,Đạt,2026-06-14
276,12,1,4,2,4320,249,262,-13,4307,9700732126.96085,467211432.2904791,585778156.5213569,-118566724.23087782,9582165402.729973,0.0606481481481481,0.939351851851852,0,0,0,Đạt,2026-06-14
277,1,1,4,3,3683,407,359,48,3731,5122669634.774608,518567800.206961,439271504.6566154,79296295.5503456,5201965930.324953,0.0974748846049416,0.9025251153950584,9,0,0,Cần kiểm tra,2026-06-14
278,2,1,4,3,3731,498,48,450,4181,5201965930.324953,629391381.593651,66788009.54444164,562603372.0492094,5764569302.374163,0.0128651835968909,0.9871348164031092,0,0,0,Đạt,2026-06-14
279,3,1,4,3,4181,158,278,-120,4061,5764569302.374163,253599176.72360152,429095119.4932677,-175495942.7696662,5589073359.604496,0.066491270031093,0.933508729968907,0,0,0,Đạt,2026-06-14
280,4,1,4,3,4061,229,338,-109,3952,5589073359.604496,285011624.8374506,526190001.86581904,-241178377.0283684,5347894982.576128,0.0832307313469588,0.9167692686530412,0,0,0,Đạt,2026-06-14
281,5,1,4,3,3952,252,331,-79,3873,5347894982.576128,288651098.1166747,386307634.4054946,-97656536.28881992,5250238446.287308,0.0837550607287449,0.916244939271255,0,0,0,Đạt,2026-06-14
282,6,1,4,3,3873,218,385,-167,3706,5250238446.287308,284707950.5325967,547772077.9211289,-263064127.38853216,4987174318.898775,0.099406145107152,0.9005938548928479,0,0,0,Đạt,2026-06-14
283,7,1,4,3,3706,316,178,138,3844,4987174318.898775,455869689.9331944,260986077.30710027,194883612.62609407,5182057931.524869,0.048030221262817,0.9519697787371828,0,0,0,Đạt,2026-06-14
284,8,1,4,3,3844,140,265,-125,3719,5182057931.524869,233664114.3410309,324569300.4868364,-90905186.14580548,5091152745.379064,0.0689386056191467,0.9310613943808532,0,0,0,Đạt,2026-06-14
285,9,1,4,3,3719,71,93,-22,3697,5091152745.379064,114267055.50952868,105602281.57085273,8664773.938675955,5099817519.31774,0.0250067222371605,0.9749932777628396,0,0,0,Đạt,2026-06-14
286,10,1,4,3,3697,194,167,27,3724,5099817519.31774,243252583.9728072,210846287.92608795,32406296.046719223,5132223815.364459,0.0451717608872058,0.954828239112794,0,0,0,Đạt,2026-06-14
287,11,1,4,3,3724,141,174,-33,3691,5132223815.364459,159418938.7176879,274875318.066446,-115456379.3487581,5016767436.015701,0.0467239527389903,0.9532760472610096,4,1,0,Cần kiểm tra,2026-06-14
288,12,1,4,3,3691,340,54,286,3977,5016767436.015701,539479741.0347593,68261471.52743573,471218269.5073236,5487985705.523025,0.0146301815226225,0.9853698184773774,0,0,0,Đạt,2026-06-14
289,1,1,4,4,2715,295,244,51,2766,3440898821.3810987,395797323.0615659,253038154.17354316,142759168.88802275,3583657990.2691216,0.0898710865561694,0.9101289134438306,0,0,0,Đạt,2026-06-14
290,2,1,4,4,2766,357,51,306,3072,3583657990.2691216,520299721.6269684,57362686.7008249,462937034.92614347,4046595025.195265,0.0184381778741865,0.9815618221258134,0,0,0,Đạt,2026-06-14
291,3,1,4,4,3072,360,236,124,3196,4046595025.195265,409936307.08564776,346321505.6508297,63614801.43481809,4110209826.630084,0.0768229166666666,0.9231770833333334,0,0,0,Đạt,2026-06-14
292,4,1,4,4,3196,227,70,157,3353,4110209826.630084,294204521.29079086,93277040.0917966,200927481.19899425,4311137307.829078,0.0219023779724655,0.9780976220275344,0,0,0,Đạt,2026-06-14
293,5,1,4,4,3353,396,199,197,3550,4311137307.829078,459366804.32060623,275446610.5048123,183920193.81579396,4495057501.644872,0.05934983596779,0.94065016403221,0,0,0,Đạt,2026-06-14
294,6,1,4,4,3550,357,166,191,3741,4495057501.644872,523474925.6244818,208866320.4332969,314608605.19118494,4809666106.836057,0.0467605633802816,0.9532394366197184,0,0,0,Đạt,2026-06-14
295,7,1,4,4,3741,478,341,137,3878,4809666106.836057,644252609.5907373,361951498.3825365,282301111.2082009,5091967218.044257,0.0911520983694199,0.90884790163058,0,0,0,Đạt,2026-06-14
296,8,1,4,4,3878,352,138,214,4092,5091967218.044257,452952120.2707533,145356803.41203862,307595316.8587147,5399562534.902972,0.0355853532748839,0.964414646725116,0,0,0,Đạt,2026-06-14
297,9,1,4,4,4092,154,200,-46,4046,5399562534.902972,170936998.75384596,227406535.1415549,-56469536.38770893,5343092998.515264,0.0488758553274682,0.9511241446725318,0,0,0,Đạt,2026-06-14
298,10,1,4,4,4046,82,316,-234,3812,5343092998.515264,98262302.3569994,474109931.7532298,-375847629.3962304,4967245369.119033,0.0781018289668808,0.9218981710331192,0,0,0,Đạt,2026-06-14
299,11,1,4,4,3812,240,160,80,3892,4967245369.119033,349066979.75534314,239602409.36085024,109464570.3944929,5076709939.513526,0.0419727177334732,0.9580272822665268,0,0,0,Đạt,2026-06-14
300,12,1,4,4,3892,295,116,179,4071,5076709939.513526,415928736.0423933,129420082.70375451,286508653.3386388,5363218592.852165,0.0298047276464542,0.9701952723535456,0,0,0,Đạt,2026-06-14
301,1,1,4,5,2923,161,123,38,2961,10508507914.93103,592309627.9994774,525387983.57876456,66921644.42071283,10575429559.351744,0.0420800547382825,0.9579199452617174,0,0,0,Đạt,2026-06-14
302,2,1,4,5,2961,433,212,221,3182,10575429559.351744,1540276969.347137,722186168.0142692,818090801.3328677,11393520360.684612,0.0715974332995609,0.9284025667004392,0,0,0,Đạt,2026-06-14
303,3,1,4,5,3182,311,111,200,3382,11393520360.684612,952936537.6710676,332403868.7312173,620532668.9398501,12014053029.624462,0.0348837209302325,0.9651162790697676,0,0,0,Đạt,2026-06-14
304,4,1,4,5,3382,197,244,-47,3335,12014053029.624462,622734502.1784308,848149818.3642244,-225415316.18579364,11788637713.43867,0.0721466587817859,0.927853341218214,0,0,0,Đạt,2026-06-14
305,5,1,4,5,3335,46,240,-194,3141,11788637713.43867,185138014.6534642,816584285.1895684,-631446270.5361042,11157191442.902563,0.0719640179910044,0.9280359820089956,0,0,0,Đạt,2026-06-14
306,6,1,4,5,3141,62,302,-240,2901,11157191442.902563,264412192.0979518,1087453415.8943057,-823041223.7963539,10334150219.10621,0.0961477236548869,0.903852276345113,0,0,0,Đạt,2026-06-14
307,7,1,4,5,2901,318,33,285,3186,10334150219.10621,1241694958.427741,97982958.15090036,1143712000.2768407,11477862219.38305,0.0113753877973112,0.9886246122026888,0,0,0,Đạt,2026-06-14
308,8,1,4,5,3186,61,224,-163,3023,11477862219.38305,201963884.98163536,912466189.312294,-710502304.3306587,10767359915.052391,0.0703075957313245,0.9296924042686756,0,0,0,Đạt,2026-06-14
309,9,1,4,5,3023,251,40,211,3234,10767359915.052391,932240468.5898567,149628260.53133443,782612208.0585225,11549972123.110916,0.0132318888521336,0.9867681111478664,0,0,0,Đạt,2026-06-14
310,10,1,4,5,3234,306,44,262,3496,11549972123.110916,982993954.5340104,145243019.65571782,837750934.8782926,12387723057.989208,0.0136054421768707,0.9863945578231292,0,0,0,Đạt,2026-06-14
311,11,1,4,5,3496,512,165,347,3843,12387723057.989208,1481995705.3493547,670183743.2496789,811811962.0996759,13199535020.088884,0.0471967963386727,0.9528032036613272,0,0,0,Đạt,2026-06-14
312,12,1,4,5,3843,385,267,118,3961,13199535020.088884,1230577598.9488394,795956081.767413,434621517.1814264,13634156537.270311,0.0694769711163153,0.9305230288836848,0,0,0,Đạt,2026-06-14
313,1,1,4,6,3548,518,92,426,3974,14947497646.179989,2540208881.185003,452164806.9692124,2088044074.2157905,17035541720.395777,0.0259301014656144,0.9740698985343856,0,0,0,Đạt,2026-06-14
314,2,1,4,6,3974,502,207,295,4269,17035541720.395777,2333011262.8521194,782305936.0450516,1550705326.807068,18586247047.202843,0.0520885757423251,0.9479114242576748,0,0,0,Đạt,2026-06-14
315,3,1,4,6,4269,95,421,-326,3943,18586247047.202843,419075213.788411,2105323930.9989672,-1686248717.210556,16899998329.992289,0.0986179433122511,0.9013820566877488,0,0,0,Đạt,2026-06-14
316,4,1,4,6,3943,564,48,516,4459,16899998329.992289,2133088449.2844265,185012716.673736,1948075732.6106904,18848074062.602978,0.012173471975653,0.9878265280243468,0,0,0,Đạt,2026-06-14
317,5,1,4,6,4459,593,93,500,4959,18848074062.602978,2786257367.687857,345305872.64047706,2440951495.04738,21289025557.65036,0.020856694326082,0.979143305673918,0,0,0,Đạt,2026-06-14
318,6,1,4,6,4959,374,395,-21,4938,21289025557.65036,1483794842.539569,1924938239.8235824,-441143397.2840133,20847882160.366344,0.0796531558782012,0.9203468441217988,0,0,0,Đạt,2026-06-14
319,7,1,4,6,4938,434,146,288,5226,20847882160.366344,1889221680.1991496,549533448.6124016,1339688231.586748,22187570391.95309,0.029566626164439,0.9704333738355608,0,0,0,Đạt,2026-06-14
320,8,1,4,6,5226,72,91,-19,5207,22187570391.95309,262367651.4869685,383352633.0482183,-120984981.5612498,22066585410.39185,0.017412935323383,0.9825870646766168,0,0,0,Đạt,2026-06-14
321,9,1,4,6,5207,676,396,280,5487,22066585410.39185,2705694743.8250504,1798228398.419131,907466345.4059192,22974051755.797764,0.076051469176109,0.923948530823891,0,0,0,Đạt,2026-06-14
322,10,1,4,6,5487,284,190,94,5581,22974051755.797764,979221146.957975,826713824.6077528,152507322.35022223,23126559078.147987,0.0346273008930198,0.96537269910698,0,0,0,Đạt,2026-06-14
323,11,1,4,6,5581,603,142,461,6042,23126559078.147987,2183111782.141864,607317066.4644446,1575794715.6774187,24702353793.825405,0.0254434689123812,0.9745565310876187,0,0,0,Đạt,2026-06-14
324,12,1,4,6,6042,670,314,356,6398,24702353793.825405,2747336172.200863,1213469027.442839,1533867144.7580242,26236220938.583427,0.0519695465077788,0.9480304534922211,0,0,0,Đạt,2026-06-14
325,1,1,4,7,2097,104,198,-94,2003,3870631564.414309,208288252.73154017,338820037.4113472,-130531784.67980704,3740099779.734501,0.0944206008583691,0.9055793991416308,0,0,0,Đạt,2026-06-14
326,2,1,4,7,2003,157,55,102,2105,3740099779.734501,244475346.43417585,84202851.63478085,160272494.79939497,3900372274.533896,0.0274588117823265,0.9725411882176735,0,0,0,Đạt,2026-06-14
327,3,1,4,7,2105,237,201,36,2141,3900372274.533896,509060628.18756914,363335080.3299045,145725547.85766464,4046097822.391561,0.0954869358669833,0.9045130641330166,0,0,0,Đạt,2026-06-14
328,4,1,4,7,2141,116,78,38,2179,4046097822.391561,212493279.55865085,138377581.351083,74115698.20756784,4120213520.5991287,0.0364315740308267,0.9635684259691732,0,0,0,Đạt,2026-06-14
329,5,1,4,7,2179,183,107,76,2255,4120213520.5991287,363903638.80285376,195009801.4810877,168893837.32176605,4289107357.920895,0.0491050940798531,0.9508949059201468,0,0,0,Đạt,2026-06-14
330,6,1,4,7,2255,225,67,158,2413,4289107357.920895,448580564.8698913,141266985.17395782,307313579.69593346,4596420937.616828,0.0297117516629711,0.9702882483370288,0,0,0,Đạt,2026-06-14
331,7,1,4,7,2413,77,145,-68,2345,4596420937.616828,122088736.37697904,270477887.3927348,-148389151.01575577,4448031786.601072,0.0600911728139245,0.9399088271860754,0,0,0,Đạt,2026-06-14
332,8,1,4,7,2345,281,161,120,2465,4448031786.601072,600937689.2047443,345284668.5796989,255653020.62504545,4703684807.226118,0.0686567164179104,0.9313432835820896,0,0,0,Đạt,2026-06-14
333,9,1,4,7,2465,256,189,67,2532,4703684807.226118,560638440.4959337,392330146.6124024,168308293.88353127,4871993101.10965,0.0766734279918864,0.9233265720081136,0,0,0,Đạt,2026-06-14
334,10,1,4,7,2532,357,186,171,2703,4871993101.10965,760766481.3120694,349451020.7366497,411315460.5754197,5283308561.685069,0.0734597156398104,0.9265402843601896,0,0,0,Đạt,2026-06-14
335,11,1,4,7,2703,389,163,226,2929,5283308561.685069,595792431.5453681,346897031.41834635,248895400.12702173,5532203961.812091,0.0603033666296707,0.9396966333703292,0,0,0,Đạt,2026-06-14
336,12,1,4,7,2929,330,85,245,3174,5532203961.812091,520923178.59209967,131692860.34017213,389230318.2519276,5921434280.064018,0.0290201433936497,0.9709798566063504,0,0,0,Đạt,2026-06-14
337,1,1,5,1,2832,124,204,-80,2752,7458199926.790932,390702921.2565038,561156094.0697435,-170453172.8132397,7287746753.977692,0.0720338983050847,0.9279661016949152,0,0,0,Đạt,2026-06-14
338,2,1,5,1,2752,134,203,-69,2683,7287746753.977692,381261340.6173716,629804058.79492,-248542718.1775484,7039204035.800143,0.0737645348837209,0.9262354651162792,0,0,0,Đạt,2026-06-14
339,3,1,5,1,2683,169,79,90,2773,7039204035.800143,370901114.6356641,173899653.19999197,197001461.43567213,7236205497.235815,0.0294446515095042,0.9705553484904956,0,0,0,Đạt,2026-06-14
340,4,1,5,1,2773,255,153,102,2875,7236205497.235815,730515138.5234498,424874440.31586057,305640698.2075892,7541846195.443404,0.0551749008294266,0.9448250991705732,0,0,0,Đạt,2026-06-14
341,5,1,5,1,2875,187,206,-19,2856,7541846195.443404,408685571.93905663,627600103.955692,-218914532.01663545,7322931663.426769,0.0716521739130434,0.9283478260869564,2,0,0,Cần kiểm tra,2026-06-14
342,6,1,5,1,2856,134,50,84,2940,7322931663.426769,381513724.80037975,145455205.703547,236058519.09683275,7558990182.523602,0.0175070028011204,0.9824929971988796,0,0,0,Đạt,2026-06-14
343,7,1,5,1,2940,320,74,246,3186,7558990182.523602,885074107.0099778,170198940.52494752,714875166.4850303,8273865349.008632,0.0251700680272108,0.9748299319727892,0,0,0,Đạt,2026-06-14
344,8,1,5,1,3186,123,51,72,3258,8273865349.008632,304603658.5798604,127553376.5886666,177050281.99119377,8450915630.9998255,0.0160075329566855,0.9839924670433144,0,0,0,Đạt,2026-06-14
345,9,1,5,1,3258,277,134,143,3401,8450915630.9998255,667248690.6723157,301567202.8772294,365681487.7950863,8816597118.794912,0.0411295273173726,0.9588704726826274,0,0,0,Đạt,2026-06-14
346,10,1,5,1,3401,338,39,299,3700,8816597118.794912,931630418.8625772,89984351.67963827,841646067.1829388,9658243185.977852,0.0114672155248456,0.9885327844751544,0,0,0,Đạt,2026-06-14
347,11,1,5,1,3700,104,307,-203,3497,9658243185.977852,249728983.39077008,795116440.4441983,-545387457.0534282,9112855728.924423,0.0829729729729729,0.917027027027027,0,0,0,Đạt,2026-06-14
348,12,1,5,1,3497,512,174,338,3835,9112855728.924423,1424558090.7429285,429693458.6113248,994864632.1316036,10107720361.056026,0.0497569345152988,0.9502430654847012,0,0,0,Đạt,2026-06-14
349,1,1,5,2,2335,35,150,-115,2220,11452130935.368229,170704854.2929955,775510847.3135729,-604805993.0205774,10847324942.347652,0.0642398286937901,0.9357601713062098,0,0,0,Đạt,2026-06-14
350,2,1,5,2,2220,82,70,12,2232,10847324942.347652,450245141.3023399,277467087.33411914,172778053.96822077,11020102996.315874,0.0315315315315315,0.9684684684684683,0,0,0,Đạt,2026-06-14
351,3,1,5,2,2232,172,208,-36,2196,11020102996.315874,852676749.8195753,860279038.8643103,-7602289.044734955,11012500707.27114,0.0931899641577061,0.906810035842294,0,0,0,Đạt,2026-06-14
352,4,1,5,2,2196,324,128,196,2392,11012500707.27114,1778029365.0079603,720077426.5457028,1057951938.4622576,12070452645.733397,0.058287795992714,0.941712204007286,0,0,0,Đạt,2026-06-14
353,5,1,5,2,2392,78,127,-49,2343,12070452645.733397,407390911.44942975,529900517.35504735,-122509605.9056176,11947943039.82778,0.0530936454849498,0.94690635451505,0,0,0,Đạt,2026-06-14
354,6,1,5,2,2343,183,117,66,2409,11947943039.82778,821725800.1781003,491183923.3670823,330541876.81101805,12278484916.638798,0.0499359795134443,0.9500640204865556,0,0,0,Đạt,2026-06-14
355,7,1,5,2,2409,258,171,87,2496,12278484916.638798,1441477814.7418685,950070351.013928,491407463.7279402,12769892380.366735,0.0709838107098381,0.9290161892901618,7,0,0,Cần kiểm tra,2026-06-14
356,8,1,5,2,2496,133,147,-14,2482,12769892380.366735,552730466.88052,594571447.4481536,-41840980.56763363,12728051399.799105,0.0588942307692307,0.9411057692307692,0,0,0,Đạt,2026-06-14
357,9,1,5,2,2482,102,80,22,2504,12728051399.799105,578935023.2440447,347201184.2025464,231733839.0414983,12959785238.8406,0.032232070910556,0.967767929089444,0,0,0,Đạt,2026-06-14
358,10,1,5,2,2504,370,228,142,2646,12959785238.8406,2043550354.7292304,1187608033.4901032,855942321.2391272,13815727560.079727,0.0910543130990415,0.9089456869009584,0,0,0,Đạt,2026-06-14
359,11,1,5,2,2646,358,162,196,2842,13815727560.079727,2078446828.4595184,846700056.4738573,1231746771.985661,15047474332.065388,0.0612244897959183,0.9387755102040816,0,0,0,Đạt,2026-06-14
360,12,1,5,2,2842,53,111,-58,2784,15047474332.065388,297176974.82669026,503386494.72002274,-206209519.89333248,14841264812.172054,0.0390570021111893,0.9609429978888108,0,0,0,Đạt,2026-06-14
361,1,1,5,3,3840,89,304,-215,3625,9573113731.933386,263372213.66909465,829596499.8626646,-566224286.1935699,9006889445.739817,0.0791666666666666,0.9208333333333334,0,0,0,Đạt,2026-06-14
362,2,1,5,3,3625,203,107,96,3721,9006889445.739817,441747493.3964931,281413349.4874154,160334143.9090777,9167223589.648895,0.0295172413793103,0.9704827586206896,0,0,0,Đạt,2026-06-14
363,3,1,5,3,3721,118,295,-177,3544,9167223589.648895,350722381.1762487,868694426.2458689,-517972045.0696202,8649251544.579275,0.0792797635044342,0.9207202364955656,0,0,0,Đạt,2026-06-14
364,4,1,5,3,3544,328,185,143,3687,8649251544.579275,977941481.9491214,450215201.8197348,527726280.12938654,9176977824.708662,0.0522009029345372,0.9477990970654628,0,0,0,Đạt,2026-06-14
365,5,1,5,3,3687,370,306,64,3751,9176977824.708662,1077659818.792328,766405255.2537268,311254563.5386013,9488232388.247265,0.0829943043124491,0.9170056956875507,0,0,0,Đạt,2026-06-14
366,6,1,5,3,3751,342,58,284,4035,9488232388.247265,695116719.3463961,132051039.61960465,563065679.7267915,10051298067.974054,0.0154625433217808,0.9845374566782192,0,0,0,Đạt,2026-06-14
367,7,1,5,3,4035,605,221,384,4419,10051298067.974054,1547278269.27822,631420456.9414093,915857812.3368106,10967155880.310863,0.0547707558859975,0.9452292441140024,0,0,0,Đạt,2026-06-14
368,8,1,5,3,4419,300,418,-118,4301,10967155880.310863,674397434.612584,929535413.2866015,-255137978.67401767,10712017901.636848,0.09459153654673,0.90540846345327,0,0,0,Đạt,2026-06-14
369,9,1,5,3,4301,638,276,362,4663,10712017901.636848,1550081346.4882324,584313536.9561982,965767809.5320342,11677785711.168882,0.0641711229946524,0.9358288770053476,0,0,0,Đạt,2026-06-14
370,10,1,5,3,4663,174,235,-61,4602,11677785711.168882,511632892.0198814,634511984.6815586,-122879092.66167718,11554906618.507206,0.0503967402959468,0.9496032597040532,0,0,0,Đạt,2026-06-14
371,11,1,5,3,4602,550,218,332,4934,11554906618.507206,1466967393.8560903,590964752.3018317,876002641.5542586,12430909260.061464,0.0473707083876575,0.9526292916123424,0,0,0,Đạt,2026-06-14
372,12,1,5,3,4934,485,411,74,5008,12430909260.061464,1170689597.8467066,1082275188.8913443,88414408.95536208,12519323669.016829,0.0832995541143088,0.9167004458856912,0,0,0,Đạt,2026-06-14
373,1,1,5,4,3403,187,249,-62,3341,15151744236.609098,737384830.3018858,1022936192.896246,-285551362.5943601,14866192874.014738,0.073170731707317,0.926829268292683,0,0,0,Đạt,2026-06-14
374,2,1,5,4,3341,114,121,-7,3334,14866192874.014738,438721487.624078,615097439.5560383,-176375951.93196028,14689816922.082775,0.0362167015863513,0.9637832984136486,0,0,0,Đạt,2026-06-14
375,3,1,5,4,3334,292,126,166,3500,14689816922.082775,1075158900.424581,655959809.1284667,419199091.2961143,15109016013.378893,0.0377924415116976,0.9622075584883024,0,0,0,Đạt,2026-06-14
376,4,1,5,4,3500,331,199,132,3632,15109016013.378893,1302511916.0856743,803712378.8920292,498799537.19364536,15607815550.572536,0.0568571428571428,0.9431428571428572,0,0,0,Đạt,2026-06-14
377,5,1,5,4,3632,121,255,-134,3498,15607815550.572536,506633465.96225977,1037583372.3817216,-530949906.419462,15076865644.153074,0.0702092511013215,0.9297907488986784,0,0,0,Đạt,2026-06-14
378,6,1,5,4,3498,449,239,210,3708,15076865644.153074,2181461080.702119,947649896.7221605,1233811183.9799583,16310676828.133034,0.0683247570040022,0.9316752429959976,0,0,0,Đạt,2026-06-14
379,7,1,5,4,3708,93,170,-77,3631,16310676828.133034,418044356.2242127,633429338.9528896,-215384982.7286769,16095291845.404356,0.0458468176914778,0.954153182308522,0,0,0,Đạt,2026-06-14
380,8,1,5,4,3631,76,259,-183,3448,16095291845.404356,300828352.21433884,1074932832.6927936,-774104480.4784548,15321187364.9259,0.0713302120627926,0.9286697879372072,0,0,0,Đạt,2026-06-14
381,9,1,5,4,3448,447,153,294,3742,15321187364.9259,2375321380.2751737,789459552.8278044,1585861827.447369,16907049192.37327,0.0443735498839907,0.9556264501160092,0,0,0,Đạt,2026-06-14
382,10,1,5,4,3742,445,182,263,4005,16907049192.37327,1924170603.020868,721143322.7945539,1203027280.2263136,18110076472.599583,0.048637092463923,0.951362907536077,0,0,0,Đạt,2026-06-14
383,11,1,5,4,4005,329,233,96,4101,18110076472.599583,1250890682.160022,1227185569.8318183,23705112.32820368,18133781584.927788,0.0581772784019975,0.9418227215980024,0,0,0,Đạt,2026-06-14
384,12,1,5,4,4101,214,237,-23,4078,18133781584.927788,997350278.090302,1077347620.1536305,-79997342.06332827,18053784242.86446,0.057790782735918,0.942209217264082,0,0,0,Đạt,2026-06-14
385,1,1,5,5,3730,539,359,180,3910,4821698742.645979,700794010.0511049,437557645.3543859,263236364.696719,5084935107.342698,0.0962466487935656,0.9037533512064344,0,0,0,Đạt,2026-06-14
386,2,1,5,5,3910,301,186,115,4025,5084935107.342698,385034185.11066127,258646430.61901912,126387754.49164216,5211322861.83434,0.0475703324808184,0.9524296675191816,0,0,0,Đạt,2026-06-14
387,3,1,5,5,4025,196,243,-47,3978,5211322861.83434,277754378.5097712,354553907.0000183,-76799528.49024713,5134523333.344093,0.0603726708074534,0.9396273291925464,0,0,0,Đạt,2026-06-14
388,4,1,5,5,3978,222,138,84,4062,5134523333.344093,319834198.6575817,170387167.16930962,149447031.48827207,5283970364.832365,0.0346907993966817,0.9653092006033184,0,0,0,Đạt,2026-06-14
389,5,1,5,5,4062,514,404,110,4172,5283970364.832365,732994722.7194535,421315449.2919859,311679273.4274675,5595649638.259832,0.0994583948793697,0.9005416051206302,0,0,0,Đạt,2026-06-14
390,6,1,5,5,4172,554,289,265,4437,5595649638.259832,794163657.5953714,416973145.6779035,377190511.9174679,5972840150.1773,0.0692713326941514,0.9307286673058484,0,0,0,Đạt,2026-06-14
391,7,1,5,5,4437,242,384,-142,4295,5972840150.1773,253233996.15591,539244024.8542428,-286010028.6983328,5686830121.478968,0.0865449628127112,0.9134550371872888,0,0,0,Đạt,2026-06-14
392,8,1,5,5,4295,246,372,-126,4169,5686830121.478968,282593782.2620882,540229661.8457779,-257635879.5836897,5429194241.895278,0.0866123399301513,0.9133876600698486,0,0,0,Đạt,2026-06-14
393,9,1,5,5,4169,623,299,324,4493,5429194241.895278,926702181.3975143,316623758.5901216,610078422.8073928,6039272664.702671,0.0717198368913408,0.9282801631086592,0,0,0,Đạt,2026-06-14
394,10,1,5,5,4493,199,264,-65,4428,6039272664.702671,208340961.0219157,383690974.599803,-175350013.57788727,5863922651.124784,0.0587580681059425,0.9412419318940576,0,0,0,Đạt,2026-06-14
395,11,1,5,5,4428,44,408,-364,4064,5863922651.124784,46084305.60682455,579355826.6724105,-533271521.065586,5330651130.059197,0.0921409214092141,0.907859078590786,0,0,0,Đạt,2026-06-14
396,12,1,5,5,4064,181,240,-59,4005,5330651130.059197,189234983.54027227,362260203.919054,-173025220.3787817,5157625909.680416,0.0590551181102362,0.9409448818897638,0,0,0,Đạt,2026-06-14
397,1,1,5,6,3495,149,267,-118,3377,5182699269.463386,194922316.65100527,434618049.78643054,-239695733.13542527,4943003536.32796,0.0763948497854077,0.9236051502145924,0,0,0,Đạt,2026-06-14
398,2,1,5,6,3377,261,245,16,3393,4943003536.32796,385469762.3888904,315987974.6521747,69481787.73671567,5012485324.064675,0.0725496002368966,0.9274503997631034,0,0,0,Đạt,2026-06-14
399,3,1,5,6,3393,470,214,256,3649,5012485324.064675,566095175.3479867,328909323.0741874,237185852.2737993,5249671176.338474,0.0630710285882699,0.93692897141173,0,0,0,Đạt,2026-06-14
400,4,1,5,6,3649,446,299,147,3796,5249671176.338474,653396829.2531105,531951307.6776789,121445521.57543164,5371116697.913906,0.0819402576048232,0.9180597423951768,0,0,0,Đạt,2026-06-14
401,5,1,5,6,3796,176,187,-11,3785,5371116697.913906,305650025.3261575,320899380.8768929,-15249355.550735414,5355867342.363171,0.0492623814541622,0.9507376185458376,0,0,0,Đạt,2026-06-14
402,6,1,5,6,3785,426,342,84,3869,5355867342.363171,602820848.0137017,594304793.4071509,8516054.606550813,5364383396.969722,0.0903566710700132,0.9096433289299868,10,8,0,Cần kiểm tra,2026-06-14
403,7,1,5,6,3869,520,307,213,4082,5364383396.969722,901248912.7894064,416809799.206418,484439113.58298856,5848822510.552711,0.0793486689066942,0.9206513310933058,0,0,0,Đạt,2026-06-14
404,8,1,5,6,4082,590,143,447,4529,5848822510.552711,754198467.4561687,210321114.73572287,543877352.7204458,6392699863.273156,0.0350318471337579,0.964968152866242,0,0,0,Đạt,2026-06-14
405,9,1,5,6,4529,125,401,-276,4253,6392699863.273156,166854680.12751538,572786362.5172472,-405931682.3897318,5986768180.883425,0.0885405166703466,0.9114594833296532,10,0,0,Cần kiểm tra,2026-06-14
406,10,1,5,6,4253,634,148,486,4739,5986768180.883425,1010746460.2170012,207612220.07338777,803134240.1436135,6789902421.027039,0.0347989654361627,0.9652010345638372,0,0,0,Đạt,2026-06-14
407,11,1,5,6,4739,235,90,145,4884,6789902421.027039,324529702.24106,125237997.59305398,199291704.648006,6989194125.675045,0.0189913483857353,0.9810086516142646,2,8,0,Cần kiểm tra,2026-06-14
408,12,1,5,6,4884,91,426,-335,4549,6989194125.675045,134999916.41196352,696445126.2466854,-561445209.8347218,6427748915.840323,0.0872235872235872,0.9127764127764127,0,0,0,Đạt,2026-06-14
409,1,1,5,7,3830,351,213,138,3968,18259999328.90665,1565925712.6294985,1021056648.5182016,544869064.111297,18804868393.017952,0.0556135770234986,0.9443864229765012,8,2,3,Cần kiểm tra,2026-06-14
410,2,1,5,7,3968,112,67,45,4013,18804868393.017952,572390020.8301482,362494964.097595,209895056.73255324,19014763449.750504,0.0168850806451612,0.9831149193548387,0,0,0,Đạt,2026-06-14
411,3,1,5,7,4013,566,160,406,4419,19014763449.750504,3087819864.1383414,773283640.304904,2314536223.833437,21329299673.583942,0.0398704211313232,0.9601295788686768,0,0,0,Đạt,2026-06-14
412,4,1,5,7,4419,98,219,-121,4298,21329299673.583942,459227265.4358808,1082492325.2761416,-623265059.8402607,20706034613.743683,0.0495587236931432,0.9504412763068568,0,0,0,Đạt,2026-06-14
413,5,1,5,7,4298,572,385,187,4485,20706034613.743683,2950619568.456638,1838201217.8818984,1112418350.5747397,21818452964.31842,0.0895765472312703,0.9104234527687296,0,0,0,Đạt,2026-06-14
414,6,1,5,7,4485,50,284,-234,4251,21818452964.31842,214851427.2165981,1585649056.382579,-1370797629.1659813,20447655335.15244,0.0633221850613155,0.9366778149386844,0,0,0,Đạt,2026-06-14
415,7,1,5,7,4251,272,237,35,4286,20447655335.15244,1227105729.7199938,1345472703.6531534,-118366973.9331596,20329288361.21928,0.0557515878616796,0.9442484121383204,0,0,0,Đạt,2026-06-14
416,8,1,5,7,4286,460,72,388,4674,20329288361.21928,2192735736.515513,378791482.1554965,1813944254.3600163,22143232615.579296,0.0167988800746616,0.9832011199253384,0,0,0,Đạt,2026-06-14
417,9,1,5,7,4674,400,78,322,4996,22143232615.579296,1774868304.7983568,336659518.4022564,1438208786.3961003,23581441401.975395,0.0166880616174582,0.9833119383825416,0,0,0,Đạt,2026-06-14
418,10,1,5,7,4996,699,252,447,5443,23581441401.975395,2946010766.736383,1294414259.213352,1651596507.523031,25233037909.498425,0.0504403522818254,0.9495596477181746,0,0,0,Đạt,2026-06-14
419,11,1,5,7,5443,322,328,-6,5437,25233037909.498425,1819844518.576023,1850689508.3689437,-30844989.79292035,25202192919.705505,0.0602608855410619,0.939739114458938,0,0,0,Đạt,2026-06-14
420,12,1,5,7,5437,588,409,179,5616,25202192919.705505,2813749514.845206,2261672328.1992,552077186.6460061,25754270106.351517,0.0752253080743056,0.9247746919256944,0,0,0,Đạt,2026-06-14
421,1,1,6,1,3703,527,113,414,4117,2803566390.8809505,361979996.5515902,87475129.18352035,274504867.3680699,3078071258.2490206,0.0305157980016203,0.9694842019983796,0,0,0,Đạt,2026-06-14
422,2,1,6,1,4117,415,291,124,4241,3078071258.2490206,304657877.8027688,236243496.21392027,68414381.58884856,3146485639.837869,0.0706825358270585,0.9293174641729416,0,0,0,Đạt,2026-06-14
423,3,1,6,1,4241,573,402,171,4412,3146485639.837869,460008482.5287484,320738371.7979124,139270110.73083603,3285755750.568705,0.0947889648667767,0.9052110351332232,0,0,0,Đạt,2026-06-14
424,4,1,6,1,4412,614,278,336,4748,3285755750.568705,462699881.52678055,170356753.96696717,292343127.5598134,3578098878.1285186,0.0630099728014505,0.9369900271985494,8,0,0,Cần kiểm tra,2026-06-14
425,5,1,6,1,4748,568,100,468,5216,3578098878.1285186,344705275.9153402,67131106.09448484,277574169.8208554,3855673047.949374,0.02106149957877,0.97893850042123,0,0,0,Đạt,2026-06-14
426,6,1,6,1,5216,737,494,243,5459,3855673047.949374,622309298.3690313,348338555.3693821,273970742.9996492,4129643790.9490232,0.0947085889570552,0.9052914110429447,0,0,0,Đạt,2026-06-14
427,7,1,6,1,5459,190,249,-59,5400,4129643790.9490232,148188576.3653572,171983458.7660612,-23794882.400704,4105848908.5483193,0.0456127495878366,0.9543872504121634,0,0,0,Đạt,2026-06-14
428,8,1,6,1,5400,740,401,339,5739,4105848908.5483193,558051892.1229393,245539554.54645723,312512337.5764821,4418361246.124802,0.0742592592592592,0.9257407407407408,0,0,0,Đạt,2026-06-14
429,9,1,6,1,5739,72,322,-250,5489,4418361246.124802,54649195.82303007,207001972.53274965,-152352776.7097196,4266008469.415082,0.0561073357727827,0.9438926642272172,0,0,0,Đạt,2026-06-14
430,10,1,6,1,5489,365,115,250,5739,4266008469.415082,248160604.1556281,76955104.76640917,171205499.38921893,4437213968.804301,0.0209509928948806,0.9790490071051192,0,0,0,Đạt,2026-06-14
431,11,1,6,1,5739,565,322,243,5982,4437213968.804301,480139078.6296364,274332080.57504654,205806998.0545898,4643020966.858892,0.0561073357727827,0.9438926642272172,0,0,0,Đạt,2026-06-14
432,12,1,6,1,5982,144,569,-425,5557,4643020966.858892,115880044.95300992,482619652.2777119,-366739607.324702,4276281359.534189,0.0951186894015379,0.904881310598462,0,0,0,Đạt,2026-06-14
433,1,1,6,2,3694,333,159,174,3868,16912457103.812922,1483095649.8262262,715125118.5072199,767970531.3190063,17680427635.131927,0.0430427720628045,0.9569572279371954,0,0,0,Đạt,2026-06-14
434,2,1,6,2,3868,500,258,242,4110,17680427635.131927,2588525584.5480022,1144558487.2499292,1443967097.298073,19124394732.43,0.0667011375387797,0.9332988624612204,0,0,0,Đạt,2026-06-14
435,3,1,6,2,4110,200,93,107,4217,19124394732.43,825113415.5126837,372878414.7584623,452235000.7542215,19576629733.184223,0.0226277372262773,0.9773722627737226,0,0,0,Đạt,2026-06-14
436,4,1,6,2,4217,602,346,256,4473,19576629733.184223,3167475302.064103,1667570641.5745704,1499904660.4895327,21076534393.67376,0.082048849893289,0.9179511501067108,0,0,0,Đạt,2026-06-14
437,5,1,6,2,4473,311,402,-91,4382,21076534393.67376,1437655264.099147,1901044946.5417,-463389682.442553,20613144711.2312,0.0898725687458081,0.9101274312541918,0,0,0,Đạt,2026-06-14
438,6,1,6,2,4382,286,60,226,4608,20613144711.2312,1370769021.4231453,257434860.66516632,1113334160.757979,21726478871.98918,0.0136923779096303,0.9863076220903696,0,0,0,Đạt,2026-06-14
439,7,1,6,2,4608,326,195,131,4739,21726478871.98918,1342569728.539009,723342250.8151078,619227477.7239015,22345706349.71308,0.0423177083333333,0.9576822916666666,6,0,0,Cần kiểm tra,2026-06-14
440,8,1,6,2,4739,180,88,92,4831,22345706349.71308,743764580.9483862,392900337.6514636,350864243.2969226,22696570593.01,0.0185693184216079,0.981430681578392,0,0,0,Đạt,2026-06-14
441,9,1,6,2,4831,300,338,-38,4793,22696570593.01,1254953391.9035342,1722256368.8650663,-467302976.9615324,22229267616.04847,0.0699648105982198,0.9300351894017802,0,0,0,Đạt,2026-06-14
442,10,1,6,2,4793,624,345,279,5072,22229267616.04847,2620876977.8964577,1482783576.137463,1138093401.7589943,23367361017.807465,0.0719799707907365,0.9280200292092636,0,0,0,Đạt,2026-06-14
443,11,1,6,2,5072,191,144,47,5119,23367361017.807465,987894973.186018,600297601.335561,387597371.85045695,23754958389.65792,0.028391167192429,0.9716088328075708,0,0,0,Đạt,2026-06-14
444,12,1,6,2,5119,751,442,309,5428,23754958389.65792,3091848110.7029386,2216640821.799273,875207288.9036655,24630165678.561584,0.086344989255714,0.913655010744286,0,0,0,Đạt,2026-06-14
445,1,1,6,3,2898,319,268,51,2949,11187039652.30078,1188801704.0523431,895094730.268728,293706973.7836151,11480746626.084396,0.0924775707384403,0.9075224292615596,0,0,0,Đạt,2026-06-14
446,2,1,6,3,2949,73,49,24,2973,11480746626.084396,331262306.377139,207610829.05394685,123651477.32319212,11604398103.407587,0.0166158019667683,0.9833841980332316,0,0,0,Đạt,2026-06-14
447,3,1,6,3,2973,438,187,251,3224,11604398103.407587,1719077825.3903513,747802747.1470448,971275078.2433064,12575673181.650896,0.0628994281870164,0.9371005718129836,6,8,2,Cần kiểm tra,2026-06-14
448,4,1,6,3,3224,181,184,-3,3221,12575673181.650896,651459488.5246221,743223621.8475127,-91764133.32289064,12483909048.328005,0.0570719602977667,0.9429280397022332,0,0,0,Đạt,2026-06-14
449,5,1,6,3,3221,134,103,31,3252,12483909048.328005,414709876.26666886,386307708.4179178,28402167.848751068,12512311216.176756,0.0319776466935734,0.9680223533064266,0,0,0,Đạt,2026-06-14
450,6,1,6,3,3252,145,60,85,3337,12512311216.176756,528209457.0968104,277154849.139956,251054607.9568544,12763365824.13361,0.018450184501845,0.981549815498155,0,0,0,Đạt,2026-06-14
451,7,1,6,3,3337,177,260,-83,3254,12763365824.13361,615088594.1692278,885139629.0948873,-270051034.9256594,12493314789.20795,0.077914294276296,0.922085705723704,0,0,0,Đạt,2026-06-14
452,8,1,6,3,3254,193,101,92,3346,12493314789.20795,664237990.5897825,396904918.0379435,267333072.551839,12760647861.75979,0.031038721573448,0.968961278426552,0,0,0,Đạt,2026-06-14
453,9,1,6,3,3346,277,83,194,3540,12760647861.75979,864540510.5342941,301480789.6457193,563059720.8885748,13323707582.648363,0.0248057381948595,0.9751942618051403,8,0,0,Cần kiểm tra,2026-06-14
454,10,1,6,3,3540,69,83,-14,3526,13323707582.648363,298514390.58382094,330817214.5091539,-32302823.925332963,13291404758.723032,0.0234463276836158,0.976553672316384,0,0,0,Đạt,2026-06-14
455,11,1,6,3,3526,416,109,307,3833,13291404758.723032,1388600315.7784855,364047372.7367196,1024552943.041766,14315957701.764795,0.0309132161089052,0.9690867838910948,0,0,0,Đạt,2026-06-14
456,12,1,6,3,3833,496,355,141,3974,14315957701.764795,2046302620.8352072,1387876362.447384,658426258.3878233,14974383960.15262,0.0926167492825463,0.9073832507174536,10,0,0,Cần kiểm tra,2026-06-14
457,1,1,6,4,3093,272,199,73,3166,10836037919.64058,1133860268.5049908,706451061.8224403,427409206.68255055,11263447126.32313,0.0643388296152602,0.9356611703847396,0,0,0,Đạt,2026-06-14
458,2,1,6,4,3166,295,124,171,3337,11263447126.32313,1005845841.1900415,411380313.6531888,594465527.5368528,11857912653.859982,0.0391661402400505,0.9608338597599496,0,0,0,Đạt,2026-06-14
459,3,1,6,4,3337,273,57,216,3553,11857912653.859982,995980420.869067,172886061.7166825,823094359.1523845,12681007013.012363,0.0170812106682649,0.982918789331735,0,0,0,Đạt,2026-06-14
460,4,1,6,4,3553,517,288,229,3782,12681007013.012363,1941716383.0940676,1062431436.0022836,879284947.0917838,13560291960.104149,0.081058260624824,0.918941739375176,0,0,0,Đạt,2026-06-14
461,5,1,6,4,3782,127,67,60,3842,13560291960.104149,492500590.0712186,237512413.68753085,254988176.38368776,13815280136.487837,0.0177154944473823,0.9822845055526176,0,0,0,Đạt,2026-06-14
462,6,1,6,4,3842,233,304,-71,3771,13815280136.487837,661572084.5638794,1042632889.3284978,-381060804.7646184,13434219331.72322,0.0791254554919312,0.9208745445080688,0,0,0,Đạt,2026-06-14
463,7,1,6,4,3771,516,234,282,4053,13434219331.72322,1881131405.5014408,656934845.1003795,1224196560.4010618,14658415892.12428,0.0620525059665871,0.9379474940334128,0,0,0,Đạt,2026-06-14
464,8,1,6,4,4053,55,259,-204,3849,14658415892.12428,184873609.5934592,1083006399.4412563,-898132789.8477972,13760283102.276484,0.0639032815198618,0.9360967184801382,0,0,0,Đạt,2026-06-14
465,9,1,6,4,3849,249,285,-36,3813,13760283102.276484,818371308.1070659,1116883606.821706,-298512298.71464014,13461770803.561844,0.0740452065471551,0.9259547934528448,0,0,0,Đạt,2026-06-14
466,10,1,6,4,3813,506,352,154,3967,13461770803.561844,1973198181.337732,1146265653.629231,826932527.7085006,14288703331.270344,0.092315761867296,0.907684238132704,0,0,0,Đạt,2026-06-14
467,11,1,6,4,3967,404,207,197,4164,14288703331.270344,1214941547.5373704,611487855.0114051,603453692.5259653,14892157023.796309,0.0521804890345349,0.9478195109654652,4,0,3,Cần kiểm tra,2026-06-14
468,12,1,6,4,4164,100,199,-99,4065,14892157023.796309,284688417.2296764,800698965.2169267,-516010547.9872503,14376146475.80906,0.047790585975024,0.952209414024976,0,0,0,Đạt,2026-06-14
469,1,1,6,5,3207,433,210,223,3430,6529845355.482702,754579100.6951673,450689951.662357,303889149.0328103,6833734504.515512,0.0654817586529466,0.9345182413470532,7,0,1,Cần kiểm tra,2026-06-14
470,2,1,6,5,3430,137,81,56,3486,6833734504.515512,233545246.5360515,187323933.7631535,46221312.77289802,6879955817.28841,0.0236151603498542,0.9763848396501458,0,0,0,Đạt,2026-06-14
471,3,1,6,5,3486,85,178,-93,3393,6879955817.28841,148950969.19791654,318165546.63135576,-169214577.43343922,6710741239.854971,0.051061388410786,0.948938611589214,0,0,0,Đạt,2026-06-14
472,4,1,6,5,3393,365,289,76,3469,6710741239.854971,766604482.2538695,618619523.7069855,147984958.54688406,6858726198.401855,0.08517536103743,0.91482463896257,0,0,0,Đạt,2026-06-14
473,5,1,6,5,3469,98,155,-57,3412,6858726198.401855,193729525.9731451,299659865.9550667,-105930339.98192158,6752795858.419934,0.0446814643989622,0.9553185356010376,0,0,0,Đạt,2026-06-14
474,6,1,6,5,3412,472,51,421,3833,6752795858.419934,868056752.9930377,121028990.26843598,747027762.7246017,7499823621.144536,0.0149472450175849,0.985052754982415,3,0,0,Cần kiểm tra,2026-06-14
475,7,1,6,5,3833,544,144,400,4233,7499823621.144536,1295241322.277717,310471991.98798484,984769330.2897322,8484592951.434268,0.0375684842160187,0.9624315157839812,0,0,0,Đạt,2026-06-14
476,8,1,6,5,4233,105,68,37,4270,8484592951.434268,186784183.0984732,139199709.1852184,47584473.91325477,8532177425.347523,0.0160642570281124,0.9839357429718876,0,0,0,Đạt,2026-06-14
477,9,1,6,5,4270,460,409,51,4321,8532177425.347523,962964835.4257048,715431375.5461757,247533459.879529,8779710885.22705,0.0957845433255269,0.9042154566744732,0,0,0,Đạt,2026-06-14
478,10,1,6,5,4321,199,221,-22,4299,8779710885.22705,414059068.59351903,376925969.8619497,37133098.73156935,8816843983.95862,0.0511455681555195,0.9488544318444804,0,0,0,Đạt,2026-06-14
479,11,1,6,5,4299,556,317,239,4538,8816843983.95862,1063144333.5407224,630967360.9649042,432176972.57581806,9249020956.53444,0.0737380786229355,0.9262619213770644,0,0,0,Đạt,2026-06-14
480,12,1,6,5,4538,291,117,174,4712,9249020956.53444,526052563.059163,206339305.8467414,319713257.21242154,9568734213.74686,0.0257822829440282,0.9742177170559718,0,0,0,Đạt,2026-06-14
481,1,1,6,6,3329,430,116,314,3643,7181070803.342849,1039275008.207321,231257741.9260345,808017266.2812865,7989088069.624135,0.0348452988885551,0.9651547011114447,0,0,0,Đạt,2026-06-14
482,2,1,6,6,3643,103,263,-160,3483,7989088069.624135,234820379.2557937,502192468.04390687,-267372088.78811315,7721715980.836021,0.0721932473236343,0.9278067526763656,0,0,0,Đạt,2026-06-14
483,3,1,6,6,3483,147,301,-154,3329,7721715980.836021,354415680.27244526,662816750.697277,-308401070.4248317,7413314910.41119,0.0864197530864197,0.9135802469135804,0,0,0,Đạt,2026-06-14
484,4,1,6,6,3329,309,162,147,3476,7413314910.41119,619211813.9879506,357884285.1715669,261327528.8163837,7674642439.227573,0.0486632622409131,0.9513367377590868,0,0,0,Đạt,2026-06-14
485,5,1,6,6,3476,328,325,3,3479,7674642439.227573,838557302.2677656,665275295.3035585,173282006.96420717,7847924446.19178,0.0934982738780207,0.9065017261219792,0,0,0,Đạt,2026-06-14
486,6,1,6,6,3479,43,311,-268,3211,7847924446.19178,78093094.55438675,542747642.0265975,-464654547.4722108,7383269898.719569,0.0893935038804254,0.9106064961195746,0,0,0,Đạt,2026-06-14
487,7,1,6,6,3211,356,210,146,3357,7383269898.719569,766603968.1469202,377056339.6386289,389547628.5082913,7772817527.22786,0.0654001868576767,0.9345998131423232,0,0,0,Đạt,2026-06-14
488,8,1,6,6,3357,474,182,292,3649,7772817527.22786,1132765967.815413,407675002.0575889,725090965.7578241,8497908492.985684,0.054215072981829,0.945784927018171,0,0,0,Đạt,2026-06-14
489,9,1,6,6,3649,138,133,5,3654,8497908492.985684,322708617.868076,284692626.8913692,38015990.97670674,8535924483.962391,0.03644834201151,0.96355165798849,0,0,0,Đạt,2026-06-14
490,10,1,6,6,3654,394,208,186,3840,8535924483.962391,847427809.5365803,414282297.0861818,433145512.4503985,8969069996.41279,0.0569239189928845,0.9430760810071156,0,0,0,Đạt,2026-06-14
491,11,1,6,6,3840,411,87,324,4164,8969069996.41279,968935960.0290308,170911692.5070617,798024267.5219691,9767094263.93476,0.02265625,0.97734375,0,0,0,Đạt,2026-06-14
492,12,1,6,6,4164,69,220,-151,4013,9767094263.93476,133895135.43643728,533438141.0052422,-399543005.568805,9367551258.365952,0.05283381364073,0.94716618635927,0,0,0,Đạt,2026-06-14
493,1,1,6,7,3495,262,290,-28,3467,13524176756.052423,1089642534.030578,1323520571.1645272,-233878037.13394904,13290298718.918476,0.0829756795422031,0.9170243204577968,0,0,0,Đạt,2026-06-14
494,2,1,6,7,3467,190,189,1,3468,13290298718.918476,756164421.8693632,632846268.0354707,123318153.83389246,13413616872.752369,0.0545139890395154,0.9454860109604846,0,0,0,Đạt,2026-06-14
495,3,1,6,7,3468,121,338,-217,3251,13413616872.752369,542122772.7311178,1558642424.0467105,-1016519651.3155926,12397097221.436775,0.0974625144175317,0.9025374855824684,0,0,0,Đạt,2026-06-14
496,4,1,6,7,3251,175,182,-7,3244,12397097221.436775,706763400.7885324,622133288.6271443,84630112.16138804,12481727333.598166,0.0559827745309135,0.9440172254690864,0,0,0,Đạt,2026-06-14
497,5,1,6,7,3244,252,108,144,3388,12481727333.598166,1057009196.8294344,396155213.0611313,660853983.7683032,13142581317.366468,0.033292231812577,0.966707768187423,0,0,0,Đạt,2026-06-14
498,6,1,6,7,3388,415,203,212,3600,13142581317.366468,1382926690.848722,632372593.6232204,750554097.2255015,13893135414.59197,0.0599173553719008,0.9400826446280992,0,0,0,Đạt,2026-06-14
499,7,1,6,7,3600,510,91,419,4019,13893135414.59197,1728942190.1347947,285044761.9944831,1443897428.1403117,15337032842.732285,0.0252777777777777,0.9747222222222224,0,0,0,Đạt,2026-06-14
500,8,1,6,7,4019,473,69,404,4423,15337032842.732285,2060764941.7350984,260322239.42017764,1800442702.314921,17137475545.047203,0.01716844986315,0.98283155013685,0,0,0,Đạt,2026-06-14
501,9,1,6,7,4423,163,192,-29,4394,17137475545.047203,574345407.7125386,872256799.5512688,-297911391.8387302,16839564153.208471,0.0434094505991408,0.9565905494008592,0,0,0,Đạt,2026-06-14
502,10,1,6,7,4394,433,349,84,4478,16839564153.208471,1384947492.052265,1242080414.6537485,142867077.39851642,16982431230.606989,0.0794264906690942,0.9205735093309058,0,0,0,Đạt,2026-06-14
503,11,1,6,7,4478,451,367,84,4562,16982431230.606989,1694368226.1595807,1156080576.0784094,538287650.0811713,17520718880.68816,0.0819562304600268,0.9180437695399732,0,0,0,Đạt,2026-06-14
504,12,1,6,7,4562,475,204,271,4833,17520718880.68816,1997780154.055904,672074794.9560363,1325705359.0998676,18846424239.78803,0.0447172292854011,0.9552827707145988,0,0,0,Đạt,2026-06-14
505,1,1,7,1,229,6,20,-14,215,719584866.3706133,15271493.26778284,64128439.03803021,-48856945.77024737,670727920.600366,0.0873362445414847,0.9126637554585152,7,1,0,Cần kiểm tra,2026-06-14
506,2,1,7,1,215,8,12,-4,211,670727920.600366,22066951.05069852,35906785.73840877,-13839834.687710248,656888085.9126557,0.055813953488372,0.944186046511628,0,0,0,Đạt,2026-06-14
507,3,1,7,1,211,4,6,-2,209,656888085.9126557,12234854.720534412,18834760.97560708,-6599906.255072666,650288179.657583,0.0284360189573459,0.971563981042654,0,0,0,Đạt,2026-06-14
508,4,1,7,1,209,14,19,-5,204,650288179.657583,45889862.1638206,56192085.18264833,-10302223.018827736,639985956.6387553,0.0909090909090909,0.9090909090909092,0,0,0,Đạt,2026-06-14
509,5,1,7,1,204,8,15,-7,197,639985956.6387553,29952187.69208656,51395043.02308562,-21442855.330999065,618543101.3077563,0.0735294117647058,0.9264705882352942,0,0,0,Đạt,2026-06-14
510,6,1,7,1,197,22,17,5,202,618543101.3077563,71818445.00622104,42978022.07451285,28840422.931708187,647383524.2394645,0.0862944162436548,0.9137055837563453,0,0,0,Đạt,2026-06-14
511,7,1,7,1,202,21,8,13,215,647383524.2394645,71112863.22992201,21665024.049576364,49447839.18034565,696831363.4198102,0.0396039603960396,0.9603960396039604,9,0,0,Cần kiểm tra,2026-06-14
512,8,1,7,1,215,2,9,-7,208,696831363.4198102,7449546.640517338,29953610.996329144,-22504064.355811805,674327299.0639983,0.041860465116279,0.958139534883721,0,0,0,Đạt,2026-06-14
513,9,1,7,1,208,8,18,-10,198,674327299.0639983,20721506.99058452,48752668.71322962,-28031161.7226451,646296137.3413533,0.0865384615384615,0.9134615384615384,0,0,0,Đạt,2026-06-14
514,10,1,7,1,198,12,11,1,199,646296137.3413533,35717177.02963598,33742980.7767794,1974196.2528565824,648270333.5942099,0.0555555555555555,0.9444444444444444,0,0,0,Đạt,2026-06-14
515,11,1,7,1,199,26,7,19,218,648270333.5942099,92564995.10962394,24663445.951255742,67901549.1583682,716171882.7525781,0.0351758793969849,0.964824120603015,0,0,0,Đạt,2026-06-14
516,12,1,7,1,218,10,20,-10,208,716171882.7525781,28707000.562919863,61087871.5241038,-32380870.96118393,683791011.7913942,0.091743119266055,0.908256880733945,0,0,0,Đạt,2026-06-14
517,1,1,7,2,206,12,4,8,214,564273580.3759788,37089480.57401131,8847921.199541789,28241559.37446952,592515139.7504483,0.0194174757281553,0.9805825242718448,0,0,0,Đạt,2026-06-14
518,2,1,7,2,214,20,11,9,223,592515139.7504483,61542521.20307957,32824792.80656545,28717728.39651412,621232868.1469625,0.0514018691588785,0.9485981308411215,0,0,0,Đạt,2026-06-14
519,3,1,7,2,223,5,10,-5,218,621232868.1469625,12561607.363488792,29398512.7217475,-16836905.35825871,604395962.7887038,0.0448430493273542,0.9551569506726456,0,0,0,Đạt,2026-06-14
520,4,1,7,2,218,25,16,9,227,604395962.7887038,63641614.28744892,36671126.5480511,26970487.739397824,631366450.5281017,0.073394495412844,0.926605504587156,0,0,0,Đạt,2026-06-14
521,5,1,7,2,227,27,4,23,250,631366450.5281017,71408035.8634464,11418179.39998399,59989856.46346241,691356306.991564,0.0176211453744493,0.9823788546255506,0,0,0,Đạt,2026-06-14
522,6,1,7,2,250,29,14,15,265,691356306.991564,86981153.76326485,31324706.731546056,55656447.03171879,747012754.0232828,0.056,0.944,0,0,0,Đạt,2026-06-14
523,7,1,7,2,265,36,12,24,289,747012754.0232828,87176144.29047194,27108753.370803017,60067390.91966893,807080144.9429517,0.0452830188679245,0.9547169811320756,0,0,0,Đạt,2026-06-14
524,8,1,7,2,289,32,5,27,316,807080144.9429517,93555428.53597438,16108785.32009522,77446643.21587916,884526788.1588309,0.0173010380622837,0.9826989619377162,1,0,0,Cần kiểm tra,2026-06-14
525,9,1,7,2,316,23,30,-7,309,884526788.1588309,66894322.501111925,83978277.59256454,-17083955.091452613,867442833.0673783,0.0949367088607595,0.9050632911392404,0,0,0,Đạt,2026-06-14
526,10,1,7,2,309,7,9,-2,307,867442833.0673783,18792977.73724041,24165573.771501485,-5372596.03426107,862070237.0331172,0.029126213592233,0.970873786407767,0,0,0,Đạt,2026-06-14
527,11,1,7,2,307,29,22,7,314,862070237.0331172,94421482.2341791,66807920.2033735,27613562.030805595,889683799.0639228,0.0716612377850162,0.9283387622149836,0,0,0,Đạt,2026-06-14
528,12,1,7,2,314,3,15,-12,302,889683799.0639228,7256236.55145158,38097498.43678196,-30841261.88533038,858842537.1785924,0.0477707006369426,0.9522292993630572,0,0,0,Đạt,2026-06-14
529,1,1,7,3,216,24,8,16,232,620091411.6951417,77293295.54008421,22492485.46612664,54800810.07395758,674892221.7690992,0.037037037037037,0.962962962962963,0,0,0,Đạt,2026-06-14
530,2,1,7,3,232,26,17,9,241,674892221.7690992,89271362.20774192,50328010.89652064,38943351.31122127,713835573.0803205,0.0732758620689655,0.9267241379310344,0,0,0,Đạt,2026-06-14
531,3,1,7,3,241,19,20,-1,240,713835573.0803205,58272207.427778326,65746775.0543255,-7474567.626547173,706361005.4537733,0.0829875518672199,0.91701244813278,0,0,0,Đạt,2026-06-14
532,4,1,7,3,240,5,16,-11,229,706361005.4537733,17183990.056817718,53973045.36792213,-36789055.31110441,669571950.1426688,0.0666666666666666,0.9333333333333332,0,0,0,Đạt,2026-06-14
533,5,1,7,3,229,3,7,-4,225,669571950.1426688,10237637.188470395,16472888.777049368,-6235251.588578973,663336698.5540899,0.0305676855895196,0.9694323144104804,6,4,5,Cần kiểm tra,2026-06-14
534,6,1,7,3,225,24,13,11,236,663336698.5540899,55152247.37463864,37726100.01440363,17426147.360235013,680762845.9143249,0.0577777777777777,0.9422222222222222,0,0,0,Đạt,2026-06-14
535,7,1,7,3,236,33,21,12,248,680762845.9143249,82349968.37778267,55508967.694636,26841000.68314667,707603846.5974716,0.0889830508474576,0.9110169491525424,0,0,0,Đạt,2026-06-14
536,8,1,7,3,248,3,4,-1,247,707603846.5974716,7001733.365128348,12730200.312391102,-5728466.947262755,701875379.6502088,0.0161290322580645,0.9838709677419356,0,0,0,Đạt,2026-06-14
537,9,1,7,3,247,31,19,12,259,701875379.6502088,73712912.09639484,47970509.731166296,25742402.36522854,727617782.0154374,0.0769230769230769,0.9230769230769232,0,0,0,Đạt,2026-06-14
538,10,1,7,3,259,15,17,-2,257,727617782.0154374,47012728.2832069,44835290.55149642,2177437.731710486,729795219.7471478,0.0656370656370656,0.9343629343629344,0,0,0,Đạt,2026-06-14
539,11,1,7,3,257,5,11,-6,251,729795219.7471478,16770512.06564949,36406632.3043607,-19636120.23871121,710159099.5084366,0.0428015564202334,0.9571984435797666,7,0,0,Cần kiểm tra,2026-06-14
540,12,1,7,3,251,11,8,3,254,710159099.5084366,37223447.2559991,25079327.593759023,12144119.662240077,722303219.1706766,0.0318725099601593,0.9681274900398408,3,2,1,Cần kiểm tra,2026-06-14
541,1,1,7,4,393,30,32,-2,391,940725759.1973397,84254541.44744736,67578326.23273525,16676215.214712111,957401974.4120516,0.0814249363867684,0.9185750636132316,0,0,0,Đạt,2026-06-14
542,2,1,7,4,391,24,15,9,400,957401974.4120516,64835349.216328576,28908587.957239397,35926761.25908919,993328735.6711408,0.0383631713554987,0.9616368286445012,0,0,0,Đạt,2026-06-14
543,3,1,7,4,400,49,6,43,443,993328735.6711408,96998030.8707793,16828498.842178937,80169532.02860036,1073498267.6997412,0.015,0.985,0,0,0,Đạt,2026-06-14
544,4,1,7,4,443,13,35,-22,421,1073498267.6997412,36913924.13463218,93727079.35911363,-56813155.224481456,1016685112.4752598,0.0790067720090293,0.9209932279909706,0,0,0,Đạt,2026-06-14
545,5,1,7,4,421,49,30,19,440,1016685112.4752598,136136746.1247579,75288749.12423915,60847997.00051874,1077533109.4757786,0.0712589073634204,0.9287410926365796,0,0,0,Đạt,2026-06-14
546,6,1,7,4,440,10,42,-32,408,1077533109.4757786,20287282.32380048,91014917.71054968,-70727635.3867492,1006805474.0890294,0.0954545454545454,0.9045454545454544,0,0,0,Đạt,2026-06-14
547,7,1,7,4,408,50,16,34,442,1006805474.0890294,141538246.5097957,33202098.92256796,108336147.58722772,1115141621.6762571,0.0392156862745098,0.9607843137254902,0,0,0,Đạt,2026-06-14
548,8,1,7,4,442,14,23,-9,433,1115141621.6762571,28140509.66014804,45230215.68301686,-17089706.022868823,1098051915.6533885,0.0520361990950226,0.9479638009049772,0,0,0,Đạt,2026-06-14
549,9,1,7,4,433,8,22,-14,419,1098051915.6533885,18036205.84030933,50148587.18465679,-32112381.344347466,1065939534.3090408,0.0508083140877598,0.9491916859122402,0,0,0,Đạt,2026-06-14
550,10,1,7,4,419,10,17,-7,412,1065939534.3090408,19447772.21340467,32962136.733616915,-13514364.520212244,1052425169.7888284,0.0405727923627685,0.9594272076372315,0,0,0,Đạt,2026-06-14
551,11,1,7,4,412,21,11,10,422,1052425169.7888284,49366764.964785,21556382.60617664,27810382.358608365,1080235552.1474369,0.0266990291262135,0.9733009708737864,0,0,0,Đạt,2026-06-14
552,12,1,7,4,422,25,39,-14,408,1080235552.1474369,57491195.11608012,88491844.03737305,-31000648.92129293,1049234903.226144,0.0924170616113744,0.9075829383886256,7,0,0,Cần kiểm tra,2026-06-14
553,1,1,7,5,316,27,13,14,330,1445377870.8937266,137992355.5164233,67962155.91448818,70030199.60193513,1515408070.4956615,0.0411392405063291,0.9588607594936708,0,0,0,Đạt,2026-06-14
554,2,1,7,5,330,44,17,27,357,1515408070.4956615,214330596.481946,72318039.4475272,142012557.03441882,1657420627.5300806,0.0515151515151515,0.9484848484848484,0,0,0,Đạt,2026-06-14
555,3,1,7,5,357,34,32,2,359,1657420627.5300806,161268536.23735514,142608946.99723184,18659589.2401233,1676080216.7702038,0.0896358543417367,0.9103641456582632,0,0,0,Đạt,2026-06-14
556,4,1,7,5,359,38,15,23,382,1676080216.7702038,201307781.6455508,60608987.29242394,140698794.35312685,1816779011.1233304,0.0417827298050139,0.958217270194986,0,0,0,Đạt,2026-06-14
557,5,1,7,5,382,35,26,9,391,1816779011.1233304,185112264.05958173,110414147.8083234,74698116.25125833,1891477127.374589,0.0680628272251308,0.9319371727748692,0,0,0,Đạt,2026-06-14
558,6,1,7,5,391,57,30,27,418,1891477127.374589,309117353.65972984,116263409.87407307,192853943.78565675,2084331071.1602457,0.0767263427109974,0.9232736572890026,0,0,0,Đạt,2026-06-14
559,7,1,7,5,418,5,19,-14,404,2084331071.1602457,23980826.098231632,79601055.84009898,-55620229.74186735,2028710841.4183784,0.0454545454545454,0.9545454545454546,0,0,0,Đạt,2026-06-14
560,8,1,7,5,404,47,5,42,446,2028710841.4183784,247437442.35075524,27204615.81727069,220232826.53348452,2248943667.951863,0.0123762376237623,0.9876237623762376,0,0,0,Đạt,2026-06-14
561,9,1,7,5,446,59,42,17,463,2248943667.951863,288692891.0291962,155142350.94374418,133550540.08545202,2382494208.037315,0.0941704035874439,0.905829596412556,0,0,0,Đạt,2026-06-14
562,10,1,7,5,463,27,11,16,479,2382494208.037315,138337570.52629045,54366694.887034856,83970875.63925558,2466465083.6765704,0.0237580993520518,0.976241900647948,0,0,0,Đạt,2026-06-14
563,11,1,7,5,479,69,38,31,510,2466465083.6765704,316354512.5517836,142955054.33362815,173399458.2181554,2639864541.894726,0.0793319415448851,0.9206680584551148,0,0,0,Đạt,2026-06-14
564,12,1,7,5,510,14,35,-21,489,2639864541.894726,74460490.61705032,164360548.64222997,-89900058.02517965,2549964483.869546,0.0686274509803921,0.931372549019608,0,0,0,Đạt,2026-06-14
565,1,1,7,6,238,7,15,-8,230,744815223.2970154,21929455.1756266,46073242.037437245,-24143786.861810643,720671436.4352047,0.0630252100840336,0.9369747899159664,0,0,0,Đạt,2026-06-14
566,2,1,7,6,230,22,14,8,238,720671436.4352047,69376132.06640415,40248133.973334886,29127998.093069263,749799434.528274,0.0608695652173913,0.9391304347826088,0,0,0,Đạt,2026-06-14
567,3,1,7,6,238,13,8,5,243,749799434.528274,44524142.24736314,27245358.952851493,17278783.29451165,767078217.8227857,0.0336134453781512,0.9663865546218487,0,0,0,Đạt,2026-06-14
568,4,1,7,6,243,19,19,0,243,767078217.8227857,62768720.62429932,65651238.44138239,-2882517.817083076,764195700.0057026,0.0781893004115226,0.9218106995884774,0,0,0,Đạt,2026-06-14
569,5,1,7,6,243,9,6,3,246,764195700.0057026,30945382.04843636,21134136.65280437,9811245.395631988,774006945.4013346,0.0246913580246913,0.9753086419753086,0,0,0,Đạt,2026-06-14
570,6,1,7,6,246,4,12,-8,238,774006945.4013346,13712954.373834154,43292907.12346332,-29579952.74962916,744426992.6517055,0.048780487804878,0.951219512195122,0,0,0,Đạt,2026-06-14
571,7,1,7,6,238,25,21,4,242,744426992.6517055,86348756.36207311,63751365.80121408,22597390.560859032,767024383.2125646,0.088235294117647,0.9117647058823528,0,0,0,Đạt,2026-06-14
572,8,1,7,6,242,14,15,-1,241,767024383.2125646,44676243.47401411,41940116.88506521,2736126.588948898,769760509.8015134,0.0619834710743801,0.9380165289256198,0,0,0,Đạt,2026-06-14
573,9,1,7,6,241,35,23,12,253,769760509.8015134,95043273.87158456,62872743.62348798,32170530.248096585,801931040.04961,0.0954356846473029,0.9045643153526972,0,0,0,Đạt,2026-06-14
574,10,1,7,6,253,22,18,4,257,801931040.04961,59852275.12814537,65986355.96822923,-6134080.84008386,795796959.2095262,0.0711462450592885,0.9288537549407114,0,0,0,Đạt,2026-06-14
575,11,1,7,6,257,30,24,6,263,795796959.2095262,88453957.58423899,77208716.1960554,11245241.388183594,807042200.5977098,0.0933852140077821,0.906614785992218,0,0,0,Đạt,2026-06-14
576,12,1,7,6,263,10,24,-14,249,807042200.5977098,34342589.12209948,80493648.80533552,-46151059.68323604,760891140.9144738,0.091254752851711,0.908745247148289,0,0,0,Đạt,2026-06-14
577,1,1,7,7,210,22,4,18,228,607238799.1455146,52405818.938746445,12097005.11497882,40308813.823767625,647547612.9692823,0.019047619047619,0.9809523809523808,5,0,0,Cần kiểm tra,2026-06-14
578,2,1,7,7,228,19,20,-1,227,647547612.9692823,46127728.21312796,61993231.96552623,-15865503.752398277,631682109.216884,0.087719298245614,0.912280701754386,0,0,0,Đạt,2026-06-14
579,3,1,7,7,227,32,14,18,245,631682109.216884,95174945.98665796,35413598.78204739,59761347.20461057,691443456.4214946,0.0616740088105726,0.9383259911894272,0,0,0,Đạt,2026-06-14
580,4,1,7,7,245,22,12,10,255,691443456.4214946,57932463.55101022,35162423.015707426,22770040.535302795,714213496.9567974,0.0489795918367346,0.9510204081632652,0,0,0,Đạt,2026-06-14
581,5,1,7,7,255,22,23,-1,254,714213496.9567974,50907805.1701311,72017199.33561188,-21109394.165480778,693104102.7913166,0.0901960784313725,0.9098039215686274,0,0,0,Đạt,2026-06-14
582,6,1,7,7,254,16,12,4,258,693104102.7913166,55429491.946413815,29878113.25061039,25551378.695803422,718655481.48712,0.0472440944881889,0.952755905511811,0,0,0,Đạt,2026-06-14
583,7,1,7,7,258,34,12,22,280,718655481.48712,111747471.3828435,40133772.265266,71613699.1175775,790269180.6046975,0.0465116279069767,0.9534883720930232,0,0,0,Đạt,2026-06-14
584,8,1,7,7,280,25,20,5,285,790269180.6046975,63686603.96648386,62683399.64111286,1003204.3253710046,791272384.9300685,0.0714285714285714,0.9285714285714286,10,0,3,Cần kiểm tra,2026-06-14
585,9,1,7,7,285,30,12,18,303,791272384.9300685,98884353.90295552,33652278.76604374,65232075.1369118,856504460.0669802,0.0421052631578947,0.9578947368421052,0,0,0,Đạt,2026-06-14
586,10,1,7,7,303,42,13,29,332,856504460.0669802,106640019.34281573,41937911.92128779,64702107.42152794,921206567.4885082,0.0429042904290429,0.9570957095709572,0,0,0,Đạt,2026-06-14
587,11,1,7,7,332,39,24,15,347,921206567.4885082,127084395.38730086,71318540.87962744,55765854.50767343,976972421.9961816,0.072289156626506,0.927710843373494,0,0,0,Đạt,2026-06-14
588,12,1,7,7,347,13,33,-20,327,976972421.9961816,40023544.04107804,106810379.13993166,-66786835.098853625,910185586.897328,0.0951008645533141,0.904899135446686,0,0,0,Đạt,2026-06-14
589,1,1,8,1,113,6,1,5,118,528663250.9645024,26920421.810648818,3861790.53363322,23058631.2770156,551721882.241518,0.0088495575221238,0.991150442477876,0,0,0,Đạt,2026-06-14
590,2,1,8,1,118,8,8,0,118,551721882.241518,38434391.12347074,36571791.83916826,1862599.2843024803,553584481.5258205,0.0677966101694915,0.9322033898305084,3,0,5,Cần kiểm tra,2026-06-14
591,3,1,8,1,118,17,5,12,130,553584481.5258205,69556965.77265416,19316829.971361578,50240135.80129258,603824617.327113,0.0423728813559322,0.9576271186440678,0,0,0,Đạt,2026-06-14
592,4,1,8,1,130,12,10,2,132,603824617.327113,56183203.43301992,55671261.57884552,511941.8541743979,604336559.1812874,0.0769230769230769,0.9230769230769232,0,0,0,Đạt,2026-06-14
593,5,1,8,1,132,18,4,14,146,604336559.1812874,85430798.42408131,15190641.04776918,70240157.37631214,674576716.5575995,0.0303030303030303,0.9696969696969696,0,0,0,Đạt,2026-06-14
594,6,1,8,1,146,8,1,7,153,674576716.5575995,41516021.07230049,4757812.2610515645,36758208.81124893,711334925.3688484,0.0068493150684931,0.9931506849315068,0,0,0,Đạt,2026-06-14
595,7,1,8,1,153,19,3,16,169,711334925.3688484,81121964.25373657,14835717.153023304,66286247.10071327,777621172.4695617,0.0196078431372549,0.9803921568627452,0,0,0,Đạt,2026-06-14
596,8,1,8,1,169,8,16,-8,161,777621172.4695617,30707604.659348577,82836027.2930417,-52128422.63369313,725492749.8358686,0.0946745562130177,0.9053254437869822,0,0,0,Đạt,2026-06-14
597,9,1,8,1,161,4,12,-8,153,725492749.8358686,17754915.18877473,46013242.74078256,-28258327.552007828,697234422.2838608,0.0745341614906832,0.9254658385093169,0,0,0,Đạt,2026-06-14
598,10,1,8,1,153,15,13,2,155,697234422.2838608,72176947.84387472,71451282.68485084,725665.159023881,697960087.4428847,0.0849673202614379,0.915032679738562,0,0,0,Đạt,2026-06-14
599,11,1,8,1,155,8,6,2,157,697960087.4428847,35513952.641869776,27357826.73072897,8156125.911140807,706116213.3540255,0.0387096774193548,0.9612903225806452,0,0,0,Đạt,2026-06-14
600,12,1,8,1,157,5,2,3,160,706116213.3540255,24390906.12418456,10316528.590069776,14074377.534114782,720190590.8881403,0.0127388535031847,0.9872611464968152,0,0,0,Đạt,2026-06-14
601,1,1,8,2,133,1,8,-7,126,179578017.10644326,1237195.5770719708,10341940.86694729,-9104745.28987532,170473271.81656793,0.0601503759398496,0.9398496240601504,0,0,0,Đạt,2026-06-14
602,2,1,8,2,126,2,11,-9,117,170473271.81656793,3181937.660851049,15262572.46330181,-12080634.80245076,158392637.01411718,0.0873015873015873,0.9126984126984128,0,0,0,Đạt,2026-06-14
603,3,1,8,2,117,12,3,9,126,158392637.01411718,16264739.875541655,3333900.307770407,12930839.56777125,171323476.58188844,0.0256410256410256,0.9743589743589745,0,0,0,Đạt,2026-06-14
604,4,1,8,2,126,17,6,11,137,171323476.58188844,23737629.1167092,8593835.750391755,15143793.366317444,186467269.9482059,0.0476190476190476,0.9523809523809524,0,0,0,Đạt,2026-06-14
605,5,1,8,2,137,16,12,4,141,186467269.9482059,22412766.77604892,19085738.866076663,3327027.909972258,189794297.8581781,0.0875912408759124,0.9124087591240876,0,0,0,Đạt,2026-06-14
606,6,1,8,2,141,19,10,9,150,189794297.8581781,29516615.44877637,14446653.968648424,15069961.48012795,204864259.3383061,0.0709219858156028,0.9290780141843972,0,0,0,Đạt,2026-06-14
607,7,1,8,2,150,5,8,-3,147,204864259.3383061,6305597.23897999,10144428.927456968,-3838831.688476978,201025427.64982912,0.0533333333333333,0.9466666666666668,0,0,0,Đạt,2026-06-14
608,8,1,8,2,147,3,5,-2,145,201025427.64982912,4604977.084552391,5969440.213836801,-1364463.1292844098,199660964.5205447,0.0340136054421768,0.9659863945578232,0,0,0,Đạt,2026-06-14
609,9,1,8,2,145,19,13,6,151,199660964.5205447,29685905.110900536,17421165.341276433,12264739.769624105,211925704.2901688,0.0896551724137931,0.9103448275862068,0,0,0,Đạt,2026-06-14
610,10,1,8,2,151,8,3,5,156,211925704.2901688,12866494.88127755,4157127.634020148,8709367.247257402,220635071.53742623,0.0198675496688741,0.9801324503311258,0,0,0,Đạt,2026-06-14
611,11,1,8,2,156,8,5,3,159,220635071.53742623,11598164.25890262,5466618.985353686,6131545.273548933,226766616.8109752,0.032051282051282,0.967948717948718,0,0,0,Đạt,2026-06-14
612,12,1,8,2,159,16,7,9,168,226766616.8109752,19275589.60757981,10545698.240445266,8729891.367134543,235496508.1781097,0.0440251572327044,0.9559748427672956,0,0,0,Đạt,2026-06-14
613,1,1,8,3,110,3,4,-1,109,282417632.6600188,9166398.22111683,9127394.083138742,39004.13797808811,282456636.7979969,0.0363636363636363,0.9636363636363636,0,0,0,Đạt,2026-06-14
614,2,1,8,3,109,4,8,-4,105,282456636.7979969,12027676.090946369,21634515.608408496,-9606839.517462129,272849797.28053474,0.073394495412844,0.926605504587156,0,0,0,Đạt,2026-06-14
615,3,1,8,3,105,3,2,1,106,272849797.28053474,8718062.60414185,6078493.226440545,2639569.377701305,275489366.658236,0.019047619047619,0.9809523809523808,0,0,0,Đạt,2026-06-14
616,4,1,8,3,106,10,5,5,111,275489366.658236,27082006.95611412,13335749.43570755,13746257.520406568,289235624.1786426,0.0471698113207547,0.9528301886792452,0,0,0,Đạt,2026-06-14
617,5,1,8,3,111,6,4,2,113,289235624.1786426,13055012.14704298,9591550.550838193,3463461.5962047856,292699085.7748473,0.036036036036036,0.963963963963964,0,0,0,Đạt,2026-06-14
618,6,1,8,3,113,7,3,4,117,292699085.7748473,20542610.107548397,6244076.503060023,14298533.60448837,306997619.3793357,0.0265486725663716,0.9734513274336284,0,0,0,Đạt,2026-06-14
619,7,1,8,3,117,16,6,10,127,306997619.3793357,41925210.42697208,15498350.15774612,26426860.269225955,333424479.64856166,0.0512820512820512,0.9487179487179488,0,0,0,Đạt,2026-06-14
620,8,1,8,3,127,14,7,7,134,333424479.64856166,30663614.985606533,20886473.780513905,9777141.205092628,343201620.85365427,0.0551181102362204,0.9448818897637796,0,0,0,Đạt,2026-06-14
621,9,1,8,3,134,3,6,-3,131,343201620.85365427,6187880.833046575,12777531.748504853,-6589650.915458276,336611969.938196,0.044776119402985,0.9552238805970148,0,0,0,Đạt,2026-06-14
622,10,1,8,3,131,4,5,-1,130,336611969.938196,10546987.319913916,11691997.93099058,-1145010.6110766642,335466959.3271193,0.0381679389312977,0.9618320610687024,0,0,0,Đạt,2026-06-14
623,11,1,8,3,130,11,7,4,134,335466959.3271193,33226815.99942326,14787564.044453366,18439251.954969894,353906211.28208923,0.0538461538461538,0.946153846153846,0,0,0,Đạt,2026-06-14
624,12,1,8,3,134,17,2,15,149,353906211.28208923,36749853.66022358,4677811.350126112,32072042.31009747,385978253.5921867,0.0149253731343283,0.9850746268656716,0,0,0,Đạt,2026-06-14
625,1,1,8,4,108,15,2,13,121,283130734.81398207,40394512.03643096,5623321.107339455,34771190.929091506,317901925.7430736,0.0185185185185185,0.9814814814814816,0,0,0,Đạt,2026-06-14
626,2,1,8,4,121,1,4,-3,118,317901925.7430736,2115246.3564604586,9166540.708352176,-7051294.351891716,310850631.3911819,0.0330578512396694,0.9669421487603306,4,10,0,Cần kiểm tra,2026-06-14
627,3,1,8,4,118,15,11,4,122,310850631.3911819,37302869.831774,33238514.558747794,4064355.273026209,314914986.6642081,0.0932203389830508,0.9067796610169492,0,0,0,Đạt,2026-06-14
628,4,1,8,4,122,11,4,7,129,314914986.6642081,28185411.90309455,10918182.530110884,17267229.372983664,332182216.03719175,0.0327868852459016,0.9672131147540984,0,0,0,Đạt,2026-06-14
629,5,1,8,4,129,11,1,10,139,332182216.03719175,30522239.507316794,2245879.1499823434,28276360.35733445,360458576.3945262,0.0077519379844961,0.992248062015504,0,0,0,Đạt,2026-06-14
630,6,1,8,4,139,5,3,2,141,360458576.3945262,10522890.66209777,6417054.009745636,4105836.652352135,364564413.0468784,0.0215827338129496,0.9784172661870504,0,0,0,Đạt,2026-06-14
631,7,1,8,4,141,2,12,-10,131,364564413.0468784,4554452.3803798845,29949774.54539782,-25395322.165017936,339169090.8818604,0.0851063829787234,0.9148936170212766,0,0,0,Đạt,2026-06-14
632,8,1,8,4,131,17,11,6,137,339169090.8818604,38898857.023965634,29034063.52537084,9864793.498594794,349033884.3804552,0.0839694656488549,0.916030534351145,0,0,0,Đạt,2026-06-14
633,9,1,8,4,137,2,12,-10,127,349033884.3804552,5709125.9346911,34945994.87627782,-29236868.94158672,319797015.43886846,0.0875912408759124,0.9124087591240876,0,0,0,Đạt,2026-06-14
634,10,1,8,4,127,15,2,13,140,319797015.43886846,33400347.934897438,4521597.724811251,28878750.21008618,348675765.64895463,0.0157480314960629,0.984251968503937,0,0,0,Đạt,2026-06-14
635,11,1,8,4,140,14,7,7,147,348675765.64895463,40095968.73465567,21138436.634918224,18957532.099737447,367633297.7486921,0.05,0.95,3,0,3,Cần kiểm tra,2026-06-14
636,12,1,8,4,147,21,3,18,165,367633297.7486921,46392140.95292135,9342820.412826924,37049320.54009442,404682618.2887865,0.0204081632653061,0.979591836734694,0,0,0,Đạt,2026-06-14
637,1,1,8,5,125,7,11,-4,121,77913392.59002593,3851220.916971525,6943107.080494367,-3091886.1635228414,74821506.42650309,0.088,0.912,0,0,0,Đạt,2026-06-14
638,2,1,8,5,121,5,4,1,122,74821506.42650309,3212931.854555759,2216998.6789332284,995933.1756225307,75817439.60212563,0.0330578512396694,0.9669421487603306,0,0,0,Đạt,2026-06-14
639,3,1,8,5,122,11,3,8,130,75817439.60212563,6602376.300173873,1719607.0913344647,4882769.208839408,80700208.81096503,0.0245901639344262,0.9754098360655736,0,0,0,Đạt,2026-06-14
640,4,1,8,5,130,2,10,-8,122,80700208.81096503,1301409.1948319576,5520469.69871398,-4219060.503882023,76481148.30708301,0.0769230769230769,0.9230769230769232,0,0,0,Đạt,2026-06-14
641,5,1,8,5,122,11,7,4,126,76481148.30708301,5597424.93870458,3941045.984771768,1656378.9539328124,78137527.26101582,0.0573770491803278,0.9426229508196722,0,0,0,Đạt,2026-06-14
642,6,1,8,5,126,4,10,-6,120,78137527.26101582,2715164.6098749046,5970054.301464628,-3254889.691589724,74882637.56942609,0.0793650793650793,0.9206349206349208,0,0,0,Đạt,2026-06-14
643,7,1,8,5,120,2,4,-2,118,74882637.56942609,1179396.6135226856,2390419.6410308555,-1211023.02750817,73671614.54191792,0.0333333333333333,0.9666666666666668,0,0,0,Đạt,2026-06-14
644,8,1,8,5,118,13,5,8,126,73671614.54191792,7903129.786789906,2722213.4003778445,5180916.386412062,78852530.92832997,0.0423728813559322,0.9576271186440678,0,0,0,Đạt,2026-06-14
645,9,1,8,5,126,5,1,4,130,78852530.92832997,3283845.642248496,583190.0950936497,2700655.547154846,81553186.47548482,0.0079365079365079,0.992063492063492,0,0,0,Đạt,2026-06-14
646,10,1,8,5,130,8,10,-2,128,81553186.47548482,5251126.238826177,5264331.183509002,-13204.944682825357,81539981.530802,0.0769230769230769,0.9230769230769232,0,0,0,Đạt,2026-06-14
647,11,1,8,5,128,5,6,-1,127,81539981.530802,2957508.8464983567,3487242.1401652503,-529733.2936668936,81010248.2371351,0.046875,0.953125,0,0,0,Đạt,2026-06-14
648,12,1,8,5,127,7,2,5,132,81010248.2371351,3827269.354027818,1349655.8618697033,2477613.492158115,83487861.72929321,0.0157480314960629,0.984251968503937,0,0,0,Đạt,2026-06-14
649,1,1,8,6,146,18,9,9,155,596675020.4161909,71704269.37218559,43581093.9666403,28123175.405545287,624798195.8217361,0.0616438356164383,0.9383561643835616,0,0,0,Đạt,2026-06-14
650,2,1,8,6,155,17,7,10,165,624798195.8217361,80626650.74088693,25076669.90887052,55549980.83201641,680348176.6537526,0.0451612903225806,0.9548387096774194,0,0,0,Đạt,2026-06-14
651,3,1,8,6,165,22,5,17,182,680348176.6537526,99964238.30571587,18786684.002868056,81177554.30284783,761525730.9566004,0.0303030303030303,0.9696969696969696,0,0,0,Đạt,2026-06-14
652,4,1,8,6,182,21,5,16,198,761525730.9566004,72262123.74517886,21144576.900071587,51117546.84510727,812643277.8017077,0.0274725274725274,0.9725274725274724,0,0,0,Đạt,2026-06-14
653,5,1,8,6,198,20,19,1,199,812643277.8017077,77841325.52390946,91539206.10082324,-13697880.576913789,798945397.2247939,0.0959595959595959,0.904040404040404,0,0,0,Đạt,2026-06-14
654,6,1,8,6,199,19,19,0,199,798945397.2247939,79359033.64730288,90892826.73672976,-11533793.089426875,787411604.135367,0.0954773869346733,0.9045226130653268,0,0,0,Đạt,2026-06-14
655,7,1,8,6,199,13,3,10,209,787411604.135367,48156324.801188536,13138023.436262948,35018301.36492559,822429905.5002927,0.0150753768844221,0.984924623115578,0,0,0,Đạt,2026-06-14
656,8,1,8,6,209,20,7,13,222,822429905.5002927,87409362.18298836,29593711.09654518,57815651.08644319,880245556.5867358,0.0334928229665071,0.9665071770334928,0,0,0,Đạt,2026-06-14
657,9,1,8,6,222,28,9,19,241,880245556.5867358,133868153.58465403,34599288.3045417,99268865.28011236,979514421.8668482,0.0405405405405405,0.9594594594594594,0,0,0,Đạt,2026-06-14
658,10,1,8,6,241,19,14,5,246,979514421.8668482,82095736.7582995,68535788.26738289,13559948.49091661,993074370.3577648,0.0580912863070539,0.941908713692946,0,0,0,Đạt,2026-06-14
659,11,1,8,6,246,4,17,-13,233,993074370.3577648,19420391.10780536,59364662.24993088,-39944271.142125525,953130099.2156394,0.0691056910569105,0.9308943089430894,0,0,0,Đạt,2026-06-14
660,12,1,8,6,233,4,4,0,233,953130099.2156394,17386370.27255577,14550696.800936274,2835673.4716194943,955965772.6872588,0.0171673819742489,0.9828326180257512,0,0,0,Đạt,2026-06-14
661,1,1,8,7,173,15,7,8,181,740572897.5572525,64876518.94659182,29621223.53367016,35255295.41292165,775828192.9701742,0.0404624277456647,0.9595375722543352,0,0,0,Đạt,2026-06-14
662,2,1,8,7,181,3,4,-1,180,775828192.9701742,10599854.392238287,18751992.24093876,-8152137.848700469,767676055.1214737,0.0220994475138121,0.977900552486188,0,0,0,Đạt,2026-06-14
663,3,1,8,7,180,22,5,17,197,767676055.1214737,76334436.51290938,24399686.47920456,51934750.033704825,819610805.1551785,0.0277777777777777,0.9722222222222222,3,7,0,Cần kiểm tra,2026-06-14
664,4,1,8,7,197,22,13,9,206,819610805.1551785,102258289.17097823,61630977.90301878,40627311.26795947,860238116.423138,0.065989847715736,0.934010152284264,0,0,0,Đạt,2026-06-14
665,5,1,8,7,206,6,20,-14,192,860238116.423138,29013207.242261607,69940430.57045732,-40927223.32819572,819310893.0949423,0.0970873786407767,0.9029126213592232,0,0,0,Đạt,2026-06-14
666,6,1,8,7,192,28,9,19,211,819310893.0949423,122257704.22477818,37580816.21057903,84676888.01419914,903987781.1091416,0.046875,0.953125,0,0,0,Đạt,2026-06-14
667,7,1,8,7,211,4,5,-1,210,903987781.1091416,14338646.147585329,25619661.16825249,-11281015.020667164,892706766.0884743,0.0236966824644549,0.976303317535545,0,0,0,Đạt,2026-06-14
668,8,1,8,7,210,12,14,-2,208,892706766.0884743,47139794.256428845,48790943.61180669,-1651149.3553778457,891055616.7330965,0.0666666666666666,0.9333333333333332,0,0,0,Đạt,2026-06-14
669,9,1,8,7,208,25,5,20,228,891055616.7330965,120858486.0933067,19929175.539086755,100929310.55421996,991984927.2873164,0.0240384615384615,0.9759615384615384,0,0,0,Đạt,2026-06-14
670,10,1,8,7,228,2,13,-11,217,991984927.2873164,9301338.67363288,46627337.346059896,-37325998.67242701,954658928.6148894,0.0570175438596491,0.9429824561403508,0,0,0,Đạt,2026-06-14
671,11,1,8,7,217,17,17,0,217,954658928.6148894,76042007.67828734,82070453.86226721,-6028446.183979869,948630482.4309096,0.0783410138248847,0.9216589861751152,0,0,0,Đạt,2026-06-14
672,12,1,8,7,217,23,13,10,227,948630482.4309096,106386986.78767036,61752517.374037296,44634469.41363308,993264951.8445426,0.0599078341013824,0.9400921658986175,0,0,0,Đạt,2026-06-14
673,1,1,9,1,240,28,9,19,259,12612951938.953342,1485759130.940381,478986037.11777735,1006773093.8226036,13619725032.775946,0.0375,0.9625,0,0,0,Đạt,2026-06-14
674,2,1,9,1,259,11,23,-12,247,13619725032.775946,692923187.0863109,1374074846.6266303,-681151659.5403197,12938573373.235626,0.0888030888030888,0.9111969111969112,0,0,0,Đạt,2026-06-14
675,3,1,9,1,247,14,21,-7,240,12938573373.235626,634448236.2033596,897504142.946579,-263055906.74321935,12675517466.492409,0.0850202429149797,0.9149797570850202,0,0,0,Đạt,2026-06-14
676,4,1,9,1,240,13,17,-4,236,12675517466.492409,611491824.0572681,997172695.2027977,-385680871.1455294,12289836595.346878,0.0708333333333333,0.9291666666666668,0,0,0,Đạt,2026-06-14
677,5,1,9,1,236,31,20,11,247,12289836595.346878,1675667286.7600193,1024187680.7388532,651479606.021166,12941316201.368044,0.0847457627118644,0.9152542372881356,0,0,0,Đạt,2026-06-14
678,6,1,9,1,247,9,10,-1,246,12941316201.368044,427294528.9689926,496304942.81763554,-69010413.84864295,12872305787.519402,0.0404858299595141,0.9595141700404858,0,0,0,Đạt,2026-06-14
679,7,1,9,1,246,6,7,-1,245,12872305787.519402,349330941.7319202,365574437.24892217,-16243495.517001988,12856062292.0024,0.0284552845528455,0.9715447154471544,0,0,0,Đạt,2026-06-14
680,8,1,9,1,245,26,2,24,269,12856062292.0024,1159702841.2232616,84523618.08834979,1075179223.1349118,13931241515.137312,0.0081632653061224,0.9918367346938776,0,0,0,Đạt,2026-06-14
681,9,1,9,1,269,10,4,6,275,13931241515.137312,624138898.9777492,184737508.4255269,439401390.5522223,14370642905.689535,0.0148698884758364,0.9851301115241636,0,0,0,Đạt,2026-06-14
682,10,1,9,1,275,12,27,-15,260,14370642905.689535,532389632.3707689,1692819807.3967729,-1160430175.026004,13210212730.66353,0.0981818181818181,0.901818181818182,0,0,0,Đạt,2026-06-14
683,11,1,9,1,260,17,16,1,261,13210212730.66353,927286967.1613152,705264286.8221734,222022680.33914173,13432235411.002672,0.0615384615384615,0.9384615384615383,0,0,0,Đạt,2026-06-14
684,12,1,9,1,261,31,4,27,288,13432235411.002672,1380551882.2143576,222730229.38348347,1157821652.8308742,14590057063.833546,0.0153256704980842,0.9846743295019156,0,0,0,Đạt,2026-06-14
685,1,1,9,2,224,4,19,-15,209,21599629757.509026,319173351.47483814,1826320714.116966,-1507147362.642128,20092482394.866898,0.0848214285714285,0.9151785714285714,0,0,0,Đạt,2026-06-14
686,2,1,9,2,209,13,2,11,220,20092482394.866898,1396850508.2210112,180119617.9268513,1216730890.29416,21309213285.161057,0.0095693779904306,0.9904306220095692,9,0,0,Cần kiểm tra,2026-06-14
687,3,1,9,2,220,2,17,-15,205,21309213285.161057,225516122.53661555,1326974745.7543178,-1101458623.2177022,20207754661.94336,0.0772727272727272,0.9227272727272728,0,0,0,Đạt,2026-06-14
688,4,1,9,2,205,25,20,5,210,20207754661.94336,2610477739.3365006,1757458676.620462,853019062.7160387,21060773724.659397,0.0975609756097561,0.902439024390244,0,0,0,Đạt,2026-06-14
689,5,1,9,2,210,26,14,12,222,21060773724.659397,2810543953.7383394,1370958897.9567006,1439585055.7816389,22500358780.441032,0.0666666666666666,0.9333333333333332,0,0,0,Đạt,2026-06-14
690,6,1,9,2,222,19,4,15,237,22500358780.441032,1493929137.0565605,460000435.516508,1033928701.5400524,23534287481.981083,0.018018018018018,0.981981981981982,0,0,0,Đạt,2026-06-14
691,7,1,9,2,237,31,19,12,249,23534287481.981083,3137278832.554883,1590360968.4546645,1546917864.1002183,25081205346.081303,0.080168776371308,0.919831223628692,0,0,0,Đạt,2026-06-14
692,8,1,9,2,249,6,23,-17,232,25081205346.081303,551387633.9739895,1950423423.203296,-1399035789.2293067,23682169556.852,0.0923694779116465,0.9076305220883534,0,0,0,Đạt,2026-06-14
693,9,1,9,2,232,3,18,-15,217,23682169556.852,272071768.726951,1981583598.7310135,-1709511830.004063,21972657726.84793,0.0775862068965517,0.9224137931034484,0,0,0,Đạt,2026-06-14
694,10,1,9,2,217,32,20,12,229,21972657726.84793,3194047112.242686,2045189213.1119504,1148857899.1307356,23121515625.978672,0.0921658986175115,0.9078341013824884,0,0,0,Đạt,2026-06-14
695,11,1,9,2,229,13,4,9,238,23121515625.978672,1355600585.8744917,355218635.66970235,1000381950.2047892,24121897576.18346,0.0174672489082969,0.982532751091703,0,0,0,Đạt,2026-06-14
696,12,1,9,2,238,8,20,-12,226,24121897576.18346,874832232.4021972,2244163510.669974,-1369331278.2677765,22752566297.915684,0.0840336134453781,0.9159663865546218,0,0,0,Đạt,2026-06-14
697,1,1,9,3,396,53,6,47,443,28913686850.291004,3339526810.470949,466087928.9456359,2873438881.5253134,31787125731.81632,0.0151515151515151,0.9848484848484848,0,0,0,Đạt,2026-06-14
698,2,1,9,3,443,41,39,2,445,31787125731.81632,3021713653.0940943,3009227637.761518,12486015.332576277,31799611747.14889,0.0880361173814898,0.91196388261851,2,0,0,Cần kiểm tra,2026-06-14
699,3,1,9,3,445,10,17,-7,438,31799611747.14889,589240919.9407597,1098952602.637559,-509711682.6967993,31289900064.45209,0.0382022471910112,0.9617977528089888,0,0,0,Đạt,2026-06-14
700,4,1,9,3,438,60,25,35,473,31289900064.45209,4574995444.346023,1574823626.1809502,3000171818.1650724,34290071882.61717,0.0570776255707762,0.9429223744292238,0,0,0,Đạt,2026-06-14
701,5,1,9,3,473,24,46,-22,451,34290071882.61717,2067422884.9724495,2904779149.4149837,-837356264.4425335,33452715618.17464,0.0972515856236786,0.9027484143763214,0,0,0,Đạt,2026-06-14
702,6,1,9,3,451,55,29,26,477,33452715618.17464,4505849198.45457,2522763127.883427,1983086070.571143,35435801688.74578,0.0643015521064301,0.9356984478935698,0,0,0,Đạt,2026-06-14
703,7,1,9,3,477,17,41,-24,453,35435801688.74578,1167633096.216607,2397373559.024708,-1229740462.8081005,34206061225.93768,0.0859538784067086,0.9140461215932912,0,0,0,Đạt,2026-06-14
704,8,1,9,3,453,26,7,19,472,34206061225.93768,2002639329.7298317,420006088.38851565,1582633241.3413155,35788694467.27899,0.0154525386313465,0.9845474613686536,0,0,0,Đạt,2026-06-14
705,9,1,9,3,472,68,14,54,526,35788694467.27899,4285249361.1791086,1209793774.7392845,3075455586.439824,38864150053.71882,0.0296610169491525,0.9703389830508474,0,0,0,Đạt,2026-06-14
706,10,1,9,3,526,70,45,25,551,38864150053.71882,4686718370.514522,2809479622.618801,1877238747.8957205,40741388801.61454,0.085551330798479,0.9144486692015208,0,0,0,Đạt,2026-06-14
707,11,1,9,3,551,80,36,44,595,40741388801.61454,6398675542.00636,2948087794.389296,3450587747.617064,44191976549.231606,0.0653357531760435,0.9346642468239564,0,0,0,Đạt,2026-06-14
708,12,1,9,3,595,85,20,65,660,44191976549.231606,7057105742.054542,1170496201.4408364,5886609540.613705,50078586089.84531,0.0336134453781512,0.9663865546218487,0,0,0,Đạt,2026-06-14
709,1,1,9,4,283,30,25,5,288,23876892556.33017,2632982900.9547462,1700748233.519362,932234667.4353844,24809127223.76555,0.0883392226148409,0.911660777385159,0,0,0,Đạt,2026-06-14
710,2,1,9,4,288,12,9,3,291,24809127223.76555,1107411403.335753,704356071.7567973,403055331.57895565,25212182555.344505,0.03125,0.96875,0,0,0,Đạt,2026-06-14
711,3,1,9,4,291,36,15,21,312,25212182555.344505,2624900658.43753,1440052685.1310458,1184847973.3064842,26397030528.65099,0.0515463917525773,0.9484536082474226,0,0,0,Đạt,2026-06-14
712,4,1,9,4,312,8,7,1,313,26397030528.65099,579596387.3805481,656825772.1608323,-77229384.78028417,26319801143.870705,0.0224358974358974,0.9775641025641024,0,0,0,Đạt,2026-06-14
713,5,1,9,4,313,15,13,2,315,26319801143.870705,1388899093.9113448,888836228.5360702,500062865.37527454,26819864009.24598,0.0415335463258785,0.9584664536741214,0,0,0,Đạt,2026-06-14
714,6,1,9,4,315,26,17,9,324,26819864009.24598,1782976477.8991113,1600065853.231131,182910624.6679802,27002774633.91396,0.0539682539682539,0.946031746031746,0,0,0,Đạt,2026-06-14
715,7,1,9,4,324,19,17,2,326,27002774633.91396,1688110712.6355689,1353523054.8910203,334587657.7445483,27337362291.65851,0.0524691358024691,0.9475308641975309,0,0,0,Đạt,2026-06-14
716,8,1,9,4,326,14,31,-17,309,27337362291.65851,1414288687.6647315,2861611472.7287946,-1447322785.0640628,25890039506.594444,0.0950920245398773,0.9049079754601228,0,0,0,Đạt,2026-06-14
717,9,1,9,4,309,18,18,0,309,25890039506.594444,1625425763.803978,1240513781.731944,384911982.0720339,26274951488.66648,0.058252427184466,0.941747572815534,0,0,0,Đạt,2026-06-14
718,10,1,9,4,309,29,28,1,310,26274951488.66648,2131014633.4311624,1931112869.7378032,199901763.69335935,26474853252.35984,0.0906148867313915,0.9093851132686084,0,0,0,Đạt,2026-06-14
719,11,1,9,4,310,29,25,4,314,26474853252.35984,2133738283.18406,2521102493.00736,-387364209.8233004,26087489042.536537,0.0806451612903225,0.9193548387096774,0,0,0,Đạt,2026-06-14
720,12,1,9,4,314,35,10,25,339,26087489042.536537,3245799700.193037,981302173.224008,2264497526.9690294,28351986569.50557,0.0318471337579617,0.9681528662420382,0,0,0,Đạt,2026-06-14
721,1,1,9,5,332,17,12,5,337,32636191671.055977,1868414783.7042031,1180909616.966576,687505166.737627,33323696837.7936,0.036144578313253,0.963855421686747,0,0,0,Đạt,2026-06-14
722,2,1,9,5,337,36,23,13,350,33323696837.7936,3724664616.934783,2175706294.80832,1548958322.1264625,34872655159.92007,0.0682492581602373,0.9317507418397626,0,0,0,Đạt,2026-06-14
723,3,1,9,5,350,37,18,19,369,34872655159.92007,3902507260.0384846,1595100186.6139514,2307407073.424533,37180062233.3446,0.0514285714285714,0.9485714285714286,0,0,0,Đạt,2026-06-14
724,4,1,9,5,369,39,36,3,372,37180062233.3446,3873382190.1924114,3718918252.325434,154463937.8669772,37334526171.21157,0.0975609756097561,0.902439024390244,0,0,0,Đạt,2026-06-14
725,5,1,9,5,372,20,32,-12,360,37334526171.21157,2203927677.691656,2874057963.906284,-670130286.2146282,36664395884.99694,0.086021505376344,0.913978494623656,0,0,0,Đạt,2026-06-14
726,6,1,9,5,360,20,33,-13,347,36664395884.99694,2044719248.933704,3281243193.281305,-1236523944.347601,35427871940.64934,0.0916666666666666,0.9083333333333332,9,0,0,Cần kiểm tra,2026-06-14
727,7,1,9,5,347,32,33,-1,346,35427871940.64934,3012229962.7994766,2882920337.1380424,129309625.66143416,35557181566.310776,0.0951008645533141,0.904899135446686,0,0,0,Đạt,2026-06-14
728,8,1,9,5,346,22,4,18,364,35557181566.310776,1915214840.5556653,321319318.122902,1593895522.432763,37151077088.74354,0.0115606936416184,0.9884393063583816,0,0,0,Đạt,2026-06-14
729,9,1,9,5,364,25,12,13,377,37151077088.74354,2756772967.9751496,1089161674.9633093,1667611293.0118403,38818688381.75538,0.0329670329670329,0.967032967032967,0,0,0,Đạt,2026-06-14
730,10,1,9,5,377,34,23,11,388,38818688381.75538,3684767747.94729,2476947427.06444,1207820320.8828506,40026508702.63823,0.0610079575596817,0.9389920424403184,3,9,0,Cần kiểm tra,2026-06-14
731,11,1,9,5,388,10,16,-6,382,40026508702.63823,787109317.0076556,1443281647.197587,-656172330.1899314,39370336372.448296,0.0412371134020618,0.9587628865979382,0,0,0,Đạt,2026-06-14
732,12,1,9,5,382,25,36,-11,371,39370336372.448296,2101150629.1021888,3301321172.177043,-1200170543.0748544,38170165829.37344,0.094240837696335,0.9057591623036648,0,0,0,Đạt,2026-06-14
733,1,1,9,6,340,31,27,4,344,5166972542.612404,441477930.554012,373620881.2030572,67857049.35095477,5234829591.963359,0.0794117647058823,0.9205882352941176,0,0,0,Đạt,2026-06-14
734,2,1,9,6,344,13,13,0,344,5234829591.963359,216192086.59294987,228585725.3952281,-12393638.80227822,5222435953.16108,0.0377906976744186,0.9622093023255814,8,2,0,Cần kiểm tra,2026-06-14
735,3,1,9,6,344,13,15,-2,342,5222435953.16108,172033947.79850677,215749231.8484488,-43715284.04994202,5178720669.111138,0.0436046511627907,0.9563953488372092,1,0,0,Cần kiểm tra,2026-06-14
736,4,1,9,6,342,50,27,23,365,5178720669.111138,704090097.4725722,477341018.2014988,226749079.27107343,5405469748.382212,0.0789473684210526,0.9210526315789472,0,0,0,Đạt,2026-06-14
737,5,1,9,6,365,40,23,17,382,5405469748.382212,649785476.8139642,396490772.6046732,253294704.20929104,5658764452.591503,0.0630136986301369,0.936986301369863,0,0,0,Đạt,2026-06-14
738,6,1,9,6,382,41,27,14,396,5658764452.591503,559494152.6353618,339794292.8635488,219699859.77181304,5878464312.363317,0.0706806282722513,0.9293193717277488,0,0,0,Đạt,2026-06-14
739,7,1,9,6,396,7,28,-21,375,5878464312.363317,117506300.22605003,439440707.0950689,-321934406.86901885,5556529905.494298,0.0707070707070707,0.9292929292929292,0,0,0,Đạt,2026-06-14
740,8,1,9,6,375,23,15,8,383,5556529905.494298,305583411.9412416,204533823.93299323,101049588.0082484,5657579493.502546,0.04,0.96,0,0,0,Đạt,2026-06-14
741,9,1,9,6,383,36,23,13,396,5657579493.502546,492739221.68669087,343936005.81137806,148803215.8753128,5806382709.377859,0.0600522193211488,0.9399477806788512,0,0,0,Đạt,2026-06-14
742,10,1,9,6,396,28,23,5,401,5806382709.377859,463851701.1672048,311172836.7111542,152678864.45605052,5959061573.83391,0.058080808080808,0.941919191919192,0,0,0,Đạt,2026-06-14
743,11,1,9,6,401,16,30,-14,387,5959061573.83391,269184023.525877,467247945.8954404,-198063922.3695634,5760997651.464347,0.0748129675810473,0.9251870324189526,0,0,0,Đạt,2026-06-14
744,12,1,9,6,387,16,12,4,391,5760997651.464347,211287691.09829807,171071805.39377725,40215885.70452082,5801213537.168868,0.0310077519379844,0.9689922480620154,0,0,0,Đạt,2026-06-14
745,1,1,9,7,214,7,5,2,216,9820897147.888746,351767291.27568555,268278810.3118578,83488480.96382776,9904385628.852571,0.0233644859813084,0.9766355140186916,0,0,0,Đạt,2026-06-14
746,2,1,9,7,216,29,18,11,227,9904385628.852571,1171628353.4623857,876042715.159092,295585638.3032937,10199971267.155869,0.0833333333333333,0.9166666666666666,0,0,0,Đạt,2026-06-14
747,3,1,9,7,227,14,15,-1,226,10199971267.155869,682855017.8548799,799250036.1432519,-116395018.28837204,10083576248.867496,0.066079295154185,0.933920704845815,0,0,0,Đạt,2026-06-14
748,4,1,9,7,226,32,15,17,243,10083576248.867496,1325365457.3703268,773734416.0431223,551631041.3272045,10635207290.194698,0.0663716814159292,0.9336283185840708,0,0,0,Đạt,2026-06-14
749,5,1,9,7,243,12,10,2,245,10635207290.194698,489053444.2704135,521065758.1806209,-32012313.91020733,10603194976.28449,0.0411522633744856,0.9588477366255144,0,0,0,Đạt,2026-06-14
750,6,1,9,7,245,23,21,2,247,10603194976.28449,1259778738.3130653,943155129.4016572,316623608.91140795,10919818585.195898,0.0857142857142857,0.9142857142857144,0,0,0,Đạt,2026-06-14
751,7,1,9,7,247,13,22,-9,238,10919818585.195898,679788982.2200488,1031143216.7468565,-351354234.52680755,10568464350.66909,0.0890688259109311,0.9109311740890688,0,0,0,Đạt,2026-06-14
752,8,1,9,7,238,26,4,22,260,10568464350.66909,1098640709.576193,176469391.5010034,922171318.07519,11490635668.74428,0.0168067226890756,0.9831932773109244,0,0,0,Đạt,2026-06-14
753,9,1,9,7,260,11,6,5,265,11490635668.74428,467923770.08872384,225559410.3642271,242364359.72449675,11733000028.468777,0.023076923076923,0.9769230769230768,0,0,0,Đạt,2026-06-14
754,10,1,9,7,265,26,12,14,279,11733000028.468777,1248984761.2404306,595286286.6466947,653698474.5937359,12386698503.062511,0.0452830188679245,0.9547169811320756,0,0,0,Đạt,2026-06-14
755,11,1,9,7,279,27,10,17,296,12386698503.062511,996704177.8415432,468526246.1423982,528177931.699145,12914876434.761658,0.03584229390681,0.96415770609319,0,0,0,Đạt,2026-06-14
756,12,1,9,7,296,3,26,-23,273,12914876434.761658,145300818.46982086,1428592494.2450726,-1283291675.775252,11631584758.986406,0.0878378378378378,0.9121621621621622,0,0,0,Đạt,2026-06-14
757,1,1,10,1,40,0,2,-2,38,2152350972.9844184,0.0,102294493.79798934,-102294493.79798934,2050056479.186429,0.05,0.95,0,0,0,Đạt,2026-06-14
758,2,1,10,1,38,3,0,3,41,2050056479.186429,133487878.9906172,0.0,133487878.9906172,2183544358.1770463,0.0,1.0,0,0,0,Đạt,2026-06-14
759,3,1,10,1,41,0,2,-2,39,2183544358.1770463,0.0,116530507.84167545,-116530507.84167545,2067013850.3353708,0.048780487804878,0.951219512195122,0,0,0,Đạt,2026-06-14
760,4,1,10,1,39,2,3,-1,38,2067013850.3353708,96055334.17984463,132063686.19810118,-36008352.018256545,2031005498.3171144,0.0769230769230769,0.9230769230769232,0,0,0,Đạt,2026-06-14
761,5,1,10,1,38,4,0,4,42,2031005498.3171144,199956056.2298295,0.0,199956056.2298295,2230961554.546944,0.0,1.0,0,0,0,Đạt,2026-06-14
762,6,1,10,1,42,5,3,2,44,2230961554.546944,223876134.0426504,131062286.30620086,92813847.73644954,2323775402.2833934,0.0714285714285714,0.9285714285714286,0,0,0,Đạt,2026-06-14
763,7,1,10,1,44,4,1,3,47,2323775402.2833934,241917012.1899557,44906146.69866385,197010865.49129185,2520786267.7746854,0.0227272727272727,0.9772727272727272,0,0,0,Đạt,2026-06-14
764,8,1,10,1,47,1,4,-3,44,2520786267.7746854,54029145.292529695,198702401.8355499,-144673256.5430202,2376113011.231665,0.0851063829787234,0.9148936170212766,0,0,0,Đạt,2026-06-14
765,9,1,10,1,44,5,3,2,46,2376113011.231665,319924255.13576144,157089694.07234702,162834561.06341442,2538947572.29508,0.0681818181818181,0.931818181818182,0,0,0,Đạt,2026-06-14
766,10,1,10,1,46,2,1,1,47,2538947572.29508,122543436.31470476,53468913.956162855,69074522.3585419,2608022094.6536217,0.0217391304347826,0.9782608695652174,0,0,0,Đạt,2026-06-14
767,11,1,10,1,47,3,3,0,47,2608022094.6536217,169600260.64263034,145119463.66167858,24480796.98095176,2632502891.634573,0.0638297872340425,0.9361702127659576,0,0,0,Đạt,2026-06-14
768,12,1,10,1,47,1,2,-1,46,2632502891.634573,50205225.280639775,87435617.12591924,-37230391.84527946,2595272499.789294,0.0425531914893617,0.9574468085106383,0,0,0,Đạt,2026-06-14
769,1,1,10,2,51,0,1,-1,50,1701250749.422751,0.0,38073427.19520138,-38073427.19520138,1663177322.2275496,0.0196078431372549,0.9803921568627452,0,0,0,Đạt,2026-06-14
770,2,1,10,2,50,4,2,2,52,1663177322.2275496,154143389.97439387,60107380.38189366,94036009.5925002,1757213331.8200498,0.04,0.96,0,0,0,Đạt,2026-06-14
771,3,1,10,2,52,7,2,5,57,1757213331.8200498,272639662.61731297,67972421.63939649,204667240.97791648,1961880572.7979665,0.0384615384615384,0.9615384615384616,0,0,0,Đạt,2026-06-14
772,4,1,10,2,57,3,4,-1,56,1961880572.7979665,83364384.99877964,126781598.0395323,-43417213.04075266,1918463359.7572136,0.0701754385964912,0.9298245614035088,0,0,0,Đạt,2026-06-14
773,5,1,10,2,56,0,0,0,56,1918463359.7572136,0.0,0.0,0.0,1918463359.7572136,0.0,1.0,0,0,0,Đạt,2026-06-14
774,6,1,10,2,56,7,2,5,61,1918463359.7572136,274054255.02180696,63322758.90511978,210731496.1166872,2129194855.873901,0.0357142857142857,0.9642857142857144,0,0,0,Đạt,2026-06-14
775,7,1,10,2,61,2,3,-1,60,2129194855.873901,60861946.7630981,115659624.64612909,-54797677.88303097,2074397177.99087,0.0491803278688524,0.9508196721311476,0,0,0,Đạt,2026-06-14
776,8,1,10,2,60,2,3,-1,59,2074397177.99087,70987321.87535976,119079308.42378452,-48091986.54842475,2026305191.4424453,0.05,0.95,0,0,0,Đạt,2026-06-14
777,9,1,10,2,59,4,1,3,62,2026305191.4424453,139812153.50676456,38809470.73344807,101002682.77331647,2127307874.2157617,0.0169491525423728,0.9830508474576272,0,0,0,Đạt,2026-06-14
778,10,1,10,2,62,8,1,7,69,2127307874.2157617,246962403.9268071,30927919.200316284,216034484.72649083,2343342358.9422526,0.0161290322580645,0.9838709677419356,0,0,0,Đạt,2026-06-14
779,11,1,10,2,69,8,5,3,72,2343342358.9422526,229343500.834298,174369920.33833057,54973580.49596745,2398315939.43822,0.072463768115942,0.927536231884058,2,7,0,Cần kiểm tra,2026-06-14
780,12,1,10,2,72,10,4,6,78,2398315939.43822,399941010.5188141,145361193.26879555,254579817.2500185,2652895756.6882386,0.0555555555555555,0.9444444444444444,0,0,0,Đạt,2026-06-14
781,1,1,10,3,71,2,1,1,72,1235930142.7149837,32184486.824938927,20405427.68057471,11779059.144364215,1247709201.8593476,0.0140845070422535,0.9859154929577464,0,0,0,Đạt,2026-06-14
782,2,1,10,3,72,0,0,0,72,1247709201.8593476,0.0,0.0,0.0,1247709201.8593476,0.0,1.0,0,0,0,Đạt,2026-06-14
783,3,1,10,3,72,9,4,5,77,1247709201.8593476,128774833.56890728,82336857.06105986,46437976.50784743,1294147178.3671951,0.0555555555555555,0.9444444444444444,0,0,0,Đạt,2026-06-14
784,4,1,10,3,77,0,5,-5,72,1294147178.3671951,0.0,81282502.27413008,-81282502.27413008,1212864676.093065,0.0649350649350649,0.935064935064935,0,0,0,Đạt,2026-06-14
785,5,1,10,3,72,8,2,6,78,1212864676.093065,113521392.06646146,38439550.06759124,75081841.99887022,1287946518.0919352,0.0277777777777777,0.9722222222222222,0,0,0,Đạt,2026-06-14
786,6,1,10,3,78,2,1,1,79,1287946518.0919352,40146865.886493295,14486793.242402611,25660072.64409068,1313606590.7360258,0.0128205128205128,0.9871794871794872,0,0,0,Đạt,2026-06-14
787,7,1,10,3,79,2,6,-4,75,1313606590.7360258,33480055.121476308,109310326.06145433,-75830270.93997802,1237776319.7960477,0.0759493670886076,0.9240506329113924,0,0,0,Đạt,2026-06-14
788,8,1,10,3,75,10,6,4,79,1237776319.7960477,185983909.90618277,93770071.2946358,92213838.61154696,1329990158.407595,0.08,0.92,0,0,0,Đạt,2026-06-14
789,9,1,10,3,79,4,6,-2,77,1329990158.407595,66774492.57867628,84141618.198344,-17367125.619667724,1312623032.787927,0.0759493670886076,0.9240506329113924,0,0,0,Đạt,2026-06-14
790,10,1,10,3,77,8,1,7,84,1312623032.787927,151703343.92170328,14822462.529186616,136880881.39251667,1449503914.1804435,0.0129870129870129,0.987012987012987,0,0,0,Đạt,2026-06-14
791,11,1,10,3,84,3,6,-3,81,1449503914.1804435,62030717.71528532,85277753.34074181,-23247035.625456497,1426256878.554987,0.0714285714285714,0.9285714285714286,0,0,0,Đạt,2026-06-14
792,12,1,10,3,81,10,8,2,83,1426256878.554987,153614721.9256113,135527073.4941652,18087648.431446075,1444344526.986433,0.0987654320987654,0.9012345679012346,0,0,0,Đạt,2026-06-14
793,1,1,10,4,47,3,0,3,50,3736160894.617068,204517294.11796448,0.0,204517294.11796448,3940678188.735032,0.0,1.0,0,0,0,Đạt,2026-06-14
794,2,1,10,4,50,3,1,2,52,3940678188.735032,221068067.88691664,73992584.54133849,147075483.34557813,4087753672.08061,0.02,0.98,0,0,0,Đạt,2026-06-14
795,3,1,10,4,52,4,1,3,55,4087753672.08061,264317323.6503847,78049057.32728869,186268266.323096,4274021938.403706,0.0192307692307692,0.9807692307692308,0,0,0,Đạt,2026-06-14
796,4,1,10,4,55,5,2,3,58,4274021938.403706,464742268.9466523,154759959.65845436,309982309.28819793,4584004247.691904,0.0363636363636363,0.9636363636363636,0,0,0,Đạt,2026-06-14
797,5,1,10,4,58,4,0,4,62,4584004247.691904,256641217.60010952,0.0,256641217.60010952,4840645465.292013,0.0,1.0,0,0,0,Đạt,2026-06-14
798,6,1,10,4,62,2,5,-3,59,4840645465.292013,149165356.69905084,404191824.7672682,-255026468.0682174,4585618997.223796,0.0806451612903225,0.9193548387096774,0,0,0,Đạt,2026-06-14
799,7,1,10,4,59,3,2,1,60,4585618997.223796,238906876.3967977,150330626.277493,88576250.11930469,4674195247.343101,0.0338983050847457,0.9661016949152542,0,0,0,Đạt,2026-06-14
800,8,1,10,4,60,1,5,-4,56,4674195247.343101,89306544.10444927,465424935.47614896,-376118391.3716997,4298076855.971401,0.0833333333333333,0.9166666666666666,0,0,0,Đạt,2026-06-14
801,9,1,10,4,56,8,5,3,59,4298076855.971401,682372833.5596986,371013417.4536864,311359416.1060122,4609436272.077414,0.0892857142857142,0.9107142857142856,2,0,0,Cần kiểm tra,2026-06-14
802,10,1,10,4,59,8,0,8,67,4609436272.077414,620329197.489416,0.0,620329197.489416,5229765469.56683,0.0,1.0,0,0,0,Đạt,2026-06-14
803,11,1,10,4,67,1,3,-2,65,5229765469.56683,66422926.532388106,249741520.83366525,-183318594.3012772,5046446875.2655525,0.044776119402985,0.9552238805970148,0,0,0,Đạt,2026-06-14
804,12,1,10,4,65,1,5,-4,61,5046446875.2655525,77929914.24596947,407917826.0414087,-329987911.7954392,4716458963.470114,0.0769230769230769,0.9230769230769232,0,0,0,Đạt,2026-06-14
805,1,1,10,5,76,6,4,2,78,6307732546.02909,437812904.9106476,344299770.7255436,93513134.185104,6401245680.214194,0.0526315789473684,0.9473684210526316,0,0,0,Đạt,2026-06-14
806,2,1,10,5,78,5,7,-2,76,6401245680.214194,361602383.4696365,599096074.0819311,-237493690.61229467,6163751989.6019,0.0897435897435897,0.9102564102564102,0,0,0,Đạt,2026-06-14
807,3,1,10,5,76,9,5,4,80,6163751989.6019,820415161.3801832,399450807.55085135,420964353.8293319,6584716343.431232,0.0657894736842105,0.9342105263157896,0,0,0,Đạt,2026-06-14
808,4,1,10,5,80,2,7,-5,75,6584716343.431232,183631036.3149672,600462409.2896566,-416831372.9746894,6167884970.456543,0.0875,0.9125,0,0,0,Đạt,2026-06-14
809,5,1,10,5,75,10,2,8,83,6167884970.456543,685188471.1556538,172195595.5496022,512992875.6060516,6680877846.062594,0.0266666666666666,0.9733333333333334,0,0,0,Đạt,2026-06-14
810,6,1,10,5,83,2,5,-3,80,6680877846.062594,171153596.57678193,491215692.3477404,-320062095.7709584,6360815750.291636,0.0602409638554216,0.9397590361445785,0,0,0,Đạt,2026-06-14
811,7,1,10,5,80,3,6,-3,77,6360815750.291636,252215155.11232623,577869944.1090358,-325654788.9967096,6035160961.294926,0.075,0.925,0,0,0,Đạt,2026-06-14
812,8,1,10,5,77,3,2,1,78,6035160961.294926,291976736.79390484,160030984.36524925,131945752.4286556,6167106713.723581,0.0259740259740259,0.974025974025974,0,0,0,Đạt,2026-06-14
813,9,1,10,5,78,8,2,6,84,6167106713.723581,652801047.3857346,178331762.53040636,474469284.8553282,6641575998.57891,0.0256410256410256,0.9743589743589745,0,0,0,Đạt,2026-06-14
814,10,1,10,5,84,9,8,1,85,6641575998.57891,848036685.160863,792397555.3493619,55639129.811501145,6697215128.390411,0.0952380952380952,0.9047619047619048,0,0,0,Đạt,2026-06-14
815,11,1,10,5,85,6,3,3,88,6697215128.390411,499724560.27982205,285264274.0548309,214460286.22499117,6911675414.615402,0.0352941176470588,0.9647058823529412,0,0,0,Đạt,2026-06-14
816,12,1,10,5,88,8,6,2,90,6911675414.615402,722655882.3104594,497037133.0004678,225618749.3099916,7137294163.925394,0.0681818181818181,0.931818181818182,0,0,0,Đạt,2026-06-14
817,1,1,10,6,40,2,0,2,42,1888174722.3332784,94141545.61283477,0.0,94141545.61283477,1982316267.946113,0.0,1.0,0,0,0,Đạt,2026-06-14
818,2,1,10,6,42,1,1,0,42,1982316267.946113,45160630.97400631,41106288.1948541,4054342.779152207,1986370610.7252653,0.0238095238095238,0.9761904761904762,0,0,0,Đạt,2026-06-14
819,3,1,10,6,42,1,3,-2,40,1986370610.7252653,51798289.07392439,134271084.08925176,-82472795.01532736,1903897815.7099376,0.0714285714285714,0.9285714285714286,0,0,0,Đạt,2026-06-14
820,4,1,10,6,40,4,3,1,41,1903897815.7099376,217379316.430784,166906600.27641413,50472716.15436983,1954370531.864308,0.075,0.925,0,0,0,Đạt,2026-06-14
821,5,1,10,6,41,3,1,2,43,1954370531.864308,133031978.18814635,44992022.72157307,88039955.46657328,2042410487.3308809,0.024390243902439,0.975609756097561,0,0,0,Đạt,2026-06-14
822,6,1,10,6,43,1,3,-2,41,2042410487.3308809,56599298.051470414,151644921.66258305,-95045623.61111264,1947364863.7197683,0.0697674418604651,0.9302325581395348,0,0,0,Đạt,2026-06-14
823,7,1,10,6,41,1,3,-2,39,1947364863.7197683,42696832.53489818,154500348.72277904,-111803516.18788084,1835561347.5318875,0.073170731707317,0.926829268292683,0,0,0,Đạt,2026-06-14
824,8,1,10,6,39,4,1,3,42,1835561347.5318875,185484543.66639504,43563822.9036341,141920720.76276094,1977482068.2946484,0.0256410256410256,0.9743589743589745,0,0,0,Đạt,2026-06-14
825,9,1,10,6,42,5,1,4,46,1977482068.2946484,245076051.0543244,42882816.590576574,202193234.4637478,2179675302.758396,0.0238095238095238,0.9761904761904762,0,0,0,Đạt,2026-06-14
826,10,1,10,6,46,2,3,-1,45,2179675302.758396,90751229.32927775,147679819.4460153,-56928590.11673753,2122746712.6416583,0.0652173913043478,0.9347826086956522,0,0,0,Đạt,2026-06-14
827,11,1,10,6,45,3,0,3,48,2122746712.6416583,145683923.00326833,0.0,145683923.00326833,2268430635.644927,0.0,1.0,0,0,0,Đạt,2026-06-14
828,12,1,10,6,48,3,1,2,50,2268430635.644927,148216113.36323887,44644205.48688184,103571907.87635703,2372002543.521284,0.0208333333333333,0.9791666666666666,0,0,0,Đạt,2026-06-14
829,1,1,10,7,67,4,1,3,70,5880106315.412894,354246084.30896544,78531107.93979028,275714976.3691752,6155821291.782069,0.0149253731343283,0.9850746268656716,0,0,0,Đạt,2026-06-14
830,2,1,10,7,70,4,6,-2,68,6155821291.782069,313315651.3812019,437667183.4027037,-124351532.02150178,6031469759.760568,0.0857142857142857,0.9142857142857144,0,0,0,Đạt,2026-06-14
831,3,1,10,7,68,9,3,6,74,6031469759.760568,660873108.3448138,212589529.10138124,448283579.2434326,6479753339.004001,0.0441176470588235,0.9558823529411764,0,0,0,Đạt,2026-06-14
832,4,1,10,7,74,10,1,9,83,6479753339.004001,1018427557.4881898,88840562.17791884,929586995.310271,7409340334.314272,0.0135135135135135,0.9864864864864864,0,0,0,Đạt,2026-06-14
833,5,1,10,7,83,3,4,-1,82,7409340334.314272,220207019.77690548,334099725.1731075,-113892705.39620204,7295447628.91807,0.0481927710843373,0.9518072289156626,0,0,0,Đạt,2026-06-14
834,6,1,10,7,82,6,2,4,86,7295447628.91807,558855962.1012748,150293821.28615338,408562140.8151215,7704009769.733191,0.024390243902439,0.975609756097561,0,0,0,Đạt,2026-06-14
835,7,1,10,7,86,1,2,-1,85,7704009769.733191,86698054.32041863,163887914.4901573,-77189860.16973868,7626819909.563453,0.0232558139534883,0.9767441860465116,0,0,0,Đạt,2026-06-14
836,8,1,10,7,85,5,2,3,88,7626819909.563453,445618901.7356851,180730392.8931756,264888508.84250957,7891708418.405962,0.0235294117647058,0.976470588235294,0,0,0,Đạt,2026-06-14
837,9,1,10,7,88,10,8,2,90,7891708418.405962,888680549.0127203,625827590.5818782,262852958.43084216,8154561376.836804,0.0909090909090909,0.9090909090909092,0,0,0,Đạt,2026-06-14
838,10,1,10,7,90,1,1,0,90,8154561376.836804,102644740.92654753,75340828.61504917,27303912.311498344,8181865289.148303,0.0111111111111111,0.9888888888888888,0,0,0,Đạt,2026-06-14
839,11,1,10,7,90,10,6,4,94,8181865289.148303,982333925.3965513,523151133.848986,459182791.5475652,8641048080.695868,0.0666666666666666,0.9333333333333332,0,0,0,Đạt,2026-06-14
840,12,1,10,7,94,10,5,5,99,8641048080.695868,764018398.4778248,420521863.1783494,343496535.29947543,8984544615.995342,0.0531914893617021,0.946808510638298,0,0,0,Đạt,2026-06-14
841,1,1,11,1,2725,111,219,-108,2617,4725455382.506433,160332934.00462654,352477733.96045023,-192144799.9558237,4533310582.550609,0.0803669724770642,0.9196330275229356,0,0,0,Đạt,2026-06-14
842,2,1,11,1,2617,181,161,20,2637,4533310582.550609,296892650.8488829,319201865.72528994,-22309214.876407027,4511001367.674202,0.061520825372564,0.938479174627436,0,0,0,Đạt,2026-06-14
843,3,1,11,1,2637,278,68,210,2847,4511001367.674202,559927510.5696456,99370388.4517524,460557122.1178932,4971558489.792095,0.0257868790291998,0.9742131209708002,0,0,0,Đạt,2026-06-14
844,4,1,11,1,2847,270,176,94,2941,4971558489.792095,390916308.2949706,312428275.10968035,78488033.18529022,5050046522.9773855,0.061819459079733,0.9381805409202668,0,0,0,Đạt,2026-06-14
845,5,1,11,1,2941,125,81,44,2985,5050046522.9773855,206912522.588764,115924253.37405096,90988269.21471304,5141034792.192099,0.0275416524991499,0.97245834750085,0,0,0,Đạt,2026-06-14
846,6,1,11,1,2985,126,194,-68,2917,5141034792.192099,198163384.66119865,272519454.539264,-74356069.87806535,5066678722.3140335,0.0649916247906197,0.9350083752093804,0,0,0,Đạt,2026-06-14
847,7,1,11,1,2917,274,166,108,3025,5066678722.3140335,501279698.7917504,273749880.1515026,227529818.64024785,5294208540.954281,0.0569077819677751,0.9430922180322248,0,0,0,Đạt,2026-06-14
848,8,1,11,1,3025,267,288,-21,3004,5294208540.954281,448840695.55051273,531565190.6334772,-82724495.08296442,5211484045.871317,0.0952066115702479,0.904793388429752,0,0,0,Đạt,2026-06-14
849,9,1,11,1,3004,31,188,-157,2847,5211484045.871317,54168643.94035504,298719485.8163621,-244550841.87600705,4966933203.99531,0.0625832223701731,0.9374167776298268,0,0,0,Đạt,2026-06-14
850,10,1,11,1,2847,350,149,201,3048,4966933203.99531,524219330.1599443,248974376.13759035,275244954.02235395,5242178158.017664,0.0523357920618194,0.9476642079381804,0,0,0,Đạt,2026-06-14
851,11,1,11,1,3048,451,282,169,3217,5242178158.017664,703131021.949566,572057618.4602364,131073403.48932958,5373251561.506993,0.09251968503937,0.90748031496063,0,0,0,Đạt,2026-06-14
852,12,1,11,1,3217,274,37,237,3454,5373251561.506993,513867661.82786137,72345375.0931056,441522286.73475575,5814773848.241749,0.0115013988187752,0.9884986011812248,0,0,0,Đạt,2026-06-14
853,1,1,11,2,2781,274,228,46,2827,9067785964.750883,777579051.6145024,682097710.7245553,95481340.88994718,9163267305.640833,0.0819848975188781,0.9180151024811218,4,8,0,Cần kiểm tra,2026-06-14
854,2,1,11,2,2827,139,91,48,2875,9163267305.640833,383200212.3273279,322097459.4705296,61102752.85679823,9224370058.497631,0.0321896002829854,0.9678103997170144,3,0,0,Cần kiểm tra,2026-06-14
855,3,1,11,2,2875,267,90,177,3052,9224370058.497631,1031609221.7893624,247842877.64417496,783766344.1451876,10008136402.642818,0.0313043478260869,0.9686956521739132,0,0,0,Đạt,2026-06-14
856,4,1,11,2,3052,379,113,266,3318,10008136402.642818,1176015656.2437634,307877034.14982164,868138622.0939418,10876275024.73676,0.0370249017038007,0.9629750982961992,0,0,0,Đạt,2026-06-14
857,5,1,11,2,3318,325,45,280,3598,10876275024.73676,1065777635.0459478,147064670.2110227,918712964.834925,11794987989.571686,0.0135623869801084,0.9864376130198916,0,0,0,Đạt,2026-06-14
858,6,1,11,2,3598,215,262,-47,3551,11794987989.571686,824777488.3747188,728728629.6205567,96048858.75416207,11891036848.325848,0.0728182323513062,0.9271817676486938,0,0,0,Đạt,2026-06-14
859,7,1,11,2,3551,284,248,36,3587,11891036848.325848,1072865512.506556,896116288.2028537,176749224.30370224,12067786072.629547,0.0698394818361025,0.9301605181638974,0,0,0,Đạt,2026-06-14
860,8,1,11,2,3587,65,95,-30,3557,12067786072.629547,177237812.2624162,316869716.8161148,-139631904.55369857,11928154168.07585,0.0264845274602732,0.9735154725397268,0,0,0,Đạt,2026-06-14
861,9,1,11,2,3557,255,94,161,3718,11928154168.07585,905592517.4991755,315752754.2076797,589839763.2914958,12517993931.367346,0.0264267641270733,0.9735732358729268,0,0,0,Đạt,2026-06-14
862,10,1,11,2,3718,108,282,-174,3544,12517993931.367346,341087550.1628822,986327117.85666,-645239567.6937777,11872754363.673569,0.0758472296933835,0.9241527703066164,0,0,0,Đạt,2026-06-14
863,11,1,11,2,3544,388,205,183,3727,11872754363.673569,1159226888.505987,563903515.0592161,595323373.4467708,12468077737.12034,0.057844243792325,0.942155756207675,0,0,0,Đạt,2026-06-14
864,12,1,11,2,3727,309,296,13,3740,12468077737.12034,996263074.6929326,1023743314.9701087,-27480240.27717614,12440597496.843164,0.0794204453984437,0.9205795546015564,0,0,0,Đạt,2026-06-14
865,1,1,11,3,2559,361,109,252,2811,2615231436.569594,419812055.0418466,102656369.34659769,317155685.6952489,2932387122.264843,0.0425947635795232,0.9574052364204768,0,0,0,Đạt,2026-06-14
866,2,1,11,3,2811,226,271,-45,2766,2932387122.264843,241477911.97282875,327444831.55005145,-85966919.5772227,2846420202.68762,0.0964069726076129,0.903593027392387,0,0,0,Đạt,2026-06-14
867,3,1,11,3,2766,127,53,74,2840,2846420202.68762,112532025.23045744,45984752.110382296,66547273.12007513,2912967475.8076954,0.0191612436731742,0.9808387563268256,0,0,0,Đạt,2026-06-14
868,4,1,11,3,2840,122,131,-9,2831,2912967475.8076954,128804010.18860936,116186793.04005235,12617217.148556992,2925584692.9562526,0.0461267605633802,0.9538732394366196,0,0,0,Đạt,2026-06-14
869,5,1,11,3,2831,315,108,207,3038,2925584692.9562526,350511136.4638015,125249353.0193034,225261783.4444981,3150846476.4007506,0.0381490639350053,0.9618509360649948,0,0,0,Đạt,2026-06-14
870,6,1,11,3,3038,342,102,240,3278,3150846476.4007506,322371256.45609045,99877371.06759904,222493885.3884914,3373340361.789242,0.0335747202106649,0.9664252797893352,0,0,0,Đạt,2026-06-14
871,7,1,11,3,3278,442,48,394,3672,3373340361.789242,541687450.2476395,51461559.48333973,490225890.7642998,3863566252.5535417,0.0146430750457596,0.9853569249542404,0,0,0,Đạt,2026-06-14
872,8,1,11,3,3672,465,74,391,4063,3863566252.5535417,515070831.9565457,63314976.777783245,451755855.1787624,4315322107.732304,0.020152505446623,0.9798474945533768,0,0,0,Đạt,2026-06-14
873,9,1,11,3,4063,236,397,-161,3902,4315322107.732304,216714111.5526664,425583228.4132255,-208869116.86055908,4106452990.8717446,0.0977110509475756,0.9022889490524244,0,0,0,Đạt,2026-06-14
874,10,1,11,3,3902,286,271,15,3917,4106452990.8717446,334638053.4052298,269008559.4352259,65629493.9700039,4172082484.8417487,0.0694515633008713,0.9305484366991288,0,0,0,Đạt,2026-06-14
875,11,1,11,3,3917,549,182,367,4284,4172082484.8417487,467655174.8433167,211918714.17644137,255736460.6668753,4427818945.508624,0.0464641307122798,0.9535358692877202,0,0,0,Đạt,2026-06-14
876,12,1,11,3,4284,299,76,223,4507,4427818945.508624,310211189.87755364,85966582.9234756,224244606.95407805,4652063552.462702,0.0177404295051353,0.9822595704948646,0,0,0,Đạt,2026-06-14
877,1,1,11,4,2550,141,89,52,2602,1910658036.8671885,110833941.98784286,72856951.75241359,37976990.23542927,1948635027.1026175,0.0349019607843137,0.9650980392156864,0,0,0,Đạt,2026-06-14
878,2,1,11,4,2602,202,78,124,2726,1948635027.1026175,150165311.53868854,62287260.90469056,87878050.63399798,2036513077.736616,0.0299769408147578,0.970023059185242,0,0,0,Đạt,2026-06-14
879,3,1,11,4,2726,70,116,-46,2680,2036513077.736616,54071529.308587655,73335065.07825291,-19263535.769665256,2017249541.9669504,0.0425531914893617,0.9574468085106383,0,0,0,Đạt,2026-06-14
880,4,1,11,4,2680,240,211,29,2709,2017249541.9669504,160529644.25184393,137277288.19449362,23252356.057350308,2040501898.0243008,0.078731343283582,0.921268656716418,0,0,0,Đạt,2026-06-14
881,5,1,11,4,2709,39,101,-62,2647,2040501898.0243008,28903802.79425804,84039634.70722519,-55135831.912967145,1985366066.1113336,0.0372831303063861,0.962716869693614,0,0,0,Đạt,2026-06-14
882,6,1,11,4,2647,128,155,-27,2620,1985366066.1113336,91739529.8409904,139214559.77226037,-47475029.93126996,1937891036.180064,0.0585568568190404,0.9414431431809596,0,0,0,Đạt,2026-06-14
883,7,1,11,4,2620,347,111,236,2856,1937891036.180064,265759984.56536436,86423267.29218479,179336717.27317953,2117227753.4532435,0.0423664122137404,0.9576335877862596,0,0,0,Đạt,2026-06-14
884,8,1,11,4,2856,204,206,-2,2854,2117227753.4532435,149749123.27146685,183442517.69438556,-33693394.42291868,2083534359.0303245,0.0721288515406162,0.9278711484593838,0,0,0,Đạt,2026-06-14
885,9,1,11,4,2854,414,66,348,3202,2083534359.0303245,296313660.3265519,58933644.1304611,237380016.1960908,2320914375.226415,0.0231254379817799,0.97687456201822,0,0,0,Đạt,2026-06-14
886,10,1,11,4,3202,133,72,61,3263,2320914375.226415,104558145.32769044,62497088.77083242,42061056.55685802,2362975431.783273,0.0224859462835727,0.9775140537164272,0,0,0,Đạt,2026-06-14
887,11,1,11,4,3263,471,264,207,3470,2362975431.783273,309170317.12378305,187579957.1028372,121590360.02094585,2484565791.8042192,0.0809071406680968,0.9190928593319032,1,8,0,Cần kiểm tra,2026-06-14
888,12,1,11,4,3470,509,293,216,3686,2484565791.8042192,381423625.0256112,199826845.41326323,181596779.612348,2666162571.416568,0.0844380403458213,0.9155619596541786,0,0,0,Đạt,2026-06-14
889,1,1,11,5,3600,267,140,127,3727,13471215233.81313,966171155.8685124,492529316.9512133,473641838.9172991,13944857072.730429,0.0388888888888888,0.9611111111111112,0,0,0,Đạt,2026-06-14
890,2,1,11,5,3727,281,213,68,3795,13944857072.730429,1002693908.1130954,759859677.9420842,242834230.1710112,14187691302.90144,0.0571505232090152,0.9428494767909849,0,0,0,Đạt,2026-06-14
891,3,1,11,5,3795,407,118,289,4084,14187691302.90144,1654669602.89239,432002695.8462025,1222666907.0461874,15410358209.947628,0.0310935441370223,0.9689064558629776,0,0,0,Đạt,2026-06-14
892,4,1,11,5,4084,102,68,34,4118,15410358209.947628,347136942.4056106,235952614.86551648,111184327.54009414,15521542537.487722,0.0166503428011753,0.9833496571988248,3,0,0,Cần kiểm tra,2026-06-14
893,5,1,11,5,4118,404,351,53,4171,15521542537.487722,1359074950.5406623,1352630342.8501284,6444607.690534115,15527987145.178255,0.0852355512384652,0.9147644487615348,0,0,0,Đạt,2026-06-14
894,6,1,11,5,4171,380,368,12,4183,15527987145.178255,1196949254.3633306,1346773856.8011675,-149824602.4378369,15378162542.74042,0.0882282426276672,0.9117717573723328,0,0,0,Đạt,2026-06-14
895,7,1,11,5,4183,527,176,351,4534,15378162542.74042,1938430483.3175976,692711630.2903165,1245718853.0272813,16623881395.7677,0.0420750657422902,0.9579249342577096,0,0,0,Đạt,2026-06-14
896,8,1,11,5,4534,609,219,390,4924,16623881395.7677,2242756978.6062207,908005030.9505088,1334751947.655712,17958633343.423412,0.0483017203352448,0.9516982796647552,0,0,0,Đạt,2026-06-14
897,9,1,11,5,4924,351,178,173,5097,17958633343.423412,1423491420.4475632,716522384.815411,706969035.6321522,18665602379.055565,0.0361494719740048,0.9638505280259952,0,0,0,Đạt,2026-06-14
898,10,1,11,5,5097,142,144,-2,5095,18665602379.055565,621213733.0642972,491440038.2366328,129773694.82766443,18795376073.88323,0.0282519128899352,0.9717480871100648,0,0,0,Đạt,2026-06-14
899,11,1,11,5,5095,106,285,-179,4916,18795376073.88323,458115446.0832765,1128841433.8548908,-670725987.7716143,18124650086.11161,0.0559371933267909,0.9440628066732092,0,0,0,Đạt,2026-06-14
900,12,1,11,5,4916,135,428,-293,4623,18124650086.11161,544166203.6091154,1550501463.062983,-1006335259.4538676,17118314826.657747,0.0870626525630594,0.9129373474369408,0,0,0,Đạt,2026-06-14
901,1,1,11,6,2530,290,196,94,2624,5052367224.20697,630384712.6106999,343278799.8676763,287105912.7430236,5339473136.949994,0.0774703557312253,0.9225296442687748,0,0,0,Đạt,2026-06-14
902,2,1,11,6,2624,39,194,-155,2469,5339473136.949994,87768610.34723544,370767163.2401913,-282998552.89295584,5056474584.057038,0.0739329268292682,0.9260670731707316,0,0,0,Đạt,2026-06-14
903,3,1,11,6,2469,165,30,135,2604,5056474584.057038,287308090.08637524,59358495.13362712,227949594.9527481,5284424179.009787,0.0121506682867557,0.9878493317132442,0,0,0,Đạt,2026-06-14
904,4,1,11,6,2604,71,251,-180,2424,5284424179.009787,123793462.82450923,423124396.8551146,-299330934.0306054,4985093244.979181,0.0963901689708141,0.903609831029186,0,0,0,Đạt,2026-06-14
905,5,1,11,6,2424,331,113,218,2642,4985093244.979181,772117720.4966497,252153199.5578285,519964520.9388212,5505057765.918002,0.0466171617161716,0.9533828382838284,0,0,0,Đạt,2026-06-14
906,6,1,11,6,2642,325,216,109,2751,5505057765.918002,575079966.6893563,393650066.2160973,181429900.4732591,5686487666.391261,0.0817562452687358,0.9182437547312642,0,0,0,Đạt,2026-06-14
907,7,1,11,6,2751,410,109,301,3052,5686487666.391261,769143709.4134865,240106770.5511163,529036938.8623702,6215524605.253632,0.03962195565249,0.96037804434751,0,0,0,Đạt,2026-06-14
908,8,1,11,6,3052,299,198,101,3153,6215524605.253632,700876361.2345014,445041721.5895177,255834639.64498365,6471359244.898615,0.064875491480996,0.935124508519004,0,0,0,Đạt,2026-06-14
909,9,1,11,6,3153,228,248,-20,3133,6471359244.898615,471963854.497334,426835079.769235,45128774.72809899,6516488019.626714,0.0786552489692356,0.9213447510307644,0,0,0,Đạt,2026-06-14
910,10,1,11,6,3133,325,74,251,3384,6516488019.626714,645835050.1014608,163308930.81161708,482526119.2898437,6999014138.916557,0.0236195339929779,0.976380466007022,0,0,0,Đạt,2026-06-14
911,11,1,11,6,3384,170,107,63,3447,6999014138.916557,394748601.3877081,201406276.6662945,193342324.7214136,7192356463.637971,0.0316193853427895,0.9683806146572104,0,0,0,Đạt,2026-06-14
912,12,1,11,6,3447,489,141,348,3795,7192356463.637971,936559609.3892076,267835157.1034204,668724452.2857872,7861080915.9237585,0.0409051348999129,0.959094865100087,0,0,0,Đạt,2026-06-14
913,1,1,11,7,3064,138,223,-85,2979,6103410444.836615,311559751.35678995,361168759.1343057,-49609007.77751577,6053801437.059099,0.0727806788511749,0.9272193211488252,9,6,0,Cần kiểm tra,2026-06-14
914,2,1,11,7,2979,418,92,326,3305,6053801437.059099,735640021.5217694,172476132.9584731,563163888.5632963,6616965325.622396,0.0308828465928163,0.9691171534071836,0,0,0,Đạt,2026-06-14
915,3,1,11,7,3305,283,183,100,3405,6616965325.622396,579648182.3297745,421819375.339457,157828806.99031752,6774794132.612713,0.0553706505295007,0.9446293494704991,0,0,0,Đạt,2026-06-14
916,4,1,11,7,3405,55,301,-246,3159,6774794132.612713,131373990.51589878,679234639.5769187,-547860649.0610199,6226933483.551693,0.0883994126284875,0.9116005873715124,0,0,0,Đạt,2026-06-14
917,5,1,11,7,3159,353,290,63,3222,6226933483.551693,764175146.7276355,641693735.825399,122481410.90223646,6349414894.45393,0.091801202912314,0.908198797087686,0,0,0,Đạt,2026-06-14
918,6,1,11,7,3222,177,65,112,3334,6349414894.45393,408514715.5713387,130624941.75564256,277889773.8156962,6627304668.269626,0.0201738050900062,0.9798261949099938,0,0,0,Đạt,2026-06-14
919,7,1,11,7,3334,179,302,-123,3211,6627304668.269626,411745386.9752877,581483003.4119567,-169737616.43666893,6457567051.832956,0.0905818836232753,0.9094181163767248,0,0,0,Đạt,2026-06-14
920,8,1,11,7,3211,67,294,-227,2984,6457567051.832956,155490237.10223344,578726191.0608938,-423235953.9586604,6034331097.874296,0.0915602616007474,0.9084397383992526,0,0,0,Đạt,2026-06-14
921,9,1,11,7,2984,157,64,93,3077,6034331097.874296,331936489.3745761,152953914.45653254,178982574.9180436,6213313672.792339,0.0214477211796246,0.9785522788203752,0,0,0,Đạt,2026-06-14
922,10,1,11,7,3077,42,64,-22,3055,6213313672.792339,77401559.6174155,121644880.3966626,-44243320.77924709,6169070352.013092,0.0207994800129996,0.9792005199870004,0,0,0,Đạt,2026-06-14
923,11,1,11,7,3055,308,157,151,3206,6169070352.013092,713726578.4921459,276127183.98461634,437599394.5075296,6606669746.520621,0.0513911620294599,0.94860883797054,0,0,0,Đạt,2026-06-14
924,12,1,11,7,3206,332,139,193,3399,6606669746.520621,786416604.9629852,308299203.49030864,478117401.4726765,7084787147.993298,0.0433562071116656,0.9566437928883345,0,0,0,Đạt,2026-06-14
925,1,1,12,1,3054,52,30,22,3076,2314610979.586867,32144445.20425485,19138465.805786524,13005979.39846833,2327616958.985336,0.0098231827111984,0.9901768172888016,0,0,0,Đạt,2026-06-14
926,2,1,12,1,3076,429,108,321,3397,2327616958.985336,353984930.7089197,93139808.82979403,260845121.87912565,2588462080.864461,0.0351105331599479,0.964889466840052,0,0,0,Đạt,2026-06-14
927,3,1,12,1,3397,265,208,57,3454,2588462080.864461,167053122.9451033,172149580.25624144,-5096457.311138153,2583365623.553323,0.0612304974977921,0.9387695025022078,0,0,0,Đạt,2026-06-14
928,4,1,12,1,3454,230,192,38,3492,2583365623.553323,185405891.15882984,148833852.80813515,36572038.350694686,2619937661.904017,0.0555877243775332,0.9444122756224668,0,0,0,Đạt,2026-06-14
929,5,1,12,1,3492,141,168,-27,3465,2619937661.904017,89715301.88422088,109613207.01628628,-19897905.132065386,2600039756.771952,0.0481099656357388,0.9518900343642612,0,0,0,Đạt,2026-06-14
930,6,1,12,1,3465,101,291,-190,3275,2600039756.771952,61460488.63268442,227878135.1325819,-166417646.49989748,2433622110.2720547,0.0839826839826839,0.916017316017316,0,0,0,Đạt,2026-06-14
931,7,1,12,1,3275,52,120,-68,3207,2433622110.2720547,42734564.55228901,73922710.3659812,-31188145.8136922,2402433964.4583626,0.0366412213740458,0.9633587786259542,0,0,0,Đạt,2026-06-14
932,8,1,12,1,3207,280,88,192,3399,2402433964.4583626,181356037.4159914,78224065.42417514,103131971.99181624,2505565936.4501786,0.0274399750545681,0.9725600249454318,0,0,0,Đạt,2026-06-14
933,9,1,12,1,3399,499,46,453,3852,2505565936.4501786,323520627.00933164,33818930.09523746,289701696.9140942,2795267633.364273,0.0135333921741688,0.9864666078258312,8,0,2,Cần kiểm tra,2026-06-14
934,10,1,12,1,3852,76,91,-15,3837,2795267633.364273,67177953.44127242,79600163.45262763,-12422210.011355206,2782845423.3529177,0.0236240913811007,0.9763759086188992,0,0,0,Đạt,2026-06-14
935,11,1,12,1,3837,411,341,70,3907,2782845423.3529177,267355522.34351808,258054453.2808191,9301069.06269899,2792146492.4156165,0.088871514203805,0.911128485796195,0,0,0,Đạt,2026-06-14
936,12,1,12,1,3907,299,205,94,4001,2792146492.4156165,228669241.9222956,165118844.5776801,63550397.34461546,2855696889.760232,0.0524699257742513,0.9475300742257486,0,0,0,Đạt,2026-06-14
937,1,1,12,2,2526,111,36,75,2601,3686113138.949492,139230487.59663945,56672239.03422454,82558248.56241491,3768671387.5119066,0.014251781472684,0.985748218527316,0,0,0,Đạt,2026-06-14
938,2,1,12,2,2601,280,121,159,2760,3768671387.5119066,435899187.7143881,155361609.85988653,280537577.8545016,4049208965.366408,0.0465205690119184,0.9534794309880816,0,0,0,Đạt,2026-06-14
939,3,1,12,2,2760,84,47,37,2797,4049208965.366408,132570860.19358872,70341312.74403375,62229547.44955498,4111438512.8159633,0.0170289855072463,0.9829710144927536,0,0,0,Đạt,2026-06-14
940,4,1,12,2,2797,127,260,-133,2664,4111438512.8159633,221036377.7818277,330634534.35504884,-109598156.57322118,4001840356.242742,0.0929567393636038,0.9070432606363962,0,0,0,Đạt,2026-06-14
941,5,1,12,2,2664,74,156,-82,2582,4001840356.242742,100350746.61693616,257189723.46213984,-156838976.8452037,3845001379.397538,0.0585585585585585,0.9414414414414416,0,0,0,Đạt,2026-06-14
942,6,1,12,2,2582,245,68,177,2759,3845001379.397538,382446645.3437455,80460948.21820152,301985697.12554395,4146987076.523082,0.0263361735089078,0.9736638264910922,0,0,0,Đạt,2026-06-14
943,7,1,12,2,2759,235,92,143,2902,4146987076.523082,281002722.2819419,153106842.71862468,127895879.5633172,4274882956.0864,0.0333454150054367,0.9666545849945632,0,0,0,Đạt,2026-06-14
944,8,1,12,2,2902,340,62,278,3180,4274882956.0864,508862197.0084753,105835525.67421757,403026671.3342577,4677909627.420657,0.0213645761543762,0.9786354238456236,0,0,0,Đạt,2026-06-14
945,9,1,12,2,3180,116,207,-91,3089,4677909627.420657,189951551.29759085,305215341.0042073,-115263789.70661646,4562645837.714041,0.0650943396226415,0.9349056603773584,0,0,0,Đạt,2026-06-14
946,10,1,12,2,3089,193,292,-99,2990,4562645837.714041,303826592.2623411,477076498.5778135,-173249906.31547242,4389395931.398568,0.0945289737779216,0.9054710262220784,0,0,0,Đạt,2026-06-14
947,11,1,12,2,2990,371,32,339,3329,4389395931.398568,499043014.78012335,49511245.81341437,449531768.96670896,4838927700.365277,0.0107023411371237,0.9892976588628762,0,0,0,Đạt,2026-06-14
948,12,1,12,2,3329,59,85,-26,3303,4838927700.365277,74880139.23375532,101362595.91032524,-26482456.676569924,4812445243.688707,0.0255331931510964,0.9744668068489036,0,0,0,Đạt,2026-06-14
949,1,1,12,3,3957,449,266,183,4140,15170129452.7918,1431909740.7919447,1006148714.4104608,425761026.3814839,15595890479.173285,0.0672226434167298,0.9327773565832702,0,0,0,Đạt,2026-06-14
950,2,1,12,3,4140,180,74,106,4246,15595890479.173285,553391228.6623791,330041686.31339514,223349542.348984,15819240021.522266,0.0178743961352657,0.9821256038647344,0,0,0,Đạt,2026-06-14
951,3,1,12,3,4246,307,73,234,4480,15819240021.522266,1183647879.8814723,312120195.470416,871527684.4110563,16690767705.933325,0.0171926519076778,0.9828073480923222,0,0,0,Đạt,2026-06-14
952,4,1,12,3,4480,230,63,167,4647,16690767705.933325,1025845217.1994208,261097262.28788945,764747954.9115313,17455515660.844852,0.0140625,0.9859375,0,0,0,Đạt,2026-06-14
953,5,1,12,3,4647,580,430,150,4797,17455515660.844852,2228450702.922781,1962534041.1878595,265916661.73492217,17721432322.579773,0.0925328168710996,0.9074671831289004,0,0,0,Đạt,2026-06-14
954,6,1,12,3,4797,169,208,-39,4758,17721432322.579773,605291161.3109676,672261996.2114793,-66970834.90051174,17654461487.67926,0.043360433604336,0.956639566395664,0,0,0,Đạt,2026-06-14
955,7,1,12,3,4758,386,198,188,4946,17654461487.67926,1518433336.2468927,737298216.0357053,781135120.2111874,18435596607.89045,0.0416141235813367,0.9583858764186634,0,0,0,Đạt,2026-06-14
956,8,1,12,3,4946,727,395,332,5278,18435596607.89045,2635960279.2124496,1533614710.030431,1102345569.1820185,19537942177.072468,0.0798625151637687,0.9201374848362311,0,0,0,Đạt,2026-06-14
957,9,1,12,3,5278,445,525,-80,5198,19537942177.072468,1449596462.7824442,1804179604.121987,-354583141.33954287,19183359035.732925,0.0994694960212201,0.9005305039787799,0,0,0,Đạt,2026-06-14
958,10,1,12,3,5198,115,510,-395,4803,19183359035.732925,418084100.5166149,2195383263.2181625,-1777299162.7015476,17406059873.03138,0.098114659484417,0.9018853405155828,0,0,0,Đạt,2026-06-14
959,11,1,12,3,4803,612,439,173,4976,17406059873.03138,1994413801.797436,1927301463.1600995,67112338.63733649,17473172211.668716,0.0914012075785967,0.9085987924214032,0,0,0,Đạt,2026-06-14
960,12,1,12,3,4976,639,417,222,5198,17473172211.668716,2273672479.6234293,1433188108.2102826,840484371.4131467,18313656583.081863,0.0838022508038585,0.9161977491961416,0,0,0,Đạt,2026-06-14
961,1,1,12,4,3049,423,81,342,3391,6982643336.797485,1043054761.8073,217461541.71799877,825593220.0893013,7808236556.886786,0.0265660872417185,0.9734339127582814,0,0,0,Đạt,2026-06-14
962,2,1,12,4,3391,328,228,100,3491,7808236556.886786,694842566.3013518,615952810.771401,78889755.52995074,7887126312.416738,0.0672368033028605,0.9327631966971396,0,0,0,Đạt,2026-06-14
963,3,1,12,4,3491,151,148,3,3494,7887126312.416738,326912939.49578863,282166390.88922906,44746548.606559575,7931872861.023297,0.0423947293039243,0.9576052706960756,0,0,0,Đạt,2026-06-14
964,4,1,12,4,3494,244,173,71,3565,7931872861.023297,470666765.70623714,454700895.3949254,15965870.311311722,7947838731.334609,0.049513451631368,0.950486548368632,0,0,0,Đạt,2026-06-14
965,5,1,12,4,3565,469,292,177,3742,7947838731.334609,1103164475.32909,573463995.15437,529700480.1747199,8477539211.509329,0.0819074333800841,0.918092566619916,0,0,0,Đạt,2026-06-14
966,6,1,12,4,3742,341,290,51,3793,8477539211.509329,742535185.4933423,732206937.1187024,10328248.374639869,8487867459.883968,0.0774986638161411,0.9225013361838588,0,0,0,Đạt,2026-06-14
967,7,1,12,4,3793,164,304,-140,3653,8487867459.883968,309338930.92682755,752892374.0177103,-443553443.0908828,8044314016.793085,0.0801476403901924,0.9198523596098076,0,0,0,Đạt,2026-06-14
968,8,1,12,4,3653,41,91,-50,3603,8044314016.793085,109077583.51348528,191510022.9365597,-82432439.42307447,7961881577.37001,0.0249110320284697,0.9750889679715302,0,0,0,Đạt,2026-06-14
969,9,1,12,4,3603,450,332,118,3721,7961881577.37001,834246091.6062355,778332467.1731206,55913624.43311489,8017795201.803125,0.0921454343602553,0.9078545656397446,0,0,0,Đạt,2026-06-14
970,10,1,12,4,3721,481,356,125,3846,8017795201.803125,972562584.8990548,713341726.2470163,259220858.65203857,8277016060.455164,0.0956732061273851,0.9043267938726148,0,0,0,Đạt,2026-06-14
971,11,1,12,4,3846,113,147,-34,3812,8277016060.455164,218896569.9275992,322569775.1377741,-103673205.21017492,8173342855.244989,0.0382215288611544,0.9617784711388456,0,0,0,Đạt,2026-06-14
972,12,1,12,4,3812,42,105,-63,3749,8173342855.244989,94930117.4782639,260009264.3786987,-165079146.9004348,8008263708.344555,0.0275445960125918,0.9724554039874082,0,0,0,Đạt,2026-06-14
973,1,1,12,5,2891,284,45,239,3130,7296036159.772871,608393251.8142786,136103150.26812157,472290101.546157,7768326261.319028,0.0155655482531995,0.9844344517468004,0,0,0,Đạt,2026-06-14
974,2,1,12,5,3130,337,229,108,3238,7768326261.319028,837113289.5879142,597601322.5209965,239511967.06691775,8007838228.385945,0.0731629392971246,0.9268370607028754,0,0,0,Đạt,2026-06-14
975,3,1,12,5,3238,150,302,-152,3086,8007838228.385945,353732471.81254786,718535379.5930402,-364802907.7804924,7643035320.605453,0.0932674490426189,0.9067325509573811,0,0,0,Đạt,2026-06-14
976,4,1,12,5,3086,329,71,258,3344,7643035320.605453,830309240.9659219,157321512.08703113,672987728.8788908,8316023049.484344,0.0230071289695398,0.9769928710304602,0,0,0,Đạt,2026-06-14
977,5,1,12,5,3344,114,45,69,3413,8316023049.484344,255965034.6877781,106683098.03095958,149281936.65681854,8465304986.141162,0.013456937799043,0.9865430622009568,0,0,0,Đạt,2026-06-14
978,6,1,12,5,3413,152,71,81,3494,8465304986.141162,423073129.6737046,203921231.2860243,219151898.38768032,8684456884.528843,0.020802812774685,0.979197187225315,0,0,0,Đạt,2026-06-14
979,7,1,12,5,3494,47,261,-214,3280,8684456884.528843,126599892.9118426,757253836.4964685,-630653943.584626,8053802940.944217,0.0746994848311391,0.9253005151688608,0,0,0,Đạt,2026-06-14
980,8,1,12,5,3280,356,169,187,3467,8053802940.944217,947806789.02655,442044131.13740927,505762657.8891408,8559565598.833358,0.0515243902439024,0.9484756097560976,0,0,0,Đạt,2026-06-14
981,9,1,12,5,3467,384,324,60,3527,8559565598.833358,836169173.4536268,790108417.6255978,46060755.82802892,8605626354.661386,0.0934525526391693,0.9065474473608308,0,0,0,Đạt,2026-06-14
982,10,1,12,5,3527,456,62,394,3921,8605626354.661386,1228183732.8919277,135293367.78814983,1092890365.103778,9698516719.765163,0.0175786787638219,0.982421321236178,0,0,0,Đạt,2026-06-14
983,11,1,12,5,3921,124,184,-60,3861,9698516719.765163,287962695.1919997,422158388.31300586,-134195693.1210062,9564321026.644156,0.046926804386636,0.953073195613364,0,0,0,Đạt,2026-06-14
984,12,1,12,5,3861,216,275,-59,3802,9564321026.644156,638831487.7232559,763406610.7610195,-124575123.0377636,9439745903.606394,0.0712250712250712,0.9287749287749288,0,0,0,Đạt,2026-06-14
985,1,1,12,6,3543,349,216,133,3676,7323642310.199595,617321256.7392657,503648049.762116,113673206.97714968,7437315517.176745,0.060965283657917,0.939034716342083,0,0,0,Đạt,2026-06-14
986,2,1,12,6,3676,349,163,186,3862,7437315517.176745,585407354.6158733,362825067.4132576,222582287.2026158,7659897804.379361,0.044341675734494,0.955658324265506,0,0,0,Đạt,2026-06-14
987,3,1,12,6,3862,572,359,213,4075,7659897804.379361,1079621237.827569,848916237.3572768,230705000.4702922,7890602804.849653,0.0929570170895908,0.9070429829104092,0,0,0,Đạt,2026-06-14
988,4,1,12,6,4075,340,313,27,4102,7890602804.849653,798412493.3782784,728753629.7043673,69658863.6739111,7960261668.523564,0.0768098159509202,0.9231901840490796,0,0,0,Đạt,2026-06-14
989,5,1,12,6,4102,148,368,-220,3882,7960261668.523564,292788120.98067474,841324053.0103244,-548535932.0296496,7411725736.493915,0.0897123354461238,0.9102876645538762,0,0,0,Đạt,2026-06-14
990,6,1,12,6,3882,445,259,186,4068,7411725736.493915,939098217.702751,455323663.4057562,483774554.29699486,7895500290.79091,0.0667181865018032,0.9332818134981968,1,1,0,Cần kiểm tra,2026-06-14
991,7,1,12,6,4068,550,153,397,4465,7895500290.79091,1095017138.877344,276038837.8613537,818978301.0159904,8714478591.8069,0.0376106194690265,0.9623893805309734,0,0,0,Đạt,2026-06-14
992,8,1,12,6,4465,327,116,211,4676,8714478591.8069,560038405.6663394,245857619.9432493,314180785.7230901,9028659377.52999,0.0259798432250839,0.974020156774916,0,0,0,Đạt,2026-06-14
993,9,1,12,6,4676,159,324,-165,4511,9028659377.52999,310476027.1957376,761398768.8467095,-450922741.6509719,8577736635.879017,0.06928999144568,0.93071000855432,0,0,0,Đạt,2026-06-14
994,10,1,12,6,4511,206,177,29,4540,8577736635.879017,496606748.793421,419436369.6279288,77170379.16549218,8654907015.04451,0.0392374196408778,0.960762580359122,0,0,0,Đạt,2026-06-14
995,11,1,12,6,4540,217,243,-26,4514,8654907015.04451,441595059.2689348,586329916.162145,-144734856.89321023,8510172158.151299,0.0535242290748898,0.94647577092511,2,0,0,Cần kiểm tra,2026-06-14
996,12,1,12,6,4514,365,80,285,4799,8510172158.151299,720028978.6431228,134360902.18149623,585668076.4616265,9095840234.612926,0.0177226406734603,0.9822773593265396,0,0,0,Đạt,2026-06-14
997,1,1,12,7,3127,92,189,-97,3030,4195721527.3537593,120041450.90209068,298122266.4768676,-178080815.5747769,4017640711.778982,0.0604413175567636,0.9395586824432364,0,0,0,Đạt,2026-06-14
998,2,1,12,7,3030,219,150,69,3099,4017640711.778982,253121289.016807,226053057.84337613,27068231.17343086,4044708942.952413,0.0495049504950495,0.9504950495049505,0,0,0,Đạt,2026-06-14
999,3,1,12,7,3099,266,97,169,3268,4044708942.952413,404207168.2136789,111142403.61939047,293064764.59428835,4337773707.546701,0.0313004194901581,0.9686995805098418,0,0,0,Đạt,2026-06-14
1000,4,1,12,7,3268,320,145,175,3443,4337773707.546701,386015178.3873455,194667722.9232276,191347455.4641179,4529121163.010819,0.0443696450428396,0.9556303549571604,0,0,0,Đạt,2026-06-14
1001,5,1,12,7,3443,445,291,154,3597,4529121163.010819,694499613.7919631,456277309.0816555,238222304.7103076,4767343467.721127,0.0845193145512634,0.9154806854487364,0,0,0,Đạt,2026-06-14
1002,6,1,12,7,3597,314,132,182,3779,4767343467.721127,418573248.3453096,180461296.92986405,238111951.4154456,5005455419.136572,0.036697247706422,0.963302752293578,0,0,0,Đạt,2026-06-14
1003,7,1,12,7,3779,403,138,265,4044,5005455419.136572,622655925.512825,218596719.0303177,404059206.48250735,5409514625.61908,0.0365175972479491,0.9634824027520508,0,0,0,Đạt,2026-06-14
1004,8,1,12,7,4044,203,323,-120,3924,5409514625.61908,270951466.4651964,509435560.8844169,-238484094.4192205,5171030531.199859,0.0798714144411473,0.9201285855588526,0,0,0,Đạt,2026-06-14
1005,9,1,12,7,3924,479,39,440,4364,5171030531.199859,726574766.541048,51572962.80718034,675001803.7338678,5846032334.933726,0.0099388379204892,0.9900611620795108,0,0,0,Đạt,2026-06-14
1006,10,1,12,7,4364,57,62,-5,4359,5846032334.933726,64892084.33979222,77657497.27036427,-12765412.930572048,5833266922.003154,0.0142071494042163,0.9857928505957836,0,0,0,Đạt,2026-06-14
1007,11,1,12,7,4359,81,347,-266,4093,5833266922.003154,125101298.04999262,432030103.7771335,-306928805.7271409,5526338116.276012,0.0796054140857994,0.9203945859142004,0,0,0,Đạt,2026-06-14
1008,12,1,12,7,4093,275,392,-117,3976,5526338116.276012,339731731.96455735,438177865.7825231,-98446133.81796576,5427891982.458047,0.0957732714390422,0.9042267285609578,0,0,0,Đạt,2026-06-14
1009,1,1,13,1,174,23,11,12,186,10134938454.511742,1214162227.384333,698546350.8975061,515615876.4868268,10650554330.998568,0.0632183908045977,0.9367816091954024,0,0,0,Đạt,2026-06-14
1010,2,1,13,1,186,23,11,12,198,10650554330.998568,1494781100.160612,738067701.4053904,756713398.7552215,11407267729.75379,0.0591397849462365,0.9408602150537636,0,0,0,Đạt,2026-06-14
1011,3,1,13,1,198,29,13,16,214,11407267729.75379,1835350705.449556,782249131.2859178,1053101574.163638,12460369303.917427,0.0656565656565656,0.9343434343434344,0,0,0,Đạt,2026-06-14
1012,4,1,13,1,214,30,7,23,237,12460369303.917427,1457951234.9028356,407097337.2447173,1050853897.6581182,13511223201.575546,0.0327102803738317,0.9672897196261684,0,0,0,Đạt,2026-06-14
1013,5,1,13,1,237,4,12,-8,229,13511223201.575546,194925942.73868236,784639738.0293244,-589713795.290642,12921509406.284904,0.050632911392405,0.9493670886075948,0,0,0,Đạt,2026-06-14
1014,6,1,13,1,229,33,3,30,259,12921509406.284904,1778726652.6323154,147135698.87879708,1631590953.7535183,14553100360.038424,0.0131004366812227,0.9868995633187772,0,0,0,Đạt,2026-06-14
1015,7,1,13,1,259,34,17,17,276,14553100360.038424,1683371843.4066925,884787427.5296437,798584415.8770486,15351684775.915472,0.0656370656370656,0.9343629343629344,0,0,0,Đạt,2026-06-14
1016,8,1,13,1,276,16,11,5,281,15351684775.915472,1085910025.345683,730940577.7626798,354969447.5830035,15706654223.498476,0.0398550724637681,0.960144927536232,0,0,0,Đạt,2026-06-14
1017,9,1,13,1,281,19,27,-8,273,15706654223.498476,912450276.148438,1258921103.9710822,-346470827.82264423,15360183395.67583,0.096085409252669,0.9039145907473308,0,0,0,Đạt,2026-06-14
1018,10,1,13,1,273,7,14,-7,266,15360183395.67583,330973746.0892149,791815007.8854054,-460841261.7961905,14899342133.87964,0.0512820512820512,0.9487179487179488,0,0,0,Đạt,2026-06-14
1019,11,1,13,1,266,26,16,10,276,14899342133.87964,1493210095.7085617,968241530.2515204,524968565.4570414,15424310699.33668,0.0601503759398496,0.9398496240601504,0,0,0,Đạt,2026-06-14
1020,12,1,13,1,276,12,21,-9,267,15424310699.33668,831339574.8259549,1168800961.616201,-337461386.790246,15086849312.546436,0.0760869565217391,0.9239130434782608,0,0,0,Đạt,2026-06-14
1021,1,1,13,2,198,14,2,12,210,8188079623.316865,605096523.2761309,70283047.41812272,534813475.8580082,8722893099.174873,0.0101010101010101,0.98989898989899,0,0,0,Đạt,2026-06-14
1022,2,1,13,2,210,6,9,-3,207,8722893099.174873,272070081.7743178,416490868.2753867,-144420786.5010689,8578472312.673804,0.0428571428571428,0.9571428571428572,0,0,0,Đạt,2026-06-14
1023,3,1,13,2,207,9,16,-7,200,8578472312.673804,405470698.3139268,699708229.85831,-294237531.5443832,8284234781.129421,0.0772946859903381,0.9227053140096618,5,0,1,Cần kiểm tra,2026-06-14
1024,4,1,13,2,200,23,15,8,208,8284234781.129421,782438707.3696488,725788933.9244839,56649773.44516492,8340884554.574586,0.075,0.925,0,0,0,Đạt,2026-06-14
1025,5,1,13,2,208,22,2,20,228,8340884554.574586,980181525.4609408,98011120.69604686,882170404.7648939,9223054959.33948,0.0096153846153846,0.9903846153846154,0,0,0,Đạt,2026-06-14
1026,6,1,13,2,228,6,17,-11,217,9223054959.33948,293277988.88471484,572575405.6025419,-279297416.7178271,8943757542.621653,0.0745614035087719,0.925438596491228,0,0,0,Đạt,2026-06-14
1027,7,1,13,2,217,10,5,5,222,8943757542.621653,341493971.45113206,231337583.82247064,110156387.6286614,9053913930.250317,0.0230414746543778,0.976958525345622,0,0,0,Đạt,2026-06-14
1028,8,1,13,2,222,32,15,17,239,9053913930.250317,1491755747.4242115,734826991.9223155,756928755.5018963,9810842685.75221,0.0675675675675675,0.9324324324324323,0,0,0,Đạt,2026-06-14
1029,9,1,13,2,239,18,19,-1,238,9810842685.75221,840286205.8108861,777790700.6984881,62495505.11239803,9873338190.864609,0.0794979079497908,0.9205020920502092,0,0,0,Đạt,2026-06-14
1030,10,1,13,2,238,7,11,-4,234,9873338190.864609,279138780.1139346,373477389.6889036,-94338609.57496904,9778999581.28964,0.0462184873949579,0.953781512605042,0,0,0,Đạt,2026-06-14
1031,11,1,13,2,234,19,14,5,239,9778999581.28964,714804935.2634397,607718289.4676305,107086645.79580916,9886086227.08545,0.0598290598290598,0.9401709401709402,0,0,0,Đạt,2026-06-14
1032,12,1,13,2,239,34,11,23,262,9886086227.08545,1401553314.5245967,483781028.47424686,917772286.0503498,10803858513.1358,0.0460251046025104,0.9539748953974896,0,0,0,Đạt,2026-06-14
1033,1,1,13,3,113,2,2,0,113,10475452269.649887,206660821.00221896,192379793.48402005,14281027.518198907,10489733297.168089,0.0176991150442477,0.9823008849557522,0,0,0,Đạt,2026-06-14
1034,2,1,13,3,113,14,2,12,125,10489733297.168089,1297182532.6780798,216560812.0562457,1080621720.621834,11570355017.78992,0.0176991150442477,0.9823008849557522,0,0,0,Đạt,2026-06-14
1035,3,1,13,3,125,9,3,6,131,11570355017.78992,873610838.771035,309976655.5326822,563634183.2383528,12133989201.028276,0.024,0.976,0,0,0,Đạt,2026-06-14
1036,4,1,13,3,131,15,9,6,137,12133989201.028276,1245174111.2812934,734944882.3060867,510229228.97520673,12644218430.00348,0.0687022900763358,0.931297709923664,0,0,0,Đạt,2026-06-14
1037,5,1,13,3,137,7,13,-6,131,12644218430.00348,668805645.008341,1366744181.651764,-697938536.643423,11946279893.360058,0.0948905109489051,0.9051094890510948,0,0,0,Đạt,2026-06-14
1038,6,1,13,3,131,16,10,6,137,11946279893.360058,1547540575.2069542,872543967.7953264,674996607.4116279,12621276500.771688,0.0763358778625954,0.9236641221374046,0,0,0,Đạt,2026-06-14
1039,7,1,13,3,137,2,12,-10,127,12621276500.771688,222261514.64552385,1207751793.2499003,-985490278.6043766,11635786222.16731,0.0875912408759124,0.9124087591240876,0,0,0,Đạt,2026-06-14
1040,8,1,13,3,127,11,12,-1,126,11635786222.16731,1045001679.816,903777440.6150588,141224239.20094144,11777010461.368252,0.0944881889763779,0.905511811023622,0,0,0,Đạt,2026-06-14
1041,9,1,13,3,126,9,5,4,130,11777010461.368252,793137139.1171381,493595570.8432253,299541568.2739129,12076552029.642164,0.0396825396825396,0.9603174603174603,0,0,0,Đạt,2026-06-14
1042,10,1,13,3,130,12,3,9,139,12076552029.642164,991583647.1135224,306415206.7417186,685168440.3718038,12761720470.013968,0.023076923076923,0.9769230769230768,0,0,0,Đạt,2026-06-14
1043,11,1,13,3,139,16,4,12,151,12761720470.013968,1190529080.4318705,390943573.1624148,799585507.2694557,13561305977.283422,0.0287769784172661,0.9712230215827338,0,0,0,Đạt,2026-06-14
1044,12,1,13,3,151,1,5,-4,147,13561305977.283422,75410451.01317258,439763040.5477743,-364352589.53460175,13196953387.74882,0.0331125827814569,0.9668874172185432,0,0,0,Đạt,2026-06-14
1045,1,1,13,4,142,7,13,-6,136,12841312204.822409,719321040.2853836,1295013039.3251474,-575691999.0397638,12265620205.782642,0.0915492957746478,0.908450704225352,0,0,0,Đạt,2026-06-14
1046,2,1,13,4,136,12,3,9,145,12265620205.782642,1008542765.1209337,219606167.59922788,788936597.5217057,13054556803.304348,0.0220588235294117,0.9779411764705882,0,0,0,Đạt,2026-06-14
1047,3,1,13,4,145,18,4,14,159,13054556803.304348,1550265977.5319934,351772013.48230064,1198493964.0496926,14253050767.35404,0.0275862068965517,0.9724137931034482,0,0,0,Đạt,2026-06-14
1048,4,1,13,4,159,13,13,0,159,14253050767.35404,1071011659.3037562,1071648610.3902344,-636951.0864782333,14252413816.267565,0.0817610062893081,0.9182389937106918,0,0,0,Đạt,2026-06-14
1049,5,1,13,4,159,2,12,-10,149,14252413816.267565,201606472.7177818,884118252.3104773,-682511779.5926955,13569902036.674868,0.0754716981132075,0.9245283018867924,0,0,0,Đạt,2026-06-14
1050,6,1,13,4,149,16,2,14,163,13569902036.674868,1194737830.7425413,150511612.77938876,1044226217.9631524,14614128254.63802,0.0134228187919463,0.9865771812080536,0,0,0,Đạt,2026-06-14
1051,7,1,13,4,163,3,2,1,164,14614128254.63802,261198514.09750524,209531515.60737875,51666998.49012649,14665795253.128143,0.0122699386503067,0.9877300613496932,0,0,0,Đạt,2026-06-14
1052,8,1,13,4,164,22,11,11,175,14665795253.128143,1782102725.0819774,980714216.3496217,801388508.7323558,15467183761.8605,0.0670731707317073,0.9329268292682926,0,0,0,Đạt,2026-06-14
1053,9,1,13,4,175,20,16,4,179,15467183761.8605,1873071331.0956008,1473786262.646557,399285068.44904375,15866468830.309544,0.0914285714285714,0.9085714285714286,0,0,0,Đạt,2026-06-14
1054,10,1,13,4,179,4,12,-8,171,15866468830.309544,422696938.8928888,1265871847.023167,-843174908.1302781,15023293922.179266,0.0670391061452514,0.9329608938547486,0,0,0,Đạt,2026-06-14
1055,11,1,13,4,171,17,7,10,181,15023293922.179266,1728020988.3340871,718906653.1904039,1009114335.1436832,16032408257.322948,0.0409356725146198,0.95906432748538,0,0,0,Đạt,2026-06-14
1056,12,1,13,4,181,16,2,14,195,16032408257.322948,1312584738.4406655,195857136.16920084,1116727602.2714648,17149135859.594414,0.011049723756906,0.988950276243094,0,0,0,Đạt,2026-06-14
1057,1,1,13,5,115,1,10,-9,106,8750381969.524546,83044847.15057208,805038903.7170565,-721994056.5664845,8028387912.958061,0.0869565217391304,0.9130434782608696,0,0,0,Đạt,2026-06-14
1058,2,1,13,5,106,13,10,3,109,8028387912.958061,878391940.8603019,905563853.3632698,-27171912.502967957,8001216000.455093,0.0943396226415094,0.9056603773584906,0,0,0,Đạt,2026-06-14
1059,3,1,13,5,109,1,2,-1,108,8001216000.455093,65209906.442826726,152694977.2762047,-87485070.83337799,7913730929.621716,0.018348623853211,0.981651376146789,0,0,0,Đạt,2026-06-14
1060,4,1,13,5,108,12,4,8,116,7913730929.621716,792323789.6672233,287569149.0088693,504754640.6583541,8418485570.280069,0.037037037037037,0.962962962962963,0,0,0,Đạt,2026-06-14
1061,5,1,13,5,116,11,7,4,120,8418485570.280069,727074983.3489072,600707590.5063415,126367392.84256576,8544852963.122635,0.0603448275862069,0.9396551724137931,0,0,0,Đạt,2026-06-14
1062,6,1,13,5,120,3,11,-8,112,8544852963.122635,249653178.951478,854737520.0728785,-605084341.1214005,7939768622.001234,0.0916666666666666,0.9083333333333332,0,0,0,Đạt,2026-06-14
1063,7,1,13,5,112,7,5,2,114,7939768622.001234,502693155.63756543,434492494.197142,68200661.44042349,8007969283.441658,0.0446428571428571,0.9553571428571428,0,0,0,Đạt,2026-06-14
1064,8,1,13,5,114,10,1,9,123,8007969283.441658,626917542.6458396,71981666.36943859,554935876.276401,8562905159.71806,0.0087719298245614,0.9912280701754386,0,0,0,Đạt,2026-06-14
1065,9,1,13,5,123,12,5,7,130,8562905159.71806,1000213962.5946128,354644076.3311636,645569886.2634492,9208475045.981508,0.040650406504065,0.959349593495935,0,0,0,Đạt,2026-06-14
1066,10,1,13,5,130,1,2,-1,129,9208475045.981508,62084359.62377981,166090831.07402867,-104006471.45024888,9104468574.53126,0.0153846153846153,0.9846153846153848,0,0,0,Đạt,2026-06-14
1067,11,1,13,5,129,11,10,1,130,9104468574.53126,817383517.5843029,908185386.076922,-90801868.49261916,9013666706.03864,0.0775193798449612,0.9224806201550388,0,0,0,Đạt,2026-06-14
1068,12,1,13,5,130,3,10,-7,123,9013666706.03864,217198565.8983927,750834510.7644999,-533635944.8661072,8480030761.172534,0.0769230769230769,0.9230769230769232,0,0,0,Đạt,2026-06-14
1069,1,1,13,6,195,5,2,3,198,2478930671.723145,51137308.66252469,24186526.74706513,26950781.91545956,2505881453.638605,0.0102564102564102,0.9897435897435898,0,0,0,Đạt,2026-06-14
1070,2,1,13,6,198,17,18,-1,197,2505881453.638605,200030890.7878393,187419784.960769,12611105.827070326,2518492559.465676,0.0909090909090909,0.9090909090909092,0,0,0,Đạt,2026-06-14
1071,3,1,13,6,197,27,6,21,218,2518492559.465676,346948514.33203286,69997861.35341711,276950652.97861576,2795443212.444291,0.0304568527918781,0.9695431472081218,0,0,0,Đạt,2026-06-14
1072,4,1,13,6,218,25,21,4,222,2795443212.444291,328187897.7228401,284037105.3776493,44150792.34519076,2839594004.789482,0.0963302752293578,0.9036697247706422,0,0,0,Đạt,2026-06-14
1073,5,1,13,6,222,29,20,9,231,2839594004.789482,427080866.9186349,298470547.00613767,128610319.91249722,2968204324.701979,0.09009009009009,0.90990990990991,0,0,0,Đạt,2026-06-14
1074,6,1,13,6,231,18,6,12,243,2968204324.701979,221803215.86761945,67073799.20715708,154729416.66046235,3122933741.362441,0.0259740259740259,0.974025974025974,0,0,0,Đạt,2026-06-14
1075,7,1,13,6,243,29,5,24,267,3122933741.362441,349848906.02764654,74122351.80380873,275726554.2238378,3398660295.5862794,0.0205761316872428,0.9794238683127572,0,0,0,Đạt,2026-06-14
1076,8,1,13,6,267,20,23,-3,264,3398660295.5862794,235697710.1528199,237357946.47202116,-1660236.319201231,3397000059.2670784,0.0861423220973782,0.9138576779026216,0,0,0,Đạt,2026-06-14
1077,9,1,13,6,264,12,3,9,273,3397000059.2670784,175676742.3237433,34944594.77874026,140732147.54500306,3537732206.8120813,0.0113636363636363,0.9886363636363636,0,0,0,Đạt,2026-06-14
1078,10,1,13,6,273,23,2,21,294,3537732206.8120813,301183869.63265383,23927989.645910986,277255879.98674285,3814988086.798824,0.0073260073260073,0.9926739926739928,0,0,0,Đạt,2026-06-14
1079,11,1,13,6,294,21,11,10,304,3814988086.798824,273818559.0158885,126890127.73014836,146928431.28574017,3961916518.0845647,0.0374149659863945,0.9625850340136054,0,0,0,Đạt,2026-06-14
1080,12,1,13,6,304,22,18,4,308,3961916518.0845647,225547395.3546756,199543727.37637916,26003667.97829649,3987920186.062861,0.0592105263157894,0.9407894736842104,0,0,0,Đạt,2026-06-14
1081,1,1,13,7,114,14,5,9,123,1312310435.5839074,188059650.47694167,63488658.187520325,124570992.28942136,1436881427.8733287,0.043859649122807,0.956140350877193,0,0,0,Đạt,2026-06-14
1082,2,1,13,7,123,2,1,1,124,1436881427.8733287,19239419.798810367,11646006.449308602,7593413.349501764,1444474841.2228303,0.008130081300813,0.991869918699187,0,0,0,Đạt,2026-06-14
1083,3,1,13,7,124,4,7,-3,121,1444474841.2228303,48157289.72364965,83132127.91553903,-34974838.191889375,1409500003.0309412,0.0564516129032258,0.9435483870967742,0,0,0,Đạt,2026-06-14
1084,4,1,13,7,121,8,8,0,121,1409500003.0309412,82801655.68915683,81179145.3938866,1622510.2952702343,1411122513.3262117,0.0661157024793388,0.9338842975206612,0,0,0,Đạt,2026-06-14
1085,5,1,13,7,121,12,7,5,126,1411122513.3262117,113456001.67300572,96054270.95665172,17401730.716353998,1428524244.042565,0.0578512396694214,0.9421487603305784,0,0,0,Đạt,2026-06-14
1086,6,1,13,7,126,17,9,8,134,1428524244.042565,181207901.6159801,97816639.7056667,83391261.91031341,1511915505.9528787,0.0714285714285714,0.9285714285714286,0,0,0,Đạt,2026-06-14
1087,7,1,13,7,134,14,8,6,140,1511915505.9528787,157646119.32135046,85911830.60607257,71734288.71527788,1583649794.6681566,0.0597014925373134,0.9402985074626866,0,0,0,Đạt,2026-06-14
1088,8,1,13,7,140,13,1,12,152,1583649794.6681566,121830226.28173818,11601708.723691482,110228517.5580467,1693878312.2262034,0.0071428571428571,0.9928571428571428,0,0,0,Đạt,2026-06-14
1089,9,1,13,7,152,21,6,15,167,1693878312.2262034,201797377.3371785,55920074.01383589,145877303.32334262,1839755615.549546,0.0394736842105263,0.9605263157894736,0,0,0,Đạt,2026-06-14
1090,10,1,13,7,167,2,8,-6,161,1839755615.549546,22642690.86034298,103942833.98168652,-81300143.12134355,1758455472.4282024,0.0479041916167664,0.9520958083832336,0,0,0,Đạt,2026-06-14
1091,11,1,13,7,161,13,16,-3,158,1758455472.4282024,169013196.8459178,151135117.03418124,17878079.811736554,1776333552.239939,0.0993788819875776,0.9006211180124224,0,0,0,Đạt,2026-06-14
1092,12,1,13,7,158,16,8,8,166,1776333552.239939,151612709.89196467,103731030.67413726,47881679.21782741,1824215231.4577663,0.050632911392405,0.9493670886075948,0,0,0,Đạt,2026-06-14
1093,1,1,14,1,25,3,0,3,28,2208671040.0990944,249391797.0203401,0.0,249391797.0203401,2458062837.1194344,0.0,1.0,0,0,0,Đạt,2026-06-14
1094,2,1,14,1,28,3,0,3,31,2458062837.1194344,261306273.0751222,0.0,261306273.0751222,2719369110.1945567,0.0,1.0,0,0,0,Đạt,2026-06-14
1095,3,1,14,1,31,1,2,-1,30,2719369110.1945567,97989028.79322629,172881567.73147464,-74892538.93824837,2644476571.256309,0.064516129032258,0.935483870967742,0,0,0,Đạt,2026-06-14
1096,4,1,14,1,30,3,2,1,31,2644476571.256309,251629539.58247808,155609037.72096884,96020501.86150923,2740497073.117818,0.0666666666666666,0.9333333333333332,0,0,0,Đạt,2026-06-14
1097,5,1,14,1,31,3,0,3,34,2740497073.117818,260975434.01832357,0.0,260975434.01832357,3001472507.1361413,0.0,1.0,0,0,0,Đạt,2026-06-14
1098,6,1,14,1,34,2,2,0,34,3001472507.1361413,147235017.57256696,200825747.3370602,-53590729.76449326,2947881777.371648,0.0588235294117647,0.9411764705882352,0,0,0,Đạt,2026-06-14
1099,7,1,14,1,34,3,0,3,37,2947881777.371648,224501466.71198136,0.0,224501466.71198136,3172383244.083629,0.0,1.0,0,0,0,Đạt,2026-06-14
1100,8,1,14,1,37,5,3,2,39,3172383244.083629,437500380.7919833,220419792.196874,217080588.59510928,3389463832.6787386,0.081081081081081,0.9189189189189187,0,0,0,Đạt,2026-06-14
1101,9,1,14,1,39,4,0,4,43,3389463832.6787386,399568170.9315987,0.0,399568170.9315987,3789032003.610337,0.0,1.0,0,0,0,Đạt,2026-06-14
1102,10,1,14,1,43,1,0,1,44,3789032003.610337,89175589.068146,0.0,89175589.068146,3878207592.678484,0.0,1.0,0,0,0,Đạt,2026-06-14
1103,11,1,14,1,44,4,1,3,47,3878207592.678484,402835033.2721848,103058073.26960444,299776960.00258034,4177984552.681064,0.0227272727272727,0.9772727272727272,0,0,0,Đạt,2026-06-14
1104,12,1,14,1,47,2,2,0,47,4177984552.681064,198046548.7473534,210721170.9042124,-12674622.15685901,4165309930.5242047,0.0425531914893617,0.9574468085106383,0,0,0,Đạt,2026-06-14
1105,1,1,14,2,31,3,1,2,33,2957213872.271864,326178134.01577085,113708934.183769,212469199.83200184,3169683072.1038656,0.032258064516129,0.967741935483871,0,0,0,Đạt,2026-06-14
1106,2,1,14,2,33,1,2,-1,32,3169683072.1038656,84260391.37198244,203172995.3126565,-118912603.94067408,3050770468.163192,0.0606060606060606,0.9393939393939394,0,0,0,Đạt,2026-06-14
1107,3,1,14,2,32,4,3,1,33,3050770468.163192,322736220.18709177,292500810.22428423,30235409.962807536,3081005878.125999,0.09375,0.90625,0,0,0,Đạt,2026-06-14
1108,4,1,14,2,33,2,2,0,33,3081005878.125999,206127715.34299105,154478018.18000305,51649697.16298798,3132655575.288987,0.0606060606060606,0.9393939393939394,0,0,0,Đạt,2026-06-14
1109,5,1,14,2,33,3,3,0,33,3132655575.288987,274173138.3711424,296927520.24054,-22754381.86939764,3109901193.419589,0.0909090909090909,0.9090909090909092,0,0,0,Đạt,2026-06-14
1110,6,1,14,2,33,4,0,4,37,3109901193.419589,316133434.11319107,0.0,316133434.11319107,3426034627.5327806,0.0,1.0,0,0,0,Đạt,2026-06-14
1111,7,1,14,2,37,1,3,-2,35,3426034627.5327806,80554652.88386151,246425452.45805383,-165870799.57419232,3260163827.958588,0.081081081081081,0.9189189189189187,0,0,0,Đạt,2026-06-14
1112,8,1,14,2,35,3,3,0,35,3260163827.958588,334256285.7971294,310528326.40468985,23727959.392439544,3283891787.3510275,0.0857142857142857,0.9142857142857144,0,0,0,Đạt,2026-06-14
1113,9,1,14,2,35,4,0,4,39,3283891787.3510275,305654450.3067025,0.0,305654450.3067025,3589546237.65773,0.0,1.0,0,0,0,Đạt,2026-06-14
1114,10,1,14,2,39,5,0,5,44,3589546237.65773,487801862.415376,0.0,487801862.415376,4077348100.073106,0.0,1.0,7,8,0,Cần kiểm tra,2026-06-14
1115,11,1,14,2,44,6,4,2,46,4077348100.073106,502113725.41076857,342823161.1780604,159290564.23270816,4236638664.3058143,0.0909090909090909,0.9090909090909092,0,0,0,Đạt,2026-06-14
1116,12,1,14,2,46,3,1,2,48,4236638664.3058143,259793680.3020008,93733666.35076824,166060013.95123255,4402698678.257047,0.0217391304347826,0.9782608695652174,0,0,0,Đạt,2026-06-14
1117,1,1,14,3,23,1,0,1,24,1630818679.0868087,59798749.19565902,0.0,59798749.19565902,1690617428.2824676,0.0,1.0,0,0,0,Đạt,2026-06-14
1118,2,1,14,3,24,2,2,0,24,1690617428.2824676,119860517.68126994,166788204.94506776,-46927687.26379782,1643689741.0186698,0.0833333333333333,0.9166666666666666,0,0,0,Đạt,2026-06-14
1119,3,1,14,3,24,1,1,0,24,1643689741.0186698,63736807.99313741,76935966.54841065,-13199158.555273242,1630490582.4633963,0.0416666666666666,0.9583333333333334,0,0,0,Đạt,2026-06-14
1120,4,1,14,3,24,3,0,3,27,1630490582.4633963,204706403.24785405,0.0,204706403.24785405,1835196985.7112503,0.0,1.0,0,0,0,Đạt,2026-06-14
1121,5,1,14,3,27,3,0,3,30,1835196985.7112503,173135935.45016184,0.0,173135935.45016184,2008332921.1614125,0.0,1.0,0,0,0,Đạt,2026-06-14
1122,6,1,14,3,30,4,1,3,33,2008332921.1614125,320064747.1057788,65775110.93506436,254289636.17071444,2262622557.332127,0.0333333333333333,0.9666666666666668,0,0,0,Đạt,2026-06-14
1123,7,1,14,3,33,0,0,0,33,2262622557.332127,0.0,0.0,0.0,2262622557.332127,0.0,1.0,0,0,0,Đạt,2026-06-14
1124,8,1,14,3,33,3,1,2,35,2262622557.332127,244279835.53757164,70084787.8763631,174195047.66120854,2436817604.993336,0.0303030303030303,0.9696969696969696,0,0,0,Đạt,2026-06-14
1125,9,1,14,3,35,2,2,0,35,2436817604.993336,130863802.3846862,120032230.3493204,10831572.035365803,2447649177.0287013,0.0571428571428571,0.9428571428571428,0,0,0,Đạt,2026-06-14
1126,10,1,14,3,35,0,1,-1,34,2447649177.0287013,0.0,76411673.79136488,-76411673.79136488,2371237503.2373366,0.0285714285714285,0.9714285714285714,0,0,0,Đạt,2026-06-14
1127,11,1,14,3,34,1,2,-1,33,2371237503.2373366,75953420.56770372,161497971.5088557,-85544550.94115198,2285692952.2961845,0.0588235294117647,0.9411764705882352,0,0,0,Đạt,2026-06-14
1128,12,1,14,3,33,3,2,1,34,2285692952.2961845,237675525.3360852,118533448.2874206,119142077.0486646,2404835029.344849,0.0606060606060606,0.9393939393939394,0,0,0,Đạt,2026-06-14
1129,1,1,14,4,39,5,0,5,44,1009906997.788934,135328199.60994515,0.0,135328199.60994515,1145235197.398879,0.0,1.0,0,0,0,Đạt,2026-06-14
1130,2,1,14,4,44,4,1,3,47,1145235197.398879,88054003.57164383,31062177.495160613,56991826.07648322,1202227023.4753623,0.0227272727272727,0.9772727272727272,0,0,0,Đạt,2026-06-14
1131,3,1,14,4,47,6,3,3,50,1202227023.4753623,173988493.5938268,90059126.45749648,83929367.13633032,1286156390.611693,0.0638297872340425,0.9361702127659576,0,0,0,Đạt,2026-06-14
1132,4,1,14,4,50,0,4,-4,46,1286156390.611693,0.0,101798888.31269144,-101798888.31269144,1184357502.2990012,0.08,0.92,0,0,0,Đạt,2026-06-14
1133,5,1,14,4,46,1,1,0,46,1184357502.2990012,23537244.805615053,24503998.505327564,-966753.6997125112,1183390748.5992887,0.0217391304347826,0.9782608695652174,0,0,0,Đạt,2026-06-14
1134,6,1,14,4,46,1,1,0,46,1183390748.5992887,24747582.183037225,21690678.14127745,3056904.041759774,1186447652.6410484,0.0217391304347826,0.9782608695652174,0,0,0,Đạt,2026-06-14
1135,7,1,14,4,46,3,1,2,48,1186447652.6410484,92761280.64622422,26306693.395750623,66454587.25047359,1252902239.891522,0.0217391304347826,0.9782608695652174,0,0,0,Đạt,2026-06-14
1136,8,1,14,4,48,4,4,0,48,1252902239.891522,83346612.62811393,122211924.91531178,-38865312.28719786,1214036927.604324,0.0833333333333333,0.9166666666666666,0,0,0,Đạt,2026-06-14
1137,9,1,14,4,48,5,2,3,51,1214036927.604324,104829897.74198952,48326953.55096207,56502944.191027455,1270539871.7953515,0.0416666666666666,0.9583333333333334,0,0,0,Đạt,2026-06-14
1138,10,1,14,4,51,1,4,-3,48,1270539871.7953515,28206179.5026411,101537528.40840824,-73331348.90576716,1197208522.8895843,0.0784313725490196,0.9215686274509804,0,0,0,Đạt,2026-06-14
1139,11,1,14,4,48,4,1,3,51,1197208522.8895843,107390995.3144148,29640056.82923959,77750938.4851752,1274959461.3747594,0.0208333333333333,0.9791666666666666,0,0,0,Đạt,2026-06-14
1140,12,1,14,4,51,0,2,-2,49,1274959461.3747594,0.0,42402609.9389537,-42402609.9389537,1232556851.4358058,0.0392156862745098,0.9607843137254902,0,0,0,Đạt,2026-06-14
1141,1,1,14,5,21,2,1,1,22,945357302.7817192,99878184.75226508,36593438.62288437,63284746.129380696,1008642048.9110998,0.0476190476190476,0.9523809523809524,3,0,0,Cần kiểm tra,2026-06-14
1142,2,1,14,5,22,0,1,-1,21,1008642048.9110998,0.0,44707524.76664334,-44707524.76664334,963934524.1444564,0.0454545454545454,0.9545454545454546,0,0,0,Đạt,2026-06-14
1143,3,1,14,5,21,0,1,-1,20,963934524.1444564,0.0,52975791.095990434,-52975791.095990434,910958733.048466,0.0476190476190476,0.9523809523809524,0,0,0,Đạt,2026-06-14
1144,4,1,14,5,20,2,0,2,22,910958733.048466,82432211.59610535,0.0,82432211.59610535,993390944.6445714,0.0,1.0,0,0,0,Đạt,2026-06-14
1145,5,1,14,5,22,0,1,-1,21,993390944.6445714,0.0,45486508.51014844,-45486508.51014844,947904436.134423,0.0454545454545454,0.9545454545454546,0,0,0,Đạt,2026-06-14
1146,6,1,14,5,21,1,0,1,22,947904436.134423,40506925.11661831,0.0,40506925.11661831,988411361.2510412,0.0,1.0,0,0,0,Đạt,2026-06-14
1147,7,1,14,5,22,2,0,2,24,988411361.2510412,78018871.01572455,0.0,78018871.01572455,1066430232.2667658,0.0,1.0,0,0,0,Đạt,2026-06-14
1148,8,1,14,5,24,0,1,-1,23,1066430232.2667658,0.0,39916199.98023047,-39916199.98023047,1026514032.2865354,0.0416666666666666,0.9583333333333334,0,0,0,Đạt,2026-06-14
1149,9,1,14,5,23,3,1,2,25,1026514032.2865354,125136230.38819613,51275507.582984805,73860722.8052113,1100374755.0917468,0.0434782608695652,0.9565217391304348,0,0,0,Đạt,2026-06-14
1150,10,1,14,5,25,3,1,2,27,1100374755.0917468,151499988.0148476,37257155.37548401,114242832.6393636,1214617587.7311103,0.04,0.96,0,0,0,Đạt,2026-06-14
1151,11,1,14,5,27,1,1,0,27,1214617587.7311103,42907977.13720134,51998528.57595944,-9090551.438758098,1205527036.2923522,0.037037037037037,0.962962962962963,0,0,0,Đạt,2026-06-14
1152,12,1,14,5,27,1,1,0,27,1205527036.2923522,36014349.30448228,49305278.55950464,-13290929.255022362,1192236107.03733,0.037037037037037,0.962962962962963,0,0,0,Đạt,2026-06-14
1153,1,1,14,6,28,2,1,1,29,730314602.6436776,53398980.79299577,30341042.90920293,23057937.883792847,753372540.5274705,0.0357142857142857,0.9642857142857144,0,0,0,Đạt,2026-06-14
1154,2,1,14,6,29,0,2,-2,27,753372540.5274705,0.0,46621769.90603903,-46621769.90603903,706750770.6214315,0.0689655172413793,0.9310344827586208,0,0,0,Đạt,2026-06-14
1155,3,1,14,6,27,2,2,0,27,706750770.6214315,43466826.44553621,54323150.31041406,-10856323.86487785,695894446.7565536,0.074074074074074,0.925925925925926,0,0,0,Đạt,2026-06-14
1156,4,1,14,6,27,2,0,2,29,695894446.7565536,47918074.82498104,0.0,47918074.82498104,743812521.5815347,0.0,1.0,0,0,0,Đạt,2026-06-14
1157,5,1,14,6,29,1,2,-1,28,743812521.5815347,22696420.592437144,48490262.05040717,-25793841.45797002,718018680.1235647,0.0689655172413793,0.9310344827586208,0,0,0,Đạt,2026-06-14
1158,6,1,14,6,28,2,1,1,29,718018680.1235647,61196364.42568568,27665865.229820747,33530499.195864927,751549179.3194296,0.0357142857142857,0.9642857142857144,0,0,0,Đạt,2026-06-14
1159,7,1,14,6,29,2,0,2,31,751549179.3194296,44044234.5628392,0.0,44044234.5628392,795593413.8822688,0.0,1.0,0,0,0,Đạt,2026-06-14
1160,8,1,14,6,31,0,0,0,31,795593413.8822688,0.0,0.0,0.0,795593413.8822688,0.0,1.0,0,0,0,Đạt,2026-06-14
1161,9,1,14,6,31,0,2,-2,29,795593413.8822688,0.0,43329622.44174279,-43329622.44174279,752263791.440526,0.064516129032258,0.935483870967742,0,0,0,Đạt,2026-06-14
1162,10,1,14,6,29,3,0,3,32,752263791.440526,91212081.20174909,0.0,91212081.20174909,843475872.6422751,0.0,1.0,0,0,0,Đạt,2026-06-14
1163,11,1,14,6,32,4,2,2,34,843475872.6422751,102395568.72446,44297862.49783667,58097706.22662332,901573578.8688984,0.0625,0.9375,0,0,0,Đạt,2026-06-14
1164,12,1,14,6,34,4,2,2,36,901573578.8688984,99146196.58388685,47866622.18710121,51279574.39678564,952853153.265684,0.0588235294117647,0.9411764705882352,0,0,0,Đạt,2026-06-14
1165,1,1,14,7,32,3,1,2,34,2955327096.766598,275235083.70695513,98401092.28433073,176833991.4226244,3132161088.189223,0.03125,0.96875,0,0,0,Đạt,2026-06-14
1166,2,1,14,7,34,4,1,3,37,3132161088.189223,404848004.81779206,98205449.16009878,306642555.65769327,3438803643.846916,0.0294117647058823,0.9705882352941176,0,0,0,Đạt,2026-06-14
1167,3,1,14,7,37,2,1,1,38,3438803643.846916,183899208.3512778,79291304.65872994,104607903.69254786,3543411547.539464,0.027027027027027,0.972972972972973,0,0,0,Đạt,2026-06-14
1168,4,1,14,7,38,3,3,0,38,3543411547.539464,246075504.07525665,229648242.44267756,16427261.632579088,3559838809.172043,0.0789473684210526,0.9210526315789472,0,0,0,Đạt,2026-06-14
1169,5,1,14,7,38,1,3,-2,36,3559838809.172043,81619938.96251829,235641329.297146,-154021390.3346277,3405817418.837415,0.0789473684210526,0.9210526315789472,0,0,0,Đạt,2026-06-14
1170,6,1,14,7,36,1,3,-2,34,3405817418.837415,100827798.55285172,261040484.9362017,-160212686.38334996,3245604732.4540653,0.0833333333333333,0.9166666666666666,0,0,0,Đạt,2026-06-14
1171,7,1,14,7,34,3,3,0,34,3245604732.4540653,312089020.6824794,328678615.23634416,-16589594.553864775,3229015137.9002004,0.088235294117647,0.9117647058823528,0,0,0,Đạt,2026-06-14
1172,8,1,14,7,34,1,3,-2,32,3229015137.9002004,84309758.19883429,295380291.99163467,-211070533.7928004,3017944604.1074,0.088235294117647,0.9117647058823528,0,0,0,Đạt,2026-06-14
1173,9,1,14,7,32,1,1,0,32,3017944604.1074,99549260.22001068,110781465.29143016,-11232205.071419476,3006712399.03598,0.03125,0.96875,0,0,0,Đạt,2026-06-14
1174,10,1,14,7,32,0,0,0,32,3006712399.03598,0.0,0.0,0.0,3006712399.03598,0.0,1.0,0,0,0,Đạt,2026-06-14
1175,11,1,14,7,32,1,0,1,33,3006712399.03598,86616758.38678943,0.0,86616758.38678943,3093329157.422769,0.0,1.0,0,0,0,Đạt,2026-06-14
1176,12,1,14,7,33,2,3,-1,32,3093329157.422769,192764552.15237212,274037973.21537673,-81273421.06300458,3012055736.359765,0.0909090909090909,0.9090909090909092,8,0,3,Cần kiểm tra,2026-06-14
1177,1,1,15,1,17,1,0,1,18,462013917.6850968,25809649.037183248,0.0,25809649.037183248,487823566.72228,0.0,1.0,0,0,0,Đạt,2026-06-14
1178,2,1,15,1,18,2,0,2,20,487823566.72228,59593761.782811046,0.0,59593761.782811046,547417328.5050911,0.0,1.0,0,0,0,Đạt,2026-06-14
1179,3,1,15,1,20,2,1,1,21,547417328.5050911,47212580.98750085,21846601.2500084,25365979.737492457,572783308.2425835,0.05,0.95,0,0,0,Đạt,2026-06-14
1180,4,1,15,1,21,1,0,1,22,572783308.2425835,28734330.225007672,0.0,28734330.225007672,601517638.4675912,0.0,1.0,0,0,0,Đạt,2026-06-14
1181,5,1,15,1,22,1,0,1,23,601517638.4675912,27116156.023957785,0.0,27116156.023957785,628633794.4915489,0.0,1.0,0,0,0,Đạt,2026-06-14
1182,6,1,15,1,23,0,1,-1,22,628633794.4915489,0.0,29017800.26689638,-29017800.26689638,599615994.2246525,0.0434782608695652,0.9565217391304348,0,0,0,Đạt,2026-06-14
1183,7,1,15,1,22,3,1,2,24,599615994.2246525,89060429.39890577,32493022.384947617,56567407.01395816,656183401.2386107,0.0454545454545454,0.9545454545454546,0,0,0,Đạt,2026-06-14
1184,8,1,15,1,24,3,1,2,26,656183401.2386107,90592045.68773144,25614533.129713427,64977512.558018014,721160913.7966287,0.0416666666666666,0.9583333333333334,4,0,0,Cần kiểm tra,2026-06-14
1185,9,1,15,1,26,0,2,-2,24,721160913.7966287,0.0,60872056.82206966,-60872056.82206966,660288856.9745591,0.0769230769230769,0.9230769230769232,0,0,0,Đạt,2026-06-14
1186,10,1,15,1,24,1,2,-1,23,660288856.9745591,30959542.472758923,44362913.82607818,-13403371.35331926,646885485.6212398,0.0833333333333333,0.9166666666666666,0,0,0,Đạt,2026-06-14
1187,11,1,15,1,23,0,1,-1,22,646885485.6212398,0.0,23868915.65982313,-23868915.65982313,623016569.9614166,0.0434782608695652,0.9565217391304348,0,0,0,Đạt,2026-06-14
1188,12,1,15,1,22,0,2,-2,20,623016569.9614166,0.0,62302502.352593616,-62302502.352593616,560714067.608823,0.0909090909090909,0.9090909090909092,0,0,0,Đạt,2026-06-14
1189,1,1,15,2,10,0,0,0,10,622588920.6922991,0.0,0.0,0.0,622588920.6922991,0.0,1.0,9,0,0,Cần kiểm tra,2026-06-14
1190,2,1,15,2,10,0,0,0,10,622588920.6922991,0.0,0.0,0.0,622588920.6922991,0.0,1.0,0,0,0,Đạt,2026-06-14
1191,3,1,15,2,10,1,0,1,11,622588920.6922991,73879217.90509443,0.0,73879217.90509443,696468138.5973935,0.0,1.0,0,0,0,Đạt,2026-06-14
1192,4,1,15,2,11,1,0,1,12,696468138.5973935,74125017.36828545,0.0,74125017.36828545,770593155.9656789,0.0,1.0,0,0,0,Đạt,2026-06-14
1193,5,1,15,2,12,0,0,0,12,770593155.9656789,0.0,0.0,0.0,770593155.9656789,0.0,1.0,0,0,0,Đạt,2026-06-14
1194,6,1,15,2,12,0,1,-1,11,770593155.9656789,0.0,65042370.30786309,-65042370.30786309,705550785.6578158,0.0833333333333333,0.9166666666666666,0,0,0,Đạt,2026-06-14
1195,7,1,15,2,11,0,0,0,11,705550785.6578158,0.0,0.0,0.0,705550785.6578158,0.0,1.0,0,0,0,Đạt,2026-06-14
1196,8,1,15,2,11,0,1,-1,10,705550785.6578158,0.0,71602110.8664883,-71602110.8664883,633948674.7913275,0.0909090909090909,0.9090909090909092,0,0,0,Đạt,2026-06-14
1197,9,1,15,2,10,0,0,0,10,633948674.7913275,0.0,0.0,0.0,633948674.7913275,0.0,1.0,0,0,0,Đạt,2026-06-14
1198,10,1,15,2,10,1,0,1,11,633948674.7913275,58444144.81329676,0.0,58444144.81329676,692392819.6046243,0.0,1.0,0,0,0,Đạt,2026-06-14
1199,11,1,15,2,11,1,0,1,12,692392819.6046243,54198439.75230922,0.0,54198439.75230922,746591259.3569335,0.0,1.0,0,0,0,Đạt,2026-06-14
1200,12,1,15,2,12,1,1,0,12,746591259.3569335,71339234.82490288,64940932.68713604,6398302.137766838,752989561.4947003,0.0833333333333333,0.9166666666666666,0,0,0,Đạt,2026-06-14
1201,1,1,15,3,19,1,1,0,19,1838541587.138069,80599682.15490147,86747130.27681303,-6147448.121911556,1832394139.0161572,0.0526315789473684,0.9473684210526316,0,0,0,Đạt,2026-06-14
1202,2,1,15,3,19,1,0,1,20,1832394139.0161572,88365923.28658426,0.0,88365923.28658426,1920760062.3027413,0.0,1.0,0,0,0,Đạt,2026-06-14
1203,3,1,15,3,20,0,1,-1,19,1920760062.3027413,0.0,95829651.17026828,-95829651.17026828,1824930411.1324728,0.05,0.95,0,0,0,Đạt,2026-06-14
1204,4,1,15,3,19,2,0,2,21,1824930411.1324728,219796618.3643869,0.0,219796618.3643869,2044727029.49686,0.0,1.0,0,0,0,Đạt,2026-06-14
1205,5,1,15,3,21,2,1,1,22,2044727029.49686,191016363.2471713,113126901.30179644,77889461.94537488,2122616491.442235,0.0476190476190476,0.9523809523809524,0,0,0,Đạt,2026-06-14
1206,6,1,15,3,22,1,1,0,22,2122616491.442235,89775369.28231445,109149936.46350184,-19374567.181187376,2103241924.261048,0.0454545454545454,0.9545454545454546,0,0,0,Đạt,2026-06-14
1207,7,1,15,3,22,1,0,1,23,2103241924.261048,79618608.10086384,0.0,79618608.10086384,2182860532.361912,0.0,1.0,0,0,0,Đạt,2026-06-14
1208,8,1,15,3,23,3,0,3,26,2182860532.361912,241423922.87996617,0.0,241423922.87996617,2424284455.2418776,0.0,1.0,0,0,0,Đạt,2026-06-14
1209,9,1,15,3,26,2,1,1,27,2424284455.2418776,224428265.621638,115699734.3224779,108728531.2991601,2533012986.5410376,0.0384615384615384,0.9615384615384616,0,0,0,Đạt,2026-06-14
1210,10,1,15,3,27,3,0,3,30,2533012986.5410376,260445544.65114743,0.0,260445544.65114743,2793458531.192185,0.0,1.0,0,0,0,Đạt,2026-06-14
1211,11,1,15,3,30,3,1,2,32,2793458531.192185,335505515.4091512,110409690.3642676,225095825.0448836,3018554356.2370687,0.0333333333333333,0.9666666666666668,0,0,0,Đạt,2026-06-14
1212,12,1,15,3,32,1,3,-2,30,3018554356.2370687,94892170.63912249,257509191.84655535,-162617021.20743293,2855937335.029636,0.09375,0.90625,0,0,0,Đạt,2026-06-14
1213,1,1,15,4,16,1,1,0,16,1369977275.1143963,98061518.79675962,86331225.00306885,11730293.79369077,1381707568.908087,0.0625,0.9375,0,0,0,Đạt,2026-06-14
1214,2,1,15,4,16,2,0,2,18,1381707568.908087,188098059.90466145,0.0,188098059.90466145,1569805628.8127484,0.0,1.0,0,0,0,Đạt,2026-06-14
1215,3,1,15,4,18,2,0,2,20,1569805628.8127484,153211184.00050434,0.0,153211184.00050434,1723016812.8132527,0.0,1.0,0,0,0,Đạt,2026-06-14
1216,4,1,15,4,20,0,0,0,20,1723016812.8132527,0.0,0.0,0.0,1723016812.8132527,0.0,1.0,0,0,0,Đạt,2026-06-14
1217,5,1,15,4,20,2,0,2,22,1723016812.8132527,183525501.44062105,0.0,183525501.44062105,1906542314.2538736,0.0,1.0,0,0,0,Đạt,2026-06-14
1218,6,1,15,4,22,1,1,0,22,1906542314.2538736,97754084.4164102,78227199.75197217,19526884.664438024,1926069198.918312,0.0454545454545454,0.9545454545454546,0,0,0,Đạt,2026-06-14
1219,7,1,15,4,22,1,1,0,22,1926069198.918312,74199607.6107388,72708308.9490698,1491298.661669001,1927560497.5799809,0.0454545454545454,0.9545454545454546,0,0,0,Đạt,2026-06-14
1220,8,1,15,4,22,1,1,0,22,1927560497.5799809,92549993.49381211,100256884.1339365,-7706890.640124366,1919853606.9398563,0.0454545454545454,0.9545454545454546,0,0,0,Đạt,2026-06-14
1221,9,1,15,4,22,1,2,-1,21,1919853606.9398563,93469884.92954506,181681040.76218992,-88211155.83264486,1831642451.107212,0.0909090909090909,0.9090909090909092,0,0,0,Đạt,2026-06-14
1222,10,1,15,4,21,2,0,2,23,1831642451.107212,149982248.97632483,0.0,149982248.97632483,1981624700.0835364,0.0,1.0,0,0,0,Đạt,2026-06-14
1223,11,1,15,4,23,3,1,2,25,1981624700.0835364,302077060.34558,88263775.80085176,213813284.54472825,2195437984.6282644,0.0434782608695652,0.9565217391304348,0,0,0,Đạt,2026-06-14
1224,12,1,15,4,25,2,0,2,27,2195437984.6282644,162787978.67906314,0.0,162787978.67906314,2358225963.307328,0.0,1.0,0,0,0,Đạt,2026-06-14
1225,1,1,15,5,10,0,0,0,10,836140249.196284,0.0,0.0,0.0,836140249.196284,0.0,1.0,0,0,0,Đạt,2026-06-14
1226,2,1,15,5,10,1,0,1,11,836140249.196284,82755542.25040996,0.0,82755542.25040996,918895791.446694,0.0,1.0,0,0,0,Đạt,2026-06-14
1227,3,1,15,5,11,0,0,0,11,918895791.446694,0.0,0.0,0.0,918895791.446694,0.0,1.0,0,0,0,Đạt,2026-06-14
1228,4,1,15,5,11,1,0,1,12,918895791.446694,84990213.26079054,0.0,84990213.26079054,1003886004.7074846,0.0,1.0,0,0,0,Đạt,2026-06-14
1229,5,1,15,5,12,0,0,0,12,1003886004.7074846,0.0,0.0,0.0,1003886004.7074846,0.0,1.0,0,0,0,Đạt,2026-06-14
1230,6,1,15,5,12,1,0,1,13,1003886004.7074846,85351276.07844874,0.0,85351276.07844874,1089237280.7859333,0.0,1.0,7,0,0,Cần kiểm tra,2026-06-14
1231,7,1,15,5,13,0,0,0,13,1089237280.7859333,0.0,0.0,0.0,1089237280.7859333,0.0,1.0,0,0,0,Đạt,2026-06-14
1232,8,1,15,5,13,1,1,0,13,1089237280.7859333,87269357.74287742,75201979.13675019,12067378.606127232,1101304659.3920605,0.0769230769230769,0.9230769230769232,0,0,0,Đạt,2026-06-14
1233,9,1,15,5,13,1,0,1,14,1101304659.3920605,68504366.5689941,0.0,68504366.5689941,1169809025.9610546,0.0,1.0,0,0,0,Đạt,2026-06-14
1234,10,1,15,5,14,1,0,1,15,1169809025.9610546,89289191.30623011,0.0,89289191.30623011,1259098217.2672846,0.0,1.0,0,0,0,Đạt,2026-06-14
1235,11,1,15,5,15,1,0,1,16,1259098217.2672846,84792064.10951978,0.0,84792064.10951978,1343890281.3768044,0.0,1.0,0,0,0,Đạt,2026-06-14
1236,12,1,15,5,16,1,0,1,17,1343890281.3768044,98753356.33698104,0.0,98753356.33698104,1442643637.7137854,0.0,1.0,0,0,0,Đạt,2026-06-14
1237,1,1,15,6,17,2,0,2,19,293269197.3789611,33655649.934544004,0.0,33655649.934544004,326924847.3135051,0.0,1.0,0,0,0,Đạt,2026-06-14
1238,2,1,15,6,19,2,0,2,21,326924847.3135051,28633136.059926044,0.0,28633136.059926044,355557983.37343115,0.0,1.0,0,0,0,Đạt,2026-06-14
1239,3,1,15,6,21,2,0,2,23,355557983.37343115,33802940.504094854,0.0,33802940.504094854,389360923.877526,0.0,1.0,0,0,0,Đạt,2026-06-14
1240,4,1,15,6,23,1,2,-1,22,389360923.877526,16252450.666874958,32644578.69365186,-16392128.0267769,372968795.8507491,0.0869565217391304,0.9130434782608696,0,0,0,Đạt,2026-06-14
1241,5,1,15,6,22,1,1,0,22,372968795.8507491,15697553.74656469,14418017.661415262,1279536.085149428,374248331.9358985,0.0454545454545454,0.9545454545454546,0,0,0,Đạt,2026-06-14
1242,6,1,15,6,22,3,1,2,24,374248331.9358985,47910889.012028575,16081018.357984668,31829870.654043905,406078202.5899424,0.0454545454545454,0.9545454545454546,0,0,0,Đạt,2026-06-14
1243,7,1,15,6,24,1,1,0,24,406078202.5899424,20545899.242489927,13901072.982961606,6644826.25952832,412723028.84947073,0.0416666666666666,0.9583333333333334,0,0,0,Đạt,2026-06-14
1244,8,1,15,6,24,1,0,1,25,412723028.84947073,13845756.684718002,0.0,13845756.684718002,426568785.5341888,0.0,1.0,0,0,0,Đạt,2026-06-14
1245,9,1,15,6,25,1,2,-1,24,426568785.5341888,18488487.44805032,32595565.75652036,-14107078.30847004,412461707.22571874,0.08,0.92,0,0,0,Đạt,2026-06-14
1246,10,1,15,6,24,1,2,-1,23,412461707.22571874,17972553.45611499,33874365.52558071,-15901812.069465725,396559895.156253,0.0833333333333333,0.9166666666666666,0,0,0,Đạt,2026-06-14
1247,11,1,15,6,23,2,1,1,24,396559895.156253,39336126.83981919,16764043.507570324,22572083.33224886,419131978.4885019,0.0434782608695652,0.9565217391304348,0,0,0,Đạt,2026-06-14
1248,12,1,15,6,24,1,2,-1,23,419131978.4885019,20588431.649842497,28847994.8011092,-8259563.151266705,410872415.3372352,0.0833333333333333,0.9166666666666666,0,0,0,Đạt,2026-06-14
1249,1,1,15,7,11,1,0,1,12,632384131.3885698,63692094.9203453,0.0,63692094.9203453,696076226.3089151,0.0,1.0,0,0,0,Đạt,2026-06-14
1250,2,1,15,7,12,0,0,0,12,696076226.3089151,0.0,0.0,0.0,696076226.3089151,0.0,1.0,0,0,0,Đạt,2026-06-14
1251,3,1,15,7,12,0,0,0,12,696076226.3089151,0.0,0.0,0.0,696076226.3089151,0.0,1.0,0,0,0,Đạt,2026-06-14
1252,4,1,15,7,12,0,0,0,12,696076226.3089151,0.0,0.0,0.0,696076226.3089151,0.0,1.0,0,0,0,Đạt,2026-06-14
1253,5,1,15,7,12,1,0,1,13,696076226.3089151,52188919.93368042,0.0,52188919.93368042,748265146.2425956,0.0,1.0,0,0,0,Đạt,2026-06-14
1254,6,1,15,7,13,0,0,0,13,748265146.2425956,0.0,0.0,0.0,748265146.2425956,0.0,1.0,9,1,0,Cần kiểm tra,2026-06-14
1255,7,1,15,7,13,0,0,0,13,748265146.2425956,0.0,0.0,0.0,748265146.2425956,0.0,1.0,0,0,0,Đạt,2026-06-14
1256,8,1,15,7,13,1,0,1,14,748265146.2425956,60207332.09117437,0.0,60207332.09117437,808472478.3337699,0.0,1.0,0,0,0,Đạt,2026-06-14
1257,9,1,15,7,14,0,0,0,14,808472478.3337699,0.0,0.0,0.0,808472478.3337699,0.0,1.0,0,0,0,Đạt,2026-06-14
1258,10,1,15,7,14,0,1,-1,13,808472478.3337699,0.0,55864079.59249799,-55864079.59249799,752608398.741272,0.0714285714285714,0.9285714285714286,0,0,0,Đạt,2026-06-14
1259,11,1,15,7,13,1,0,1,14,752608398.741272,53285675.04220728,0.0,53285675.04220728,805894073.7834792,0.0,1.0,0,0,0,Đạt,2026-06-14
1260,12,1,15,7,14,0,0,0,14,805894073.7834792,0.0,0.0,0.0,805894073.7834792,0.0,1.0,0,0,0,Đạt,2026-06-14
1261,1,2,1,1,6265,321,452,-131,6134,7234005279.514244,370516454.9185603,575726077.9943849,-205209623.07582456,7028795656.438419,0.0721468475658419,0.927853152434158,0,0,0,Đạt,2026-06-14
1262,2,2,1,1,6134,367,204,163,6297,7028795656.438419,481404115.8734489,195598886.5843205,285805229.2891284,7314600885.727548,0.0332572546462341,0.966742745353766,0,0,0,Đạt,2026-06-14
1263,3,2,1,1,6297,908,358,550,6847,7314600885.727548,974423545.5117255,402681442.4286536,571742103.083072,7886342988.810619,0.0568524694298872,0.9431475305701128,0,0,0,Đạt,2026-06-14
1264,4,2,1,1,6847,158,167,-9,6838,7886342988.810619,204265809.5360684,186123164.8641565,18142644.67191184,7904485633.482532,0.024390243902439,0.975609756097561,0,0,0,Đạt,2026-06-14
1265,5,2,1,1,6838,277,528,-251,6587,7904485633.482532,365593238.5513936,701071358.3601853,-335478119.8087917,7569007513.673739,0.0772155601052939,0.922784439894706,0,0,0,Đạt,2026-06-14
1266,6,2,1,1,6587,146,441,-295,6292,7569007513.673739,149569285.93824795,424628326.0218849,-275059040.083637,7293948473.590102,0.0669500531349628,0.9330499468650372,0,0,0,Đạt,2026-06-14
1267,7,2,1,1,6292,104,484,-380,5912,7293948473.590102,129682073.5175187,641920360.8490574,-512238287.33153874,6781710186.258563,0.0769230769230769,0.9230769230769232,0,0,0,Đạt,2026-06-14
1268,8,2,1,1,5912,376,402,-26,5886,6781710186.258563,360209799.80616057,443764710.0609708,-83554910.25481021,6698155276.003753,0.0679972936400541,0.932002706359946,8,0,0,Cần kiểm tra,2026-06-14
1269,9,2,1,1,5886,865,201,664,6550,6698155276.003753,995234845.2149924,236002272.98229727,759232572.232695,7457387848.236447,0.0341488277268093,0.9658511722731906,0,0,0,Đạt,2026-06-14
1270,10,2,1,1,6550,522,253,269,6819,7457387848.236447,657651382.9879289,267907728.1435213,389743654.8444076,7847131503.080854,0.0386259541984732,0.9613740458015269,0,0,0,Đạt,2026-06-14
1271,11,2,1,1,6819,576,317,259,7078,7847131503.080854,665702697.3436887,436023712.97323656,229678984.37045217,8076810487.451306,0.046487754802757,0.953512245197243,0,0,0,Đạt,2026-06-14
1272,12,2,1,1,7078,709,510,199,7277,8076810487.451306,703418336.2858286,477364265.2713487,226054071.01447988,8302864558.465786,0.0720542526137326,0.9279457473862672,6,8,0,Cần kiểm tra,2026-06-14
1273,1,2,1,2,4074,590,227,363,4437,16682017763.735737,2138032551.110765,1003323245.3088084,1134709305.801957,17816727069.537693,0.0557191948944526,0.9442808051055472,0,0,0,Đạt,2026-06-14
1274,2,2,1,2,4437,353,270,83,4520,17816727069.537693,1187007184.917198,1120058341.098007,66948843.81919098,17883675913.356884,0.0608519269776876,0.9391480730223124,0,0,0,Đạt,2026-06-14
1275,3,2,1,2,4520,349,439,-90,4430,17883675913.356884,1585085210.8122025,1972996773.961537,-387911563.1493344,17495764350.20755,0.0971238938053097,0.9028761061946904,0,0,0,Đạt,2026-06-14
1276,4,2,1,2,4430,323,318,5,4435,17495764350.20755,1564996342.539999,1330210896.825594,234785445.71440503,17730549795.921955,0.0717832957110609,0.9282167042889392,0,0,0,Đạt,2026-06-14
1277,5,2,1,2,4435,654,321,333,4768,17730549795.921955,2818478565.7379456,1411517404.4425237,1406961161.2954218,19137510957.217377,0.0723788049605411,0.9276211950394588,0,0,0,Đạt,2026-06-14
1278,6,2,1,2,4768,393,83,310,5078,19137510957.217377,1389215131.4828937,313930503.40117264,1075284628.081721,20212795585.2991,0.0174077181208053,0.9825922818791948,0,0,0,Đạt,2026-06-14
1279,7,2,1,2,5078,686,128,558,5636,20212795585.2991,2408201929.1017623,531276451.7458625,1876925477.3559,22089721062.655,0.0252067743205986,0.9747932256794012,0,0,0,Đạt,2026-06-14
1280,8,2,1,2,5636,291,480,-189,5447,22089721062.655,1309165766.988594,1892885652.737632,-583719885.7490377,21506001176.90596,0.085166784953868,0.914833215046132,0,0,0,Đạt,2026-06-14
1281,9,2,1,2,5447,173,538,-365,5082,21506001176.90596,674775186.0893959,2174591691.6066384,-1499816505.5172424,20006184671.38872,0.0987699651184138,0.9012300348815862,0,0,0,Đạt,2026-06-14
1282,10,2,1,2,5082,583,476,107,5189,20006184671.38872,2515866941.217141,1861946678.362209,653920262.8549321,20660104934.24365,0.09366391184573,0.90633608815427,0,0,0,Đạt,2026-06-14
1283,11,2,1,2,5189,589,275,314,5503,20660104934.24365,1979936687.635087,1200571573.2304163,779365114.4046705,21439470048.64832,0.0529967238388899,0.94700327616111,0,0,0,Đạt,2026-06-14
1284,12,2,1,2,5503,608,444,164,5667,21439470048.64832,2213883501.9860697,2037166355.873944,176717146.11212564,21616187194.760445,0.0806832636743594,0.9193167363256406,0,0,0,Đạt,2026-06-14
1285,1,2,1,3,5526,533,549,-16,5510,21693950682.608486,2221915322.1874914,1912353551.0612028,309561771.12628865,22003512453.734776,0.0993485342019544,0.9006514657980456,0,0,0,Đạt,2026-06-14
1286,2,2,1,3,5510,214,263,-49,5461,22003512453.734776,772466993.1897422,1211268835.9732852,-438801842.783543,21564710610.951237,0.0477313974591651,0.9522686025408348,0,0,0,Đạt,2026-06-14
1287,3,2,1,3,5461,763,177,586,6047,21564710610.951237,2855973190.294418,725807007.1093733,2130166183.1850443,23694876794.13628,0.0324116462186412,0.9675883537813588,0,0,0,Đạt,2026-06-14
1288,4,2,1,3,6047,262,440,-178,5869,23694876794.13628,1120662666.207323,1816617697.95486,-695955031.7475367,22998921762.38874,0.0727633537291218,0.927236646270878,0,0,0,Đạt,2026-06-14
1289,5,2,1,3,5869,695,200,495,6364,22998921762.38874,3213329390.4147334,852631577.6246142,2360697812.790119,25359619575.17886,0.0340773555972056,0.9659226444027944,0,0,0,Đạt,2026-06-14
1290,6,2,1,3,6364,544,335,209,6573,25359619575.17886,2495245973.690854,1545464859.6532447,949781114.0376092,26309400689.21647,0.052639849151477,0.947360150848523,0,0,0,Đạt,2026-06-14
1291,7,2,1,3,6573,211,353,-142,6431,26309400689.21647,927891113.4279556,1662620329.1850786,-734729215.7571231,25574671473.459347,0.0537045489122166,0.9462954510877832,0,0,0,Đạt,2026-06-14
1292,8,2,1,3,6431,298,158,140,6571,25574671473.459347,966502892.0777656,741075334.8232994,225427557.2544663,25800099030.713814,0.0245684963458249,0.9754315036541752,0,0,0,Đạt,2026-06-14
1293,9,2,1,3,6571,328,607,-279,6292,25800099030.713814,1229385334.559266,2413062188.7237263,-1183676854.1644604,24616422176.549355,0.0923755897123725,0.9076244102876274,10,0,5,Cần kiểm tra,2026-06-14
1294,10,2,1,3,6292,315,108,207,6499,24616422176.549355,1023757051.24488,480030626.2523915,543726424.9924884,25160148601.541843,0.0171646535282898,0.98283534647171,0,0,0,Đạt,2026-06-14
1295,11,2,1,3,6499,889,520,369,6868,25160148601.541843,3754033066.488776,2135632570.374008,1618400496.1147678,26778549097.65661,0.0800123095860901,0.9199876904139098,0,0,0,Đạt,2026-06-14
1296,12,2,1,3,6868,941,335,606,7474,26778549097.65661,3625368781.677849,1400697849.0534823,2224670932.6243668,29003220030.28098,0.0487769365171811,0.9512230634828188,0,0,0,Đạt,2026-06-14
1297,1,2,1,4,4872,719,217,502,5374,20457227663.211323,3022985996.7650847,969870882.4022698,2053115114.362815,22510342777.57414,0.0445402298850574,0.9554597701149424,0,0,0,Đạt,2026-06-14
1298,2,2,1,4,5374,110,99,11,5385,22510342777.57414,393728776.90025175,338353981.5606193,55374795.33963239,22565717572.913773,0.0184220320059545,0.9815779679940454,0,0,0,Đạt,2026-06-14
1299,3,2,1,4,5385,353,242,111,5496,22565717572.913773,1292396187.607581,911682528.7781228,380713658.82945776,22946431231.74323,0.0449396471680594,0.9550603528319406,0,0,0,Đạt,2026-06-14
1300,4,2,1,4,5496,373,337,36,5532,22946431231.74323,1796309620.4844155,1681262669.2501357,115046951.23427989,23061478182.97751,0.0613173216885007,0.9386826783114992,0,0,0,Đạt,2026-06-14
1301,5,2,1,4,5532,524,439,85,5617,23061478182.97751,1839977496.077104,2108929864.3062608,-268952368.229157,22792525814.748352,0.0793564714389009,0.9206435285610992,0,0,0,Đạt,2026-06-14
1302,6,2,1,4,5617,282,79,203,5820,22792525814.748352,1010213445.4027848,290312831.1516257,719900614.2511592,23512426428.99951,0.0140644472138152,0.9859355527861848,0,0,0,Đạt,2026-06-14
1303,7,2,1,4,5820,746,346,400,6220,23512426428.99951,2696970272.25224,1316373574.056768,1380596698.1954718,24893023127.194984,0.0594501718213058,0.940549828178694,0,0,0,Đạt,2026-06-14
1304,8,2,1,4,6220,606,551,55,6275,24893023127.194984,2518383818.297082,2317660832.2268243,200722986.0702577,25093746113.265244,0.0885852090032154,0.9114147909967846,0,0,0,Đạt,2026-06-14
1305,9,2,1,4,6275,160,603,-443,5832,25093746113.265244,541552062.6983769,2357976373.881849,-1816424311.183472,23277321802.08177,0.0960956175298804,0.9039043824701196,0,0,0,Đạt,2026-06-14
1306,10,2,1,4,5832,868,439,429,6261,23277321802.08177,4056750580.10261,1595145642.751875,2461604937.350735,25738926739.432507,0.0752743484224965,0.9247256515775034,0,0,0,Đạt,2026-06-14
1307,11,2,1,4,6261,545,353,192,6453,25738926739.432507,1856006175.430014,1699456387.1772013,156549788.25281286,25895476527.68532,0.0563807698450726,0.9436192301549272,0,0,0,Đạt,2026-06-14
1308,12,2,1,4,6453,668,448,220,6673,25895476527.68532,2809055838.7232947,1737671574.391591,1071384264.3317035,26966860792.01702,0.069425073609174,0.930574926390826,0,0,0,Đạt,2026-06-14
1309,1,2,1,5,7330,279,429,-150,7180,8620171660.591908,276238456.1576777,589061027.5028011,-312822571.3451233,8307349089.246784,0.0585266030013642,0.9414733969986356,0,0,0,Đạt,2026-06-14
1310,2,2,1,5,7180,209,481,-272,6908,8307349089.246784,282520559.10557985,581915195.8846266,-299394636.7790468,8007954452.467737,0.0669916434540389,0.933008356545961,0,0,0,Đạt,2026-06-14
1311,3,2,1,5,6908,469,108,361,7269,8007954452.467737,598577517.5145212,145847415.6958816,452730101.8186397,8460684554.286377,0.0156340474811812,0.9843659525188188,0,0,0,Đạt,2026-06-14
1312,4,2,1,5,7269,870,237,633,7902,8460684554.286377,920545227.236292,308166088.04132885,612379139.1949632,9073063693.48134,0.0326042096574494,0.9673957903425504,0,0,0,Đạt,2026-06-14
1313,5,2,1,5,7902,518,554,-36,7866,9073063693.48134,715328781.3506569,556109510.849064,159219270.50159287,9232282963.982931,0.070108833206783,0.9298911667932168,0,0,0,Đạt,2026-06-14
1314,6,2,1,5,7866,192,321,-129,7737,9232282963.982931,190080485.4144529,411592443.728493,-221511958.3140401,9010771005.668894,0.0408085430968726,0.9591914569031272,0,0,0,Đạt,2026-06-14
1315,7,2,1,5,7737,719,134,585,8322,9010771005.668894,760083212.4830515,145756373.57804617,614326838.9050053,9625097844.573898,0.0173193744345353,0.9826806255654646,0,0,0,Đạt,2026-06-14
1316,8,2,1,5,8322,912,810,102,8424,9625097844.573898,899481636.4200047,911427017.262877,-11945380.842872262,9613152463.731026,0.0973323720259553,0.9026676279740448,0,0,0,Đạt,2026-06-14
1317,9,2,1,5,8424,436,379,57,8481,9613152463.731026,426697097.8204472,388878843.7134245,37818254.10702264,9650970717.838049,0.0449905033238366,0.9550094966761632,0,0,0,Đạt,2026-06-14
1318,10,2,1,5,8481,685,625,60,8541,9650970717.838049,729875714.8448834,816097576.8952671,-86221862.05038369,9564748855.787664,0.0736941398419997,0.9263058601580002,0,0,0,Đạt,2026-06-14
1319,11,2,1,5,8541,1106,663,443,8984,9564748855.787664,1343340862.399268,671374301.9434392,671966560.4558287,10236715416.243492,0.0776255707762557,0.9223744292237444,0,0,0,Đạt,2026-06-14
1320,12,2,1,5,8984,1284,394,890,9874,10236715416.243492,1679899068.6731205,420689066.32954615,1259210002.343574,11495925418.587069,0.0438557435440783,0.9561442564559216,0,0,0,Đạt,2026-06-14
1321,1,2,1,6,6991,541,206,335,7326,28847390326.29842,2137744353.627944,950520029.9669726,1187224323.6609716,30034614649.959396,0.0294664568731225,0.9705335431268776,0,0,0,Đạt,2026-06-14
1322,2,2,1,6,7326,102,220,-118,7208,30034614649.959396,473451732.0144565,871387715.7018635,-397935983.687407,29636678666.271984,0.03003003003003,0.96996996996997,0,0,0,Đạt,2026-06-14
1323,3,2,1,6,7208,311,149,162,7370,29636678666.271984,1191019423.222622,570844979.0961593,620174444.1264626,30256853110.398445,0.0206714761376248,0.9793285238623752,0,0,0,Đạt,2026-06-14
1324,4,2,1,6,7370,1030,75,955,8325,30256853110.398445,3740726076.4429584,258920009.16349623,3481806067.279462,33738659177.677902,0.0101763907734057,0.9898236092265944,0,0,0,Đạt,2026-06-14
1325,5,2,1,6,8325,629,678,-49,8276,33738659177.677902,2840980194.0080204,2524545913.0596867,316434280.94833374,34055093458.62624,0.0814414414414414,0.9185585585585584,0,0,0,Đạt,2026-06-14
1326,6,2,1,6,8276,867,732,135,8411,34055093458.62624,4204629044.423455,3237687583.955463,966941460.4679918,35022034919.09423,0.0884485258579023,0.9115514741420976,0,0,0,Đạt,2026-06-14
1327,7,2,1,6,8411,632,682,-50,8361,35022034919.09423,2748927021.5802464,2558893486.5107303,190033535.06951615,35212068454.16375,0.0810842943764118,0.9189157056235882,0,0,0,Đạt,2026-06-14
1328,8,2,1,6,8361,787,346,441,8802,35212068454.16375,3330995216.852653,1142761433.6350684,2188233783.2175846,37400302237.38133,0.0413826097356775,0.9586173902643224,0,0,0,Đạt,2026-06-14
1329,9,2,1,6,8802,371,647,-276,8526,37400302237.38133,1604643051.1336968,2155837830.995141,-551194779.8614442,36849107457.51989,0.073506021358782,0.926493978641218,0,0,0,Đạt,2026-06-14
1330,10,2,1,6,8526,1008,630,378,8904,36849107457.51989,4008649145.2747087,2922044857.865091,1086604287.409618,37935711744.929504,0.0738916256157635,0.9261083743842364,0,0,0,Đạt,2026-06-14
1331,11,2,1,6,8904,569,838,-269,8635,37935711744.929504,2293833125.503665,2787070219.155386,-493237093.6517205,37442474651.27779,0.0941150044923629,0.905884995507637,9,8,0,Cần kiểm tra,2026-06-14
1332,12,2,1,6,8635,1014,689,325,8960,37442474651.27779,4912822654.125541,2803789938.923273,2109032715.202268,39551507366.48006,0.0797915460335842,0.9202084539664156,0,0,0,Đạt,2026-06-14
1333,1,2,1,7,6958,215,420,-205,6753,5693781368.552231,178854328.69738773,309393854.14062095,-130539525.44323322,5563241843.108997,0.0603621730382293,0.9396378269617708,0,0,0,Đạt,2026-06-14
1334,2,2,1,7,6753,71,451,-380,6373,5563241843.108997,64125657.539666034,300228935.5320172,-236103277.99235117,5327138565.116646,0.0667851325336887,0.9332148674663112,0,0,0,Đạt,2026-06-14
1335,3,2,1,7,6373,148,243,-95,6278,5327138565.116646,136674454.72969392,236152025.0985992,-99477570.36890525,5227660994.747741,0.0381296092891887,0.9618703907108112,0,0,0,Đạt,2026-06-14
1336,4,2,1,7,6278,744,528,216,6494,5227660994.747741,558208477.9126521,454792116.6379764,103416361.2746758,5331077356.022416,0.0841032175852182,0.9158967824147818,0,0,0,Đạt,2026-06-14
1337,5,2,1,7,6494,692,541,151,6645,5331077356.022416,651127675.3343391,502149564.2977402,148978111.03659892,5480055467.059015,0.0833076686171851,0.9166923313828148,0,0,0,Đạt,2026-06-14
1338,6,2,1,7,6645,696,508,188,6833,5480055467.059015,459199828.5390093,490668495.88128734,-31468667.342278004,5448586799.716738,0.0764484574868322,0.9235515425131676,0,0,0,Đạt,2026-06-14
1339,7,2,1,7,6833,254,224,30,6863,5448586799.716738,178822405.67963102,157611607.81010976,21210797.86952126,5469797597.586259,0.0327820869310698,0.9672179130689302,0,0,0,Đạt,2026-06-14
1340,8,2,1,7,6863,935,674,261,7124,5469797597.586259,641074992.0632397,590614712.105781,50460279.957458735,5520257877.543717,0.098207780853854,0.901792219146146,0,0,0,Đạt,2026-06-14
1341,9,2,1,7,7124,973,483,490,7614,5520257877.543717,673805317.2263471,407894376.0194396,265910941.2069075,5786168818.750625,0.067798989331836,0.932201010668164,8,0,2,Cần kiểm tra,2026-06-14
1342,10,2,1,7,7614,205,125,80,7694,5786168818.750625,172175175.3851548,86347056.26415493,85828119.12099989,5871996937.871625,0.0164171263462043,0.9835828736537956,9,0,3,Cần kiểm tra,2026-06-14
1343,11,2,1,7,7694,783,121,662,8356,5871996937.871625,734174490.3276736,92314218.09463806,641860272.2330354,6513857210.10466,0.0157265401611645,0.9842734598388354,0,0,0,Đạt,2026-06-14
1344,12,2,1,7,8356,556,163,393,8749,6513857210.10466,448514583.25568914,129734329.89811024,318780253.35757893,6832637463.462239,0.0195069411201531,0.9804930588798468,0,0,0,Đạt,2026-06-14
1345,1,2,2,1,7531,411,323,88,7619,25449356348.116287,1565824197.8110852,1118219961.5539205,447604236.25716496,25896960584.37345,0.0428893905191873,0.9571106094808126,0,0,0,Đạt,2026-06-14
1346,2,2,2,1,7619,227,161,66,7685,25896960584.37345,859602667.4470617,503090137.6895754,356512529.7574862,26253473114.130936,0.0211313820711379,0.978868617928862,0,0,0,Đạt,2026-06-14
1347,3,2,2,1,7685,654,296,358,8043,26253473114.130936,2303688424.786721,1086011068.895405,1217677355.8913162,27471150470.02225,0.0385165907612231,0.9614834092387768,0,0,0,Đạt,2026-06-14
1348,4,2,2,1,8043,765,630,135,8178,27471150470.02225,2987279904.64302,2130540627.944868,856739276.6981523,28327889746.7204,0.0783289817232376,0.9216710182767625,0,0,0,Đạt,2026-06-14
1349,5,2,2,1,8178,703,367,336,8514,28327889746.7204,1935966705.8719115,1430971263.880227,504995441.9916842,28832885188.71209,0.0448764979212521,0.955123502078748,0,0,0,Đạt,2026-06-14
1350,6,2,2,1,8514,959,270,689,9203,28832885188.71209,3815576996.149276,1052875457.8164546,2762701538.332822,31595586727.044907,0.0317124735729386,0.9682875264270612,0,0,0,Đạt,2026-06-14
1351,7,2,2,1,9203,358,411,-53,9150,31595586727.044907,975785340.0585948,1165223826.7011635,-189438486.6425687,31406148240.402336,0.0446593502118874,0.9553406497881126,0,0,0,Đạt,2026-06-14
1352,8,2,2,1,9150,1315,889,426,9576,31406148240.402336,4872494972.826245,3310029664.546257,1562465308.2799878,32968613548.682323,0.0971584699453552,0.9028415300546448,0,0,0,Đạt,2026-06-14
1353,9,2,2,1,9576,337,369,-32,9544,32968613548.682323,1201773586.9643774,1369099957.394796,-167326370.43041873,32801287178.251904,0.0385338345864661,0.9614661654135338,0,0,0,Đạt,2026-06-14
1354,10,2,2,1,9544,102,186,-84,9460,32801287178.251904,341671889.8410793,749695655.9421018,-408023766.1010225,32393263412.150883,0.0194886839899413,0.9805113160100588,0,0,0,Đạt,2026-06-14
1355,11,2,2,1,9460,1112,404,708,10168,32393263412.150883,3066174698.481264,1572272014.5325336,1493902683.94873,33887166096.099613,0.0427061310782241,0.957293868921776,0,0,0,Đạt,2026-06-14
1356,12,2,2,1,10168,616,936,-320,9848,33887166096.099613,2089159112.1953056,3427707162.037035,-1338548049.8417294,32548618046.257885,0.0920535011801731,0.9079464988198268,0,0,0,Đạt,2026-06-14
1357,1,2,2,2,4789,707,476,231,5020,15093516599.7338,1823556148.204641,1614888287.176961,208667861.0276804,15302184460.761482,0.0993944456045103,0.9006055543954896,0,0,0,Đạt,2026-06-14
1358,2,2,2,2,5020,469,289,180,5200,15302184460.761482,1744360092.8566284,989053246.220456,755306846.6361725,16057491307.397655,0.0575697211155378,0.9424302788844622,0,0,0,Đạt,2026-06-14
1359,3,2,2,2,5200,288,120,168,5368,16057491307.397655,912493147.4299448,347289666.9418951,565203480.4880496,16622694787.885706,0.023076923076923,0.9769230769230768,0,0,0,Đạt,2026-06-14
1360,4,2,2,2,5368,387,57,330,5698,16622694787.885706,1258758521.1399837,146681628.89544627,1112076892.2445374,17734771680.13024,0.0106184798807749,0.9893815201192252,0,0,0,Đạt,2026-06-14
1361,5,2,2,2,5698,523,173,350,6048,17734771680.13024,1917416750.439496,588580113.4809867,1328836636.958509,19063608317.08875,0.0303615303615303,0.9696384696384696,3,0,0,Cần kiểm tra,2026-06-14
1362,6,2,2,2,6048,578,426,152,6200,19063608317.08875,1907511676.1167855,1489989646.1459515,417522029.970834,19481130347.05958,0.0704365079365079,0.929563492063492,0,0,0,Đạt,2026-06-14
1363,7,2,2,2,6200,645,224,421,6621,19481130347.05958,2198086843.726526,811317034.1021147,1386769809.624411,20867900156.683994,0.0361290322580645,0.9638709677419356,0,0,0,Đạt,2026-06-14
1364,8,2,2,2,6621,392,268,124,6745,20867900156.683994,1234116945.93674,847503693.6773016,386613252.2594383,21254513408.94343,0.0404772692946684,0.9595227307053316,0,0,0,Đạt,2026-06-14
1365,9,2,2,2,6745,942,533,409,7154,21254513408.94343,2395174550.174987,1407177857.5836833,987996692.5913036,22242510101.534737,0.0790214974054855,0.9209785025945144,0,0,0,Đạt,2026-06-14
1366,10,2,2,2,7154,645,74,571,7725,22242510101.534737,2332867205.999545,241005121.3973681,2091862084.602177,24334372186.136917,0.0103438635728263,0.9896561364271736,0,0,0,Đạt,2026-06-14
1367,11,2,2,2,7725,610,471,139,7864,24334372186.136917,2166402358.248016,1188458880.6026323,977943477.6453836,25312315663.78229,0.0609708737864077,0.9390291262135922,0,0,0,Đạt,2026-06-14
1368,12,2,2,2,7864,948,313,635,8499,25312315663.78229,2882746608.0423603,885316729.2289817,1997429878.8133783,27309745542.595676,0.0398016276703967,0.9601983723296031,0,0,0,Đạt,2026-06-14
1369,1,2,2,3,7423,894,511,383,7806,10796774772.628038,1120956766.208359,886704170.2707297,234252595.9376293,11031027368.565668,0.0688400916071669,0.931159908392833,0,0,0,Đạt,2026-06-14
1370,2,2,2,3,7806,247,215,32,7838,11031027368.565668,378178688.1891828,344865001.2446246,33313686.944558203,11064341055.510227,0.0275429157058672,0.9724570842941328,0,0,0,Đạt,2026-06-14
1371,3,2,2,3,7838,856,600,256,8094,11064341055.510227,1246265444.8652072,896547718.9436073,349717725.92159986,11414058781.431828,0.0765501403419239,0.923449859658076,0,0,0,Đạt,2026-06-14
1372,4,2,2,3,8094,660,130,530,8624,11414058781.431828,841319021.926184,164535295.85835344,676783726.0678306,12090842507.49966,0.0160612799604645,0.9839387200395354,0,0,0,Đạt,2026-06-14
1373,5,2,2,3,8624,621,311,310,8934,12090842507.49966,996365553.7143266,494955813.6050699,501409740.1092568,12592252247.608915,0.0360621521335807,0.9639378478664192,0,0,0,Đạt,2026-06-14
1374,6,2,2,3,8934,453,845,-392,8542,12592252247.608915,726043629.4935725,1042697451.3470646,-316653821.85349214,12275598425.755424,0.094582493843743,0.905417506156257,0,0,0,Đạt,2026-06-14
1375,7,2,2,3,8542,394,391,3,8545,12275598425.755424,512518897.13725233,580778336.952791,-68259439.81553864,12207338985.939884,0.0457738234605478,0.954226176539452,0,0,0,Đạt,2026-06-14
1376,8,2,2,3,8545,382,476,-94,8451,12207338985.939884,465841364.2840622,601078594.590486,-135237230.30642384,12072101755.63346,0.0557050906963136,0.9442949093036864,0,0,0,Đạt,2026-06-14
1377,9,2,2,3,8451,174,93,81,8532,12072101755.63346,273858415.99359816,120862455.15481322,152995960.83878493,12225097716.472246,0.0110046148384806,0.9889953851615192,0,0,0,Đạt,2026-06-14
1378,10,2,2,3,8532,557,767,-210,8322,12225097716.472246,829202137.4082152,1070821920.7158304,-241619783.3076152,11983477933.16463,0.0898968588842006,0.9101031411157994,0,0,0,Đạt,2026-06-14
1379,11,2,2,3,8322,1102,466,636,8958,11983477933.16463,1456995137.3774996,798697601.8551358,658297535.5223638,12641775468.686996,0.0559961547704878,0.944003845229512,0,0,0,Đạt,2026-06-14
1380,12,2,2,3,8958,1020,100,920,9878,12641775468.686996,1220266409.4288073,124267690.97804289,1095998718.4507644,13737774187.137758,0.0111632060727841,0.988836793927216,0,0,0,Đạt,2026-06-14
1381,1,2,2,4,7214,972,275,697,7911,25387082338.228813,3474628373.250518,972634394.0436764,2501993979.206841,27889076317.435654,0.0381203215968949,0.9618796784031052,0,0,0,Đạt,2026-06-14
1382,2,2,2,4,7911,192,727,-535,7376,27889076317.435654,806393409.4896244,3011442712.0208464,-2205049302.531222,25684027014.90443,0.0918973581089622,0.9081026418910378,0,0,0,Đạt,2026-06-14
1383,3,2,2,4,7376,669,573,96,7472,25684027014.90443,2476111918.508002,1799614547.9486077,676497370.5593941,26360524385.463825,0.0776843817787418,0.9223156182212582,0,0,0,Đạt,2026-06-14
1384,4,2,2,4,7472,653,100,553,8025,26360524385.463825,2305746557.660127,361360793.3583721,1944385764.301755,28304910149.76558,0.0133832976445396,0.9866167023554604,0,0,0,Đạt,2026-06-14
1385,5,2,2,4,8025,723,386,337,8362,28304910149.76558,2714760190.141233,1354806235.1080658,1359953955.0331671,29664864104.798748,0.0480996884735202,0.9519003115264796,0,0,0,Đạt,2026-06-14
1386,6,2,2,4,8362,833,244,589,8951,29664864104.798748,2552464907.0752463,830910216.642865,1721554690.4323814,31386418795.23113,0.029179622099976,0.970820377900024,0,0,0,Đạt,2026-06-14
1387,7,2,2,4,8951,739,855,-116,8835,31386418795.23113,2360403033.997694,3012575175.9046297,-652172141.9069357,30734246653.324192,0.0955200536252932,0.9044799463747067,0,0,0,Đạt,2026-06-14
1388,8,2,2,4,8835,1097,681,416,9251,30734246653.324192,3847965352.6424327,2575278010.961848,1272687341.680585,32006933995.004776,0.0770797962648556,0.9229202037351444,0,0,0,Đạt,2026-06-14
1389,9,2,2,4,9251,495,391,104,9355,32006933995.004776,1705139076.6621888,1382826103.376648,322312973.2855408,32329246968.29032,0.0422657010052967,0.9577342989947032,0,0,0,Đạt,2026-06-14
1390,10,2,2,4,9355,466,313,153,9508,32329246968.29032,1359073854.8638358,916512215.5537474,442561639.3100884,32771808607.600407,0.0334580438268305,0.9665419561731694,0,0,0,Đạt,2026-06-14
1391,11,2,2,4,9508,176,417,-241,9267,32771808607.600407,550503349.537796,1222825237.0292692,-672321887.4914732,32099486720.10893,0.0438578039545645,0.9561421960454354,0,0,0,Đạt,2026-06-14
1392,12,2,2,4,9267,660,439,221,9488,32099486720.10893,2193028396.028985,1295037216.910898,897991179.1180875,32997477899.22702,0.0473723966763785,0.9526276033236214,0,0,0,Đạt,2026-06-14
1393,1,2,2,5,6967,285,232,53,7020,16712652670.212105,553265583.9464614,633847454.9072886,-80581870.96082711,16632070799.251276,0.0332998421128175,0.9667001578871824,0,0,0,Đạt,2026-06-14
1394,2,2,2,5,7020,511,692,-181,6839,16632070799.251276,1463816817.4318006,1647884951.3584335,-184068133.92663288,16448002665.324642,0.0985754985754985,0.9014245014245016,0,0,0,Đạt,2026-06-14
1395,3,2,2,5,6839,911,559,352,7191,16448002665.324642,2534625045.2398915,1603225401.0456758,931399644.1942158,17379402309.51886,0.0817370960666764,0.9182629039333235,0,0,0,Đạt,2026-06-14
1396,4,2,2,5,7191,724,289,435,7626,17379402309.51886,1509244475.571932,703229980.5003675,806014495.0715646,18185416804.590424,0.0401891252955082,0.9598108747044918,0,0,0,Đạt,2026-06-14
1397,5,2,2,5,7626,302,186,116,7742,18185416804.590424,749283500.2691948,471707325.3800248,277576174.88917005,18462992979.479595,0.024390243902439,0.975609756097561,0,0,0,Đạt,2026-06-14
1398,6,2,2,5,7742,839,204,635,8377,18462992979.479595,2211770659.8104877,398632719.5290602,1813137940.281427,20276130919.76102,0.0263497804184965,0.9736502195815034,0,0,0,Đạt,2026-06-14
1399,7,2,2,5,8377,339,227,112,8489,20276130919.76102,659381881.4708894,585512100.0580208,73869781.41286862,20350000701.17389,0.0270980064462217,0.9729019935537782,0,0,0,Đạt,2026-06-14
1400,8,2,2,5,8489,1099,299,800,9289,20350000701.17389,2616573638.768527,736002378.1434268,1880571260.6251,22230571961.79899,0.0352220520673813,0.9647779479326188,0,0,0,Đạt,2026-06-14
1401,9,2,2,5,9289,880,495,385,9674,22230571961.79899,2291835084.8818645,965476943.83694,1326358141.0449245,23556930102.843918,0.0532888362579394,0.9467111637420604,0,0,0,Đạt,2026-06-14
1402,10,2,2,5,9674,712,570,142,9816,23556930102.843918,2039121897.0663064,1508702061.0165997,530419836.0497069,24087349938.89362,0.0589208186892702,0.9410791813107298,0,0,0,Đạt,2026-06-14
1403,11,2,2,5,9816,368,232,136,9952,24087349938.89362,1057406792.0637566,519221596.3991491,538185195.6646075,24625535134.558228,0.0236348818255908,0.9763651181744092,0,0,0,Đạt,2026-06-14
1404,12,2,2,5,9952,1274,333,941,10893,24625535134.558228,3015288166.204114,867829079.7415335,2147459086.4625804,26772994221.02081,0.0334606109324758,0.966539389067524,0,0,0,Đạt,2026-06-14
1405,1,2,2,6,4922,500,137,363,5285,18665664284.661816,1831889058.541306,424954738.9215516,1406934319.6197543,20072598604.28157,0.0278342137342543,0.9721657862657456,0,0,0,Đạt,2026-06-14
1406,2,2,2,6,5285,719,71,648,5933,20072598604.28157,3264944787.006564,233000338.3487256,3031944448.657838,23104543052.939407,0.0134342478713339,0.986565752128666,0,0,0,Đạt,2026-06-14
1407,3,2,2,6,5933,774,348,426,6359,23104543052.939407,3181887997.9217887,1176918140.7180846,2004969857.203704,25109512910.143112,0.0586549806168885,0.9413450193831114,0,0,0,Đạt,2026-06-14
1408,4,2,2,6,6359,63,327,-264,6095,25109512910.143112,267126881.55384207,1450634849.1537497,-1183507967.5999074,23926004942.543205,0.0514231797452429,0.9485768202547572,0,0,0,Đạt,2026-06-14
1409,5,2,2,6,6095,374,416,-42,6053,23926004942.543205,1200426340.737197,1736822216.2589865,-536395875.5217896,23389609067.021416,0.0682526661197703,0.9317473338802296,4,5,0,Cần kiểm tra,2026-06-14
1410,6,2,2,6,6053,721,318,403,6456,23389609067.021416,2648228790.829991,1232353789.2101452,1415875001.6198456,24805484068.641266,0.0525359325954072,0.9474640674045928,0,0,0,Đạt,2026-06-14
1411,7,2,2,6,6456,302,218,84,6540,24805484068.641266,1291919767.1006804,931244417.4727868,360675349.6278936,25166159418.26916,0.0337670384138785,0.9662329615861216,0,0,0,Đạt,2026-06-14
1412,8,2,2,6,6540,102,364,-262,6278,25166159418.26916,419703530.3293152,1267558226.8002176,-847854696.4709024,24318304721.798256,0.05565749235474,0.94434250764526,0,0,0,Đạt,2026-06-14
1413,9,2,2,6,6278,705,307,398,6676,24318304721.798256,2511560800.660173,1074865058.0841403,1436695742.5760324,25755000464.374287,0.0489009238611022,0.9510990761388978,0,0,0,Đạt,2026-06-14
1414,10,2,2,6,6676,514,67,447,7123,25755000464.374287,1910567553.1095092,256042523.69264957,1654525029.41686,27409525493.791145,0.0100359496704613,0.9899640503295386,0,0,0,Đạt,2026-06-14
1415,11,2,2,6,7123,1038,389,649,7772,27409525493.791145,3904871872.054648,1282544095.2721765,2622327776.782472,30031853270.573616,0.0546118208619963,0.9453881791380035,0,0,0,Đạt,2026-06-14
1416,12,2,2,6,7772,77,235,-158,7614,30031853270.573616,295461625.4931216,985870663.9428158,-690409038.4496942,29341444232.12392,0.0302367472979927,0.9697632527020073,0,0,0,Đạt,2026-06-14
1417,1,2,2,7,6648,750,653,97,6745,22157030077.62853,2814375063.703322,1753639208.5418675,1060735855.1614544,23217765932.789986,0.0982250300842358,0.901774969915764,0,0,0,Đạt,2026-06-14
1418,2,2,2,7,6745,846,249,597,7342,23217765932.789986,3037286022.598678,739542805.386256,2297743217.2124224,25515509150.002407,0.0369162342475908,0.9630837657524092,0,0,0,Đạt,2026-06-14
1419,3,2,2,7,7342,401,651,-250,7092,25515509150.002407,1350780042.1962054,2409009998.386385,-1058229956.1901796,24457279193.81223,0.0886679378915826,0.9113320621084172,0,0,0,Đạt,2026-06-14
1420,4,2,2,7,7092,284,135,149,7241,24457279193.81223,883220620.0149708,487092299.5789044,396128320.4360664,24853407514.24829,0.0190355329949238,0.980964467005076,0,0,0,Đạt,2026-06-14
1421,5,2,2,7,7241,844,226,618,7859,24853407514.24829,3152693606.703591,666167859.4846815,2486525747.2189093,27339933261.467205,0.0312111586797403,0.9687888413202596,0,0,0,Đạt,2026-06-14
1422,6,2,2,7,7859,273,241,32,7891,27339933261.467205,897213783.9169599,958125160.8469924,-60911376.93003249,27279021884.53717,0.0306654790685837,0.9693345209314164,0,0,0,Đạt,2026-06-14
1423,7,2,2,7,7891,675,510,165,8056,27279021884.53717,2480925400.2233224,1880421240.304937,600504159.9183857,27879526044.45556,0.0646305918134583,0.9353694081865416,0,0,0,Đạt,2026-06-14
1424,8,2,2,7,8056,647,373,274,8330,27879526044.45556,1873154637.6291244,1118859875.725536,754294761.9035885,28633820806.359142,0.0463008937437934,0.9536991062562066,0,0,0,Đạt,2026-06-14
1425,9,2,2,7,8330,478,784,-306,8024,28633820806.359142,1573890896.6369326,2580861234.5336747,-1006970337.896742,27626850468.4624,0.0941176470588235,0.9058823529411764,0,0,0,Đạt,2026-06-14
1426,10,2,2,7,8024,399,150,249,8273,27626850468.4624,1576359502.544058,432713805.1699825,1143645697.3740757,28770496165.83648,0.0186939182452642,0.9813060817547358,0,0,0,Đạt,2026-06-14
1427,11,2,2,7,8273,912,104,808,9081,28770496165.83648,3391173285.8635373,382694174.6767859,3008479111.1867514,31778975277.02323,0.0125710141423909,0.9874289858576092,0,0,0,Đạt,2026-06-14
1428,12,2,2,7,9081,773,410,363,9444,31778975277.02323,2359224081.247413,1258364979.8058918,1100859101.4415214,32879834378.464752,0.0451492126417795,0.9548507873582204,0,0,0,Đạt,2026-06-14
1429,1,2,3,1,7719,645,676,-31,7688,10280697006.189396,883776334.1663232,872604628.1791024,11171705.987220764,10291868712.176617,0.0875761108951936,0.9124238891048064,0,0,0,Đạt,2026-06-14
1430,2,2,3,1,7688,274,753,-479,7209,10291868712.176617,395421833.1830013,1174285633.2116728,-778863800.0286715,9513004912.147943,0.0979448491155046,0.9020551508844952,0,0,0,Đạt,2026-06-14
1431,3,2,3,1,7209,368,493,-125,7084,9513004912.147943,527941198.5942108,699035097.6534971,-171093899.0592863,9341911013.08866,0.0683867387987238,0.9316132612012762,0,0,0,Đạt,2026-06-14
1432,4,2,3,1,7084,191,132,59,7143,9341911013.08866,289594215.849327,183756668.8708078,105837546.97851925,9447748560.06718,0.0186335403726708,0.9813664596273292,0,0,0,Đạt,2026-06-14
1433,5,2,3,1,7143,351,622,-271,6872,9447748560.06718,388329665.6102346,837667800.5599824,-449338134.9497478,8998410425.117432,0.0870782584348313,0.9129217415651688,0,0,0,Đạt,2026-06-14
1434,6,2,3,1,6872,862,604,258,7130,8998410425.117432,1319768532.3802946,779187347.3291075,540581185.051187,9538991610.16862,0.0878928987194412,0.9121071012805588,0,0,0,Đạt,2026-06-14
1435,7,2,3,1,7130,839,539,300,7430,9538991610.16862,950415401.8513156,839212844.6927849,111202557.15853085,9650194167.32715,0.0755960729312762,0.9244039270687237,0,0,0,Đạt,2026-06-14
1436,8,2,3,1,7430,200,413,-213,7217,9650194167.32715,254695948.19833976,485952023.4539891,-231256075.25564933,9418938092.0715,0.0555854643337819,0.944414535666218,0,0,0,Đạt,2026-06-14
1437,9,2,3,1,7217,823,568,255,7472,9418938092.0715,924529382.7440686,874391720.3907595,50137662.35330916,9469075754.42481,0.0787030622142164,0.9212969377857836,0,0,0,Đạt,2026-06-14
1438,10,2,3,1,7472,254,221,33,7505,9469075754.42481,325084406.8813592,237788616.3755845,87295790.50577468,9556371544.930586,0.0295770877944325,0.9704229122055674,0,0,0,Đạt,2026-06-14
1439,11,2,3,1,7505,551,545,6,7511,9556371544.930586,725273448.0958961,639007997.6597856,86265450.4361105,9642636995.366695,0.072618254497002,0.927381745502998,0,0,0,Đạt,2026-06-14
1440,12,2,3,1,7511,813,398,415,7926,9642636995.366695,1229546818.347457,452177055.8457459,777369762.501711,10420006757.868406,0.0529889495406736,0.9470110504593264,0,0,0,Đạt,2026-06-14
1441,1,2,3,2,6076,904,163,741,6817,7374920109.75152,1053339177.2306192,169941117.22639355,883398060.0042255,8258318169.755746,0.0268268597761685,0.9731731402238316,8,7,0,Cần kiểm tra,2026-06-14
1442,2,2,3,2,6817,497,357,140,6957,8258318169.755746,672304580.0859519,470129287.34304166,202175292.74291027,8460493462.498656,0.0523690773067331,0.9476309226932668,0,0,0,Đạt,2026-06-14
1443,3,2,3,2,6957,447,560,-113,6844,8460493462.498656,525064817.5488104,785615713.5664395,-260550896.01762915,8199942566.481028,0.0804944660054621,0.9195055339945378,0,0,0,Đạt,2026-06-14
1444,4,2,3,2,6844,763,560,203,7047,8199942566.481028,882697435.2780184,603485459.5360507,279211975.7419677,8479154542.222996,0.0818234950321449,0.9181765049678552,0,0,0,Đạt,2026-06-14
1445,5,2,3,2,7047,173,185,-12,7035,8479154542.222996,192613274.4948123,208398312.61192992,-15785038.117117614,8463369504.105878,0.0262523059457925,0.9737476940542076,0,0,0,Đạt,2026-06-14
1446,6,2,3,2,7035,252,187,65,7100,8463369504.105878,264777782.0286092,211469051.1057663,53308730.92284286,8516678235.028721,0.0265813788201847,0.9734186211798151,0,0,0,Đạt,2026-06-14
1447,7,2,3,2,7100,746,79,667,7767,8516678235.028721,1036547141.7183988,109043797.35578635,927503344.3626126,9444181579.391333,0.0111267605633802,0.9888732394366198,0,0,0,Đạt,2026-06-14
1448,8,2,3,2,7767,770,81,689,8456,9444181579.391333,907326732.6089318,98230063.64543752,809096668.9634943,10253278248.354828,0.0104287369640787,0.9895712630359212,0,0,0,Đạt,2026-06-14
1449,9,2,3,2,8456,304,639,-335,8121,10253278248.354828,411813540.95266986,777504314.2881992,-365690773.3355293,9887587475.0193,0.0755676442762535,0.9244323557237464,0,0,0,Đạt,2026-06-14
1450,10,2,3,2,8121,613,492,121,8242,9887587475.0193,735986291.3185982,600606304.2833858,135379987.0352124,10022967462.05451,0.060583671961581,0.9394163280384188,0,0,0,Đạt,2026-06-14
1451,11,2,3,2,8242,479,399,80,8322,10022967462.05451,552028744.9376581,434802986.36638576,117225758.57127231,10140193220.625782,0.0484105799563212,0.9515894200436787,0,0,0,Đạt,2026-06-14
1452,12,2,3,2,8322,747,293,454,8776,10140193220.625782,777297700.8038386,288694551.1099602,488603149.6938784,10628796370.31966,0.0352078827204998,0.9647921172795,0,0,0,Đạt,2026-06-14
1453,1,2,3,3,5038,545,91,454,5492,10608241763.139208,1266157118.720929,191987437.89481163,1074169680.8261173,11682411443.965324,0.0180627233028979,0.981937276697102,0,0,0,Đạt,2026-06-14
1454,2,2,3,3,5492,163,318,-155,5337,11682411443.965324,311013665.5947222,576126041.345012,-265112375.7502897,11417299068.215034,0.0579024034959941,0.9420975965040058,0,0,0,Đạt,2026-06-14
1455,3,2,3,3,5337,334,489,-155,5182,11417299068.215034,774453542.3215258,1182174517.4039235,-407720975.0823977,11009578093.132635,0.0916245081506464,0.9083754918493536,0,0,0,Đạt,2026-06-14
1456,4,2,3,3,5182,129,60,69,5251,11009578093.132635,296535306.0140931,102413213.24082571,194122092.7732674,11203700185.905905,0.0115785411038209,0.988421458896179,0,0,0,Đạt,2026-06-14
1457,5,2,3,3,5251,734,517,217,5468,11203700185.905905,1269996921.7133336,913775714.3031466,356221207.410187,11559921393.316092,0.0984574366787278,0.901542563321272,0,0,0,Đạt,2026-06-14
1458,6,2,3,3,5468,100,119,-19,5449,11559921393.316092,250321696.81887192,298347299.0532937,-48025602.23442179,11511895791.081669,0.0217629846378931,0.9782370153621068,0,0,0,Đạt,2026-06-14
1459,7,2,3,3,5449,493,482,11,5460,11511895791.081669,1078095354.2367272,1004820298.3787562,73275055.85797107,11585170846.93964,0.0884565975408331,0.9115434024591668,0,0,0,Đạt,2026-06-14
1460,8,2,3,3,5460,756,431,325,5785,11585170846.93964,1888797083.309608,1044322114.2317436,844474969.0778645,12429645816.017504,0.0789377289377289,0.9210622710622712,0,0,0,Đạt,2026-06-14
1461,9,2,3,3,5785,234,547,-313,5472,12429645816.017504,522653239.7474384,980722890.734226,-458069650.9867877,11971576165.030716,0.0945548833189282,0.9054451166810716,0,0,0,Đạt,2026-06-14
1462,10,2,3,3,5472,498,420,78,5550,11971576165.030716,1097233741.0355616,1005049876.273975,92183864.76158656,12063760029.792303,0.0767543859649122,0.9232456140350878,0,0,0,Đạt,2026-06-14
1463,11,2,3,3,5550,337,453,-116,5434,12063760029.792303,762166764.3754117,980726366.0655586,-218559601.6901468,11845200428.102156,0.0816216216216216,0.9183783783783784,0,0,0,Đạt,2026-06-14
1464,12,2,3,3,5434,232,486,-254,5180,11845200428.102156,406595969.8175468,1192509915.5434115,-785913945.7258649,11059286482.376291,0.0894368789105631,0.9105631210894368,0,0,0,Đạt,2026-06-14
1465,1,2,3,4,6035,580,160,420,6455,21778007529.23139,1868738686.1257932,567522983.3235589,1301215702.8022346,23079223232.033627,0.0265120132560066,0.9734879867439934,0,0,0,Đạt,2026-06-14
1466,2,2,3,4,6455,422,296,126,6581,23079223232.033627,1580091999.3550613,1247019793.1452682,333072206.2097931,23412295438.24342,0.0458559256390395,0.9541440743609604,0,0,0,Đạt,2026-06-14
1467,3,2,3,4,6581,139,305,-166,6415,23412295438.24342,559257112.0413536,1070781495.5404092,-511524383.4990556,22900771054.74437,0.0463455401914602,0.9536544598085396,0,0,0,Đạt,2026-06-14
1468,4,2,3,4,6415,802,81,721,7136,22900771054.74437,3063086508.96316,296586177.9466871,2766500331.016473,25667271385.76084,0.0126266562743569,0.987373343725643,0,0,0,Đạt,2026-06-14
1469,5,2,3,4,7136,616,646,-30,7106,25667271385.76084,2096118451.3727813,1867128935.421488,228989515.9512937,25896260901.71213,0.0905269058295964,0.9094730941704036,0,0,0,Đạt,2026-06-14
1470,6,2,3,4,7106,207,511,-304,6802,25896260901.71213,884566301.1774386,1516528835.6990583,-631962534.5216199,25264298367.19051,0.0719110610751477,0.9280889389248522,0,0,0,Đạt,2026-06-14
1471,7,2,3,4,6802,683,181,502,7304,25264298367.19051,2705383335.4849467,613050040.54888,2092333294.9360664,27356631662.12657,0.0266098206409879,0.973390179359012,0,0,0,Đạt,2026-06-14
1472,8,2,3,4,7304,553,112,441,7745,27356631662.12657,2358037458.700134,403213802.6163586,1954823656.0837755,29311455318.21035,0.0153340635268346,0.9846659364731654,0,0,0,Đạt,2026-06-14
1473,9,2,3,4,7745,890,673,217,7962,29311455318.21035,3425501704.921915,2496550951.954664,928950752.9672512,30240406071.1776,0.0868947708198838,0.9131052291801162,0,0,0,Đạt,2026-06-14
1474,10,2,3,4,7962,878,83,795,8757,30240406071.1776,3770076996.3915873,272542616.98811656,3497534379.4034705,33737940450.58107,0.0104245164531524,0.9895754835468475,0,0,0,Đạt,2026-06-14
1475,11,2,3,4,8757,944,497,447,9204,33737940450.58107,3453923232.275334,1675319560.7099085,1778603671.5654254,35516544122.14649,0.0567545963229416,0.9432454036770584,0,0,0,Đạt,2026-06-14
1476,12,2,3,4,9204,434,417,17,9221,35516544122.14649,1314143969.210724,1646692743.001305,-332548773.7905812,35183995348.35591,0.0453063885267275,0.9546936114732724,0,0,0,Đạt,2026-06-14
1477,1,2,3,5,4133,179,178,1,4134,18886489876.051765,929625277.0191544,901094355.0542802,28530921.964874268,18915020798.01664,0.0430679893539801,0.9569320106460198,0,0,0,Đạt,2026-06-14
1478,2,2,3,5,4134,103,270,-167,3967,18915020798.01664,433253155.3771829,1076131809.4682858,-642878654.091103,18272142143.925537,0.0653120464441219,0.934687953555878,0,0,0,Đạt,2026-06-14
1479,3,2,3,5,3967,589,230,359,4326,18272142143.925537,2950014809.7161508,928612729.7502508,2021402079.9659,20293544223.89144,0.0579783211494832,0.9420216788505168,0,0,0,Đạt,2026-06-14
1480,4,2,3,5,4326,152,308,-156,4170,20293544223.89144,665917999.5125318,1161394722.9354432,-495476723.4229114,19798067500.468525,0.0711974110032362,0.9288025889967636,0,0,0,Đạt,2026-06-14
1481,5,2,3,5,4170,368,284,84,4254,19798067500.468525,1485124327.8635647,1053120472.0956188,432003855.7679459,20230071356.23647,0.0681055155875299,0.93189448441247,0,0,0,Đạt,2026-06-14
1482,6,2,3,5,4254,200,72,128,4382,20230071356.23647,978831441.7759826,304186623.2986631,674644818.4773195,20904716174.713787,0.0169252468265162,0.9830747531734838,0,0,0,Đạt,2026-06-14
1483,7,2,3,5,4382,209,415,-206,4176,20904716174.713787,1041137796.0186604,2079889118.0461333,-1038751322.0274729,19865964852.686317,0.0947056138749429,0.9052943861250572,0,0,0,Đạt,2026-06-14
1484,8,2,3,5,4176,461,209,252,4428,19865964852.686317,1748700367.9459958,824061878.3185937,924638489.627402,20790603342.31372,0.0500478927203065,0.9499521072796936,0,0,0,Đạt,2026-06-14
1485,9,2,3,5,4428,621,214,407,4835,20790603342.31372,3170479145.8035564,989874938.3904624,2180604207.413094,22971207549.72681,0.0483288166214995,0.9516711833785004,0,0,0,Đạt,2026-06-14
1486,10,2,3,5,4835,649,56,593,5428,22971207549.72681,2688313445.2068267,256235232.4797761,2432078212.727051,25403285762.45386,0.0115822130299896,0.9884177869700104,0,0,0,Đạt,2026-06-14
1487,11,2,3,5,5428,494,338,156,5584,25403285762.45386,1969951470.7639627,1400882773.3621514,569068697.4018114,25972354459.85567,0.0622697126013264,0.9377302873986736,0,0,0,Đạt,2026-06-14
1488,12,2,3,5,5584,130,430,-300,5284,25972354459.85567,659958396.1329999,1883486466.3252463,-1223528070.192247,24748826389.663425,0.0770057306590257,0.9229942693409742,0,0,0,Đạt,2026-06-14
1489,1,2,3,6,4557,123,215,-92,4465,21863438152.16253,597468356.5183398,858273445.8625412,-260805089.34420145,21602633062.81833,0.0471801623875356,0.9528198376124644,0,0,0,Đạt,2026-06-14
1490,2,2,3,6,4465,619,248,371,4836,21602633062.81833,3181300696.268192,1317127926.2256074,1864172770.042584,23466805832.860912,0.0555431131019036,0.9444568868980964,0,0,0,Đạt,2026-06-14
1491,3,2,3,6,4836,339,454,-115,4721,23466805832.860912,1417814990.7576451,2494991589.2202487,-1077176598.4626036,22389629234.398308,0.0938792390405293,0.9061207609594706,0,0,0,Đạt,2026-06-14
1492,4,2,3,6,4721,483,399,84,4805,22389629234.398308,2499080938.778354,1968556101.35642,530524837.4219341,22920154071.820244,0.0845159923744969,0.9154840076255032,0,0,0,Đạt,2026-06-14
1493,5,2,3,6,4805,635,469,166,4971,22920154071.820244,2700951096.370532,2686874935.616369,14076160.754163263,22934230232.57441,0.0976066597294484,0.9023933402705516,0,0,0,Đạt,2026-06-14
1494,6,2,3,6,4971,360,153,207,5178,22934230232.57441,1687613685.2745662,607565223.8496128,1080048461.4249537,24014278693.99936,0.0307785153892576,0.9692214846107424,0,0,0,Đạt,2026-06-14
1495,7,2,3,6,5178,456,288,168,5346,24014278693.99936,1854869369.2799275,1237437355.0103595,617432014.269568,24631710708.26893,0.0556199304750869,0.944380069524913,0,0,0,Đạt,2026-06-14
1496,8,2,3,6,5346,207,126,81,5427,24631710708.26893,1146753267.894405,604398368.6804081,542354899.2139968,25174065607.482925,0.0235690235690235,0.9764309764309764,0,0,0,Đạt,2026-06-14
1497,9,2,3,6,5427,336,91,245,5672,25174065607.482925,1717661838.287649,366217589.10141766,1351444249.1862311,26525509856.669155,0.0167680117928874,0.9832319882071126,0,0,0,Đạt,2026-06-14
1498,10,2,3,6,5672,472,68,404,6076,26525509856.669155,2520057227.574176,370630476.6745345,2149426750.899641,28674936607.5688,0.0119887165021156,0.9880112834978844,0,0,0,Đạt,2026-06-14
1499,11,2,3,6,6076,175,308,-133,5943,28674936607.5688,809870413.3694711,1200287596.4800608,-390417183.11058974,28284519424.45821,0.0506912442396313,0.9493087557603688,0,0,0,Đạt,2026-06-14
1500,12,2,3,6,5943,820,326,494,6437,28284519424.45821,4355945286.772036,1405649164.0809782,2950296122.691057,31234815547.14927,0.0548544506141679,0.945145549385832,0,0,0,Đạt,2026-06-14
1501,1,2,3,7,6796,635,566,69,6865,20938908102.678905,2241391731.5137763,1534427444.6904426,706964286.8233337,21645872389.50224,0.0832842848734549,0.916715715126545,0,0,0,Đạt,2026-06-14
1502,2,2,3,7,6865,1019,603,416,7281,21645872389.50224,2871315720.940542,2118660487.234175,752655233.7063673,22398527623.208607,0.0878368536052439,0.912163146394756,0,0,0,Đạt,2026-06-14
1503,3,2,3,7,7281,973,667,306,7587,22398527623.208607,3346327526.623999,1837880592.955268,1508446933.668731,23906974556.87734,0.0916082955637961,0.9083917044362038,0,0,0,Đạt,2026-06-14
1504,4,2,3,7,7587,1015,687,328,7915,23906974556.87734,3149327696.908079,2333344221.6255693,815983475.2825098,24722958032.159847,0.0905496243574535,0.9094503756425464,0,0,0,Đạt,2026-06-14
1505,5,2,3,7,7915,1026,582,444,8359,24722958032.159847,2745811977.977435,1491559648.7651422,1254252329.212293,25977210361.37214,0.0735312697409981,0.926468730259002,0,0,0,Đạt,2026-06-14
1506,6,2,3,7,8359,1121,146,975,9334,25977210361.37214,2848978724.073844,472403887.69818616,2376574836.375658,28353785197.747795,0.0174662040913984,0.9825337959086016,0,0,0,Đạt,2026-06-14
1507,7,2,3,7,9334,1213,327,886,10220,28353785197.747795,3259744086.572594,1128476833.5194988,2131267253.0530956,30485052450.80089,0.0350332119134347,0.9649667880865652,0,0,0,Đạt,2026-06-14
1508,8,2,3,7,10220,994,212,782,11002,30485052450.80089,3625342434.495246,541227977.6827916,3084114456.812454,33569166907.613342,0.0207436399217221,0.979256360078278,3,5,1,Cần kiểm tra,2026-06-14
1509,9,2,3,7,11002,1339,209,1130,12132,33569166907.613342,4382481740.241289,638336301.0392879,3744145439.202001,37313312346.81535,0.0189965460825304,0.9810034539174696,0,0,0,Đạt,2026-06-14
1510,10,2,3,7,12132,999,1122,-123,12009,37313312346.81535,3276882449.454831,3507442885.424252,-230560435.9694209,37082751910.84592,0.092482690405539,0.907517309594461,0,0,0,Đạt,2026-06-14
1511,11,2,3,7,12009,1720,871,849,12858,37082751910.84592,5820781068.064788,2272605930.6057944,3548175137.4589934,40630927048.30492,0.0725289366308601,0.92747106336914,0,0,0,Đạt,2026-06-14
1512,12,2,3,7,12858,449,374,75,12933,40630927048.30492,1322053088.7760117,1250663924.780317,71389163.99569464,40702316212.30061,0.0290869497589049,0.9709130502410952,0,0,0,Đạt,2026-06-14
1513,1,2,4,1,7789,634,396,238,8027,11899604796.303698,1035067570.5600716,587399511.3584367,447668059.2016348,12347272855.505333,0.050840929515984,0.949159070484016,0,0,0,Đạt,2026-06-14
1514,2,2,4,1,8027,120,709,-589,7438,12347272855.505333,199753364.37192667,1237685009.438964,-1037931645.0670372,11309341210.438295,0.088326896723558,0.911673103276442,0,0,0,Đạt,2026-06-14
1515,3,2,4,1,7438,329,191,138,7576,11309341210.438295,524597180.9567134,318442174.4596727,206155006.4970407,11515496216.935335,0.0256789459532132,0.9743210540467868,0,0,0,Đạt,2026-06-14
1516,4,2,4,1,7576,862,503,359,7935,11515496216.935335,1559805225.974038,876889044.3036177,682916181.6704204,12198412398.605757,0.0663938753959873,0.9336061246040128,0,0,0,Đạt,2026-06-14
1517,5,2,4,1,7935,458,542,-84,7851,12198412398.605757,725977673.8242089,883611329.9572759,-157633656.133067,12040778742.472689,0.0683049779458097,0.9316950220541904,0,0,0,Đạt,2026-06-14
1518,6,2,4,1,7851,223,631,-408,7443,12040778742.472689,403430822.40462255,923852721.559803,-520421899.15518045,11520356843.317509,0.0803719271430391,0.9196280728569608,0,0,0,Đạt,2026-06-14
1519,7,2,4,1,7443,863,638,225,7668,11520356843.317509,1430793374.6785629,886376446.1433482,544416928.5352147,12064773771.852724,0.0857181244121993,0.9142818755878006,0,0,0,Đạt,2026-06-14
1520,8,2,4,1,7668,300,394,-94,7574,12064773771.852724,457087728.0234897,508756489.5924574,-51668761.5689677,12013105010.283756,0.0513823682837767,0.9486176317162232,0,0,0,Đạt,2026-06-14
1521,9,2,4,1,7574,118,499,-381,7193,12013105010.283756,173451339.84151095,678486735.1835117,-505035395.3420008,11508069614.941755,0.0658832849221019,0.934116715077898,0,0,0,Đạt,2026-06-14
1522,10,2,4,1,7193,828,167,661,7854,11508069614.941755,1049296627.5824242,220079114.00123256,829217513.5811915,12337287128.522947,0.023217016543862,0.976782983456138,0,0,0,Đạt,2026-06-14
1523,11,2,4,1,7854,440,496,-56,7798,12337287128.522947,624138301.856863,805679865.2250508,-181541563.3681878,12155745565.15476,0.063152533740769,0.936847466259231,0,0,0,Đạt,2026-06-14
1524,12,2,4,1,7798,1064,339,725,8523,12155745565.15476,1643082792.251209,430710442.21414006,1212372350.0370688,13368117915.19183,0.043472685303924,0.956527314696076,0,0,0,Đạt,2026-06-14
1525,1,2,4,2,4679,483,81,402,5081,9138094279.47536,953791289.5257298,187473769.09600523,766317520.4297246,9904411799.905085,0.0173113913229322,0.9826886086770678,0,0,0,Đạt,2026-06-14
1526,2,2,4,2,5081,471,359,112,5193,9904411799.905085,1031255567.744935,767889517.7737231,263366049.9712119,10167777849.876295,0.0706553827986616,0.9293446172013384,0,0,0,Đạt,2026-06-14
1527,3,2,4,2,5193,303,198,105,5298,10167777849.876295,554257446.15914,355189576.3677486,199067869.79139137,10366845719.667686,0.0381282495667244,0.9618717504332756,0,0,0,Đạt,2026-06-14
1528,4,2,4,2,5298,482,482,0,5298,10366845719.667686,1054037123.292632,1083324513.0237386,-29287389.73110652,10337558329.93658,0.0909777274443186,0.9090222725556814,0,0,0,Đạt,2026-06-14
1529,5,2,4,2,5298,370,353,17,5315,10337558329.93658,782313246.0307279,558836110.2552693,223477135.77545857,10561035465.71204,0.0666289165722914,0.9333710834277086,0,0,0,Đạt,2026-06-14
1530,6,2,4,2,5315,738,96,642,5957,10561035465.71204,1710606015.1881096,187289496.79928663,1523316518.388823,12084351984.100864,0.0180620884289746,0.9819379115710254,0,0,0,Đạt,2026-06-14
1531,7,2,4,2,5957,216,517,-301,5656,12084351984.100864,468185004.7482942,1020674824.7533025,-552489820.0050082,11531862164.095854,0.0867886520060433,0.9132113479939566,0,0,0,Đạt,2026-06-14
1532,8,2,4,2,5656,342,236,106,5762,11531862164.095854,743412101.9753376,513073060.8767661,230339041.09857157,11762201205.194426,0.0417256011315417,0.9582743988684584,0,0,0,Đạt,2026-06-14
1533,9,2,4,2,5762,385,306,79,5841,11762201205.194426,689585789.4131454,561915215.6162769,127670573.79686856,11889871778.991297,0.053106560222145,0.9468934397778548,0,0,0,Đạt,2026-06-14
1534,10,2,4,2,5841,389,371,18,5859,11889871778.991297,693196942.061621,732153015.6443924,-38956073.58277142,11850915705.408524,0.0635165211436397,0.9364834788563602,0,0,0,Đạt,2026-06-14
1535,11,2,4,2,5859,127,555,-428,5431,11850915705.408524,231405916.48242965,1195296197.846624,-963890281.3641944,10887025424.044329,0.0947260624679979,0.905273937532002,0,0,0,Đạt,2026-06-14
1536,12,2,4,2,5431,198,484,-286,5145,10887025424.044329,442097536.38814384,800680837.4865451,-358583301.09840125,10528442122.945929,0.0891180261461977,0.9108819738538022,0,0,0,Đạt,2026-06-14
1537,1,2,4,3,4586,396,331,65,4651,8342729435.00266,818160815.3488028,662710588.4671404,155450226.88166237,8498179661.884322,0.0721761883994766,0.9278238116005232,0,0,0,Đạt,2026-06-14
1538,2,2,4,3,4651,664,441,223,4874,8498179661.884322,1363362235.7713969,918237776.55296,445124459.2184368,8943304121.102758,0.0948183186411524,0.9051816813588476,0,0,0,Đạt,2026-06-14
1539,3,2,4,3,4874,163,458,-295,4579,8943304121.102758,262893981.13209596,842317018.4455094,-579423037.3134135,8363881083.789345,0.0939679934345506,0.9060320065654494,0,0,0,Đạt,2026-06-14
1540,4,2,4,3,4579,248,115,133,4712,8363881083.789345,488406778.09224766,209991022.42541915,278415755.6668285,8642296839.456173,0.0251146538545533,0.9748853461454466,0,0,0,Đạt,2026-06-14
1541,5,2,4,3,4712,326,194,132,4844,8642296839.456173,580029213.6741967,397377434.8977706,182651778.7764261,8824948618.2326,0.0411714770797962,0.9588285229202036,0,0,0,Đạt,2026-06-14
1542,6,2,4,3,4844,104,397,-293,4551,8824948618.2326,188707126.89456996,840543816.7465037,-651836689.8519337,8173111928.380666,0.0819570602807597,0.9180429397192404,0,0,0,Đạt,2026-06-14
1543,7,2,4,3,4551,484,261,223,4774,8173111928.380666,1002370180.1540998,430474510.232501,571895669.9215988,8745007598.302265,0.057350032959789,0.942649967040211,0,0,0,Đạt,2026-06-14
1544,8,2,4,3,4774,550,370,180,4954,8745007598.302265,1036291250.2455754,779753897.571953,256537352.6736224,9001544950.975887,0.077503142019271,0.9224968579807288,0,0,0,Đạt,2026-06-14
1545,9,2,4,3,4954,287,165,122,5076,9001544950.975887,526483896.5207478,314107938.8299345,212375957.6908133,9213920908.6667,0.0333064190553088,0.9666935809446912,0,0,0,Đạt,2026-06-14
1546,10,2,4,3,5076,702,98,604,5680,9213920908.6667,1473636904.3344457,172020109.4121967,1301616794.922249,10515537703.58895,0.0193065405831363,0.9806934594168636,4,0,0,Cần kiểm tra,2026-06-14
1547,11,2,4,3,5680,296,128,168,5848,10515537703.58895,623558043.3415983,270729430.3529416,352828612.9886567,10868366316.577606,0.0225352112676056,0.9774647887323944,0,0,0,Đạt,2026-06-14
1548,12,2,4,3,5848,672,450,222,6070,10868366316.577606,1108845958.8448458,918688429.5995716,190157529.2452743,11058523845.82288,0.0769493844049247,0.9230506155950752,6,0,0,Cần kiểm tra,2026-06-14
1549,1,2,4,4,7353,1086,548,538,7891,12186360429.341583,1769820135.0695343,1030714006.5882932,739106128.4812412,12925466557.822824,0.0745274037807697,0.9254725962192304,0,0,0,Đạt,2026-06-14
1550,2,2,4,4,7891,565,641,-76,7815,12925466557.822824,834684988.0915701,885366819.4883416,-50681831.39677143,12874784726.426052,0.0812317830439741,0.9187682169560258,0,0,0,Đạt,2026-06-14
1551,3,2,4,4,7815,425,636,-211,7604,12874784726.426052,736171590.921849,874286007.7204924,-138114416.79864335,12736670309.627407,0.0813819577735124,0.9186180422264876,0,0,0,Đạt,2026-06-14
1552,4,2,4,4,7604,670,730,-60,7544,12736670309.627407,949234143.0969684,1226985713.9562902,-277751570.85932195,12458918738.768087,0.0960021041557075,0.9039978958442924,0,0,0,Đạt,2026-06-14
1553,5,2,4,4,7544,328,121,207,7751,12458918738.768087,543632773.129214,184220081.64754844,359412691.4816656,12818331430.249752,0.0160392364793213,0.9839607635206788,0,0,0,Đạt,2026-06-14
1554,6,2,4,4,7751,1087,528,559,8310,12818331430.249752,1475953430.6306975,935033638.373874,540919792.2568237,13359251222.506577,0.0681202425493484,0.9318797574506515,0,0,0,Đạt,2026-06-14
1555,7,2,4,4,8310,138,797,-659,7651,13359251222.506577,226638498.6342215,1064799581.6356628,-838161083.0014412,12521090139.505136,0.0959085439229843,0.9040914560770156,0,0,0,Đạt,2026-06-14
1556,8,2,4,4,7651,555,572,-17,7634,12521090139.505136,746854807.4360813,828421395.4815823,-81566588.045501,12439523551.459633,0.0747614690890079,0.925238530910992,0,0,0,Đạt,2026-06-14
1557,9,2,4,4,7634,500,330,170,7804,12439523551.459633,912635797.0784292,552991449.9410006,359644347.13742864,12799167898.59706,0.0432276657060518,0.956772334293948,0,0,0,Đạt,2026-06-14
1558,10,2,4,4,7804,656,508,148,7952,12799167898.59706,1091796018.6365707,801954465.8514373,289841552.78513336,13089009451.382196,0.0650948231676063,0.9349051768323936,0,0,0,Đạt,2026-06-14
1559,11,2,4,4,7952,295,86,209,8161,13089009451.382196,506302568.00946254,123663882.27027664,382638685.7391859,13471648137.12138,0.010814889336016,0.989185110663984,0,0,0,Đạt,2026-06-14
1560,12,2,4,4,8161,220,519,-299,7862,13471648137.12138,315479982.9126132,808965418.7408879,-493485435.82827467,12978162701.293106,0.0635951476534738,0.9364048523465262,0,0,0,Đạt,2026-06-14
1561,1,2,4,5,7886,1145,455,690,8576,25868192884.94165,3371497144.782057,1767131447.0724032,1604365697.7096536,27472558582.651302,0.0576971848846056,0.9423028151153944,0,0,0,Đạt,2026-06-14
1562,2,2,4,5,8576,572,374,198,8774,27472558582.651302,1551368006.8336513,1155511144.6200962,395856862.2135551,27868415444.864857,0.0436100746268656,0.9563899253731344,0,0,0,Đạt,2026-06-14
1563,3,2,4,5,8774,1077,711,366,9140,27868415444.864857,3676604099.249045,2636960318.2884936,1039643780.9605516,28908059225.82541,0.0810348757693184,0.9189651242306816,0,0,0,Đạt,2026-06-14
1564,4,2,4,5,9140,285,488,-203,8937,28908059225.82541,993636755.2690654,1910597918.086197,-916961162.8171318,27991098063.00828,0.0533916849015317,0.9466083150984684,0,0,0,Đạt,2026-06-14
1565,5,2,4,5,8937,772,800,-28,8909,27991098063.00828,2641119754.435243,2165976590.158853,475143164.2763901,28466241227.284668,0.0895154973704822,0.9104845026295176,0,0,0,Đạt,2026-06-14
1566,6,2,4,5,8909,382,218,164,9073,28466241227.284668,1319652704.62228,735540173.7218659,584112530.9004142,29050353758.18508,0.02446963744528,0.97553036255472,0,0,0,Đạt,2026-06-14
1567,7,2,4,5,9073,632,836,-204,8869,29050353758.18508,2031363377.3170664,2578538293.833486,-547174916.5164199,28503178841.668663,0.0921415187920202,0.9078584812079796,0,0,0,Đạt,2026-06-14
1568,8,2,4,5,8869,250,100,150,9019,28503178841.668663,761264243.6027541,380716573.3786763,380547670.2240778,28883726511.892742,0.0112752283233735,0.9887247716766264,0,0,0,Đạt,2026-06-14
1569,9,2,4,5,9019,448,236,212,9231,28883726511.892742,1646713040.6169076,778530953.0067728,868182087.6101348,29751908599.50288,0.0261669808182725,0.9738330191817276,0,0,0,Đạt,2026-06-14
1570,10,2,4,5,9231,224,537,-313,8918,29751908599.50288,697459975.7223876,1995943685.9797215,-1298483710.2573342,28453424889.24554,0.0581735456613584,0.9418264543386416,0,0,0,Đạt,2026-06-14
1571,11,2,4,5,8918,246,174,72,8990,28453424889.24554,734147869.1475585,683938415.1373868,50209454.01017165,28503634343.25571,0.0195111011437542,0.9804888988562458,0,0,0,Đạt,2026-06-14
1572,12,2,4,5,8990,1192,714,478,9468,28503634343.25571,4418072269.178797,2128221479.012548,2289850790.166249,30793485133.42196,0.0794215795328142,0.9205784204671856,0,0,0,Đạt,2026-06-14
1573,1,2,4,6,4850,230,295,-65,4785,9236039926.449324,412947747.4562824,512357435.3868119,-99409687.93052948,9136630238.518797,0.0608247422680412,0.9391752577319588,0,0,0,Đạt,2026-06-14
1574,2,2,4,6,4785,640,346,294,5079,9136630238.518797,1021337635.7816296,743976375.0534396,277361260.72819006,9413991499.246984,0.0723092998955067,0.9276907001044932,0,0,0,Đạt,2026-06-14
1575,3,2,4,6,5079,98,248,-150,4929,9413991499.246984,199215370.19731975,440751705.8114616,-241536335.61414185,9172455163.632845,0.0488285095491238,0.951171490450876,0,0,0,Đạt,2026-06-14
1576,4,2,4,6,4929,703,241,462,5391,9172455163.632845,1150810440.7484608,517340900.54757786,633469540.2008829,9805924703.833723,0.0488942990464597,0.9511057009535404,0,0,0,Đạt,2026-06-14
1577,5,2,4,6,5391,308,373,-65,5326,9805924703.833723,478380891.9912459,795618214.288304,-317237322.29705805,9488687381.536669,0.0691893897236134,0.9308106102763866,0,0,0,Đạt,2026-06-14
1578,6,2,4,6,5326,246,442,-196,5130,9488687381.536669,441753600.01283145,726683241.8418361,-284929641.82900465,9203757739.707664,0.0829891100262861,0.9170108899737138,0,0,0,Đạt,2026-06-14
1579,7,2,4,6,5130,102,383,-281,4849,9203757739.707664,205107000.76337904,667016007.5120238,-461909006.7486448,8741848732.959019,0.0746588693957115,0.9253411306042884,0,0,0,Đạt,2026-06-14
1580,8,2,4,6,4849,95,142,-47,4802,8741848732.959019,176366095.29797494,310849831.3088025,-134483736.01082754,8607364996.94819,0.0292843885337182,0.9707156114662816,0,0,0,Đạt,2026-06-14
1581,9,2,4,6,4802,626,374,252,5054,8607364996.94819,1183214648.2364798,745578251.3793464,437636396.8571334,9045001393.805325,0.0778842149104539,0.922115785089546,0,0,0,Đạt,2026-06-14
1582,10,2,4,6,5054,698,341,357,5411,9045001393.805325,1182351375.1184366,628008373.8119107,554343001.3065258,9599344395.11185,0.0674713098535813,0.9325286901464188,0,0,0,Đạt,2026-06-14
1583,11,2,4,6,5411,384,417,-33,5378,9599344395.11185,738128376.8021532,794352287.0550982,-56223910.25294495,9543120484.858906,0.077065237479209,0.922934762520791,0,0,0,Đạt,2026-06-14
1584,12,2,4,6,5378,170,410,-240,5138,9543120484.858906,296797453.3907234,716321476.4149972,-419524023.0242738,9123596461.834633,0.0762365191521011,0.9237634808478988,0,0,0,Đạt,2026-06-14
1585,1,2,4,7,7198,616,621,-5,7193,25965914953.07498,1991614573.0774229,2576278130.500218,-584663557.422795,25381251395.652187,0.086273964990275,0.9137260350097248,0,0,0,Đạt,2026-06-14
1586,2,2,4,7,7193,496,710,-214,6979,25381251395.652187,1538802341.258948,2464795659.240843,-925993317.9818949,24455258077.67029,0.098707076324204,0.901292923675796,0,0,0,Đạt,2026-06-14
1587,3,2,4,7,6979,346,280,66,7045,24455258077.67029,1369168928.9907978,920680003.7709306,448488925.2198671,24903747002.89016,0.0401203610832497,0.9598796389167502,0,0,0,Đạt,2026-06-14
1588,4,2,4,7,7045,116,122,-6,7039,24903747002.89016,449430245.8486209,411186276.0714375,38243969.77718341,24941990972.667343,0.0173172462739531,0.9826827537260469,0,0,0,Đạt,2026-06-14
1589,5,2,4,7,7039,597,265,332,7371,24941990972.667343,1822455146.6900249,1113681758.5876267,708773388.1023982,25650764360.76974,0.0376473930956101,0.9623526069043898,0,0,0,Đạt,2026-06-14
1590,6,2,4,7,7371,368,539,-171,7200,25650764360.76974,1346188104.272006,2330990208.4047008,-984802104.1326948,24665962256.637047,0.0731244064577398,0.9268755935422602,0,0,0,Đạt,2026-06-14
1591,7,2,4,7,7200,577,491,86,7286,24665962256.637047,2251843951.474313,2117462467.719596,134381483.7547171,24800343740.39177,0.0681944444444444,0.9318055555555556,0,0,0,Đạt,2026-06-14
1592,8,2,4,7,7286,570,269,301,7587,24800343740.39177,1654126534.1629164,994661734.985358,659464799.1775585,25459808539.569324,0.0369201207795772,0.9630798792204228,0,0,0,Đạt,2026-06-14
1593,9,2,4,7,7587,541,369,172,7759,25459808539.569324,1832487252.218048,1441478885.1895766,391008367.0284714,25850816906.5978,0.0486358244365361,0.951364175563464,0,0,0,Đạt,2026-06-14
1594,10,2,4,7,7759,320,110,210,7969,25850816906.5978,1180971003.9531603,450600948.8532285,730370055.0999321,26581186961.69773,0.0141770846758602,0.9858229153241396,0,0,0,Đạt,2026-06-14
1595,11,2,4,7,7969,788,147,641,8610,26581186961.69773,2697226208.458836,463126419.5940105,2234099788.8648257,28815286750.56256,0.0184464801104279,0.981553519889572,0,0,0,Đạt,2026-06-14
1596,12,2,4,7,8610,86,474,-388,8222,28815286750.56256,268889885.31207854,1513511245.7006106,-1244621360.3885322,27570665390.174023,0.0550522648083623,0.9449477351916376,0,0,0,Đạt,2026-06-14
1597,1,2,5,1,7795,1155,142,1013,8808,31280813810.388336,5111544881.71118,644971831.8204099,4466573049.89077,35747386860.279106,0.018216805644644,0.981783194355356,0,0,0,Đạt,2026-06-14
1598,2,2,5,1,8808,540,674,-134,8674,35747386860.279106,2099191661.0210493,2196566276.7682786,-97374615.74722934,35650012244.53188,0.0765213442325159,0.923478655767484,8,2,0,Cần kiểm tra,2026-06-14
1599,3,2,5,1,8674,744,290,454,9128,35650012244.53188,2934233389.4468822,1010995237.9097468,1923238151.5371356,37573250396.06901,0.0334332487894858,0.9665667512105142,0,0,0,Đạt,2026-06-14
1600,4,2,5,1,9128,1248,148,1100,10228,37573250396.06901,4189047906.6410303,711675935.9357992,3477371970.705231,41050622366.77424,0.016213847502191,0.983786152497809,0,0,0,Đạt,2026-06-14
1601,5,2,5,1,10228,803,601,202,10430,41050622366.77424,3211455007.600033,2773514095.9021297,437940911.6979032,41488563278.47215,0.0587602659366445,0.9412397340633556,0,0,0,Đạt,2026-06-14
1602,6,2,5,1,10430,237,938,-701,9729,41488563278.47215,1078992458.0714529,4152476449.696259,-3073483991.6248064,38415079286.847336,0.0899328859060402,0.9100671140939596,0,0,0,Đạt,2026-06-14
1603,7,2,5,1,9729,890,561,329,10058,38415079286.847336,3546279238.7413173,2311093818.8623085,1235185419.8790088,39650264706.72634,0.0576626580326857,0.9423373419673142,0,0,0,Đạt,2026-06-14
1604,8,2,5,1,10058,1226,641,585,10643,39650264706.72634,4774987285.956681,2156841403.2187304,2618145882.737951,42268410589.46429,0.0637303638894412,0.9362696361105588,0,0,0,Đạt,2026-06-14
1605,9,2,5,1,10643,623,1035,-412,10231,42268410589.46429,2961566601.5366783,4712525467.251191,-1750958865.7145128,40517451723.74978,0.0972470168185661,0.9027529831814338,0,0,0,Đạt,2026-06-14
1606,10,2,5,1,10231,794,505,289,10520,40517451723.74978,2936795785.762336,1777631674.156849,1159164111.6054864,41676615835.35526,0.0493597888769426,0.9506402111230574,0,0,0,Đạt,2026-06-14
1607,11,2,5,1,10520,981,398,583,11103,41676615835.35526,3499610633.209403,1788712294.1643162,1710898339.0450869,43387514174.40035,0.0378326996197718,0.962167300380228,0,0,0,Đạt,2026-06-14
1608,12,2,5,1,11103,972,229,743,11846,43387514174.40035,3617336146.7915206,966310901.0499308,2651025245.74159,46038539420.141945,0.0206250562910924,0.9793749437089077,0,0,0,Đạt,2026-06-14
1609,1,2,5,2,4904,209,325,-116,4788,15289209657.31047,655296159.8856008,944429946.136946,-289133786.2513453,15000075871.059126,0.0662724306688417,0.9337275693311582,0,0,0,Đạt,2026-06-14
1610,2,2,5,2,4788,652,147,505,5293,15000075871.059126,1799331554.9457452,467874943.6088116,1331456611.3369336,16331532482.39606,0.0307017543859649,0.9692982456140352,0,0,0,Đạt,2026-06-14
1611,3,2,5,2,5293,215,274,-59,5234,16331532482.39606,576818617.0091361,847041973.5700433,-270223356.56090724,16061309125.835152,0.0517664840355186,0.9482335159644814,0,0,0,Đạt,2026-06-14
1612,4,2,5,2,5234,80,248,-168,5066,16061309125.835152,201296045.1206356,744557417.0545933,-543261371.9339578,15518047753.901194,0.0473824990447076,0.9526175009552924,0,0,0,Đạt,2026-06-14
1613,5,2,5,2,5066,356,90,266,5332,15518047753.901194,1295960328.9340408,270098599.6869233,1025861729.2471176,16543909483.148312,0.0177654954599289,0.9822345045400712,0,0,0,Đạt,2026-06-14
1614,6,2,5,2,5332,374,131,243,5575,16543909483.148312,1172265396.6064105,348519530.98952246,823745865.6168878,17367655348.765198,0.0245686421605401,0.97543135783946,0,0,0,Đạt,2026-06-14
1615,7,2,5,2,5575,547,318,229,5804,17367655348.765198,1855079782.864307,1055087026.0622038,799992756.8021032,18167648105.567303,0.0570403587443946,0.9429596412556054,0,0,0,Đạt,2026-06-14
1616,8,2,5,2,5804,352,436,-84,5720,18167648105.567303,1155697007.749737,1296415503.6506758,-140718495.90093875,18026929609.666363,0.0751206064782908,0.9248793935217092,0,0,0,Đạt,2026-06-14
1617,9,2,5,2,5720,834,497,337,6057,18026929609.666363,2406425961.249964,1323211235.7347984,1083214725.515165,19110144335.181526,0.0868881118881119,0.913111888111888,0,0,0,Đạt,2026-06-14
1618,10,2,5,2,6057,406,220,186,6243,19110144335.181526,1089181989.5662851,669224606.9835125,419957382.5827726,19530101717.764297,0.0363216113587584,0.9636783886412416,0,0,0,Đạt,2026-06-14
1619,11,2,5,2,6243,459,352,107,6350,19530101717.764297,1489381836.9159102,888658265.2873322,600723571.6285781,20130825289.39288,0.0563831491270222,0.9436168508729778,0,0,0,Đạt,2026-06-14
1620,12,2,5,2,6350,482,180,302,6652,20130825289.39288,1697751794.626178,498365275.1866604,1199386519.4395175,21330211808.832397,0.0283464566929133,0.9716535433070866,0,0,0,Đạt,2026-06-14
1621,1,2,5,3,7626,1032,663,369,7995,9000810908.623238,1258980539.9397247,682844150.8621696,576136389.0775551,9576947297.700792,0.0869394177812745,0.9130605822187254,0,0,0,Đạt,2026-06-14
1622,2,2,5,3,7995,769,594,175,8170,9576947297.700792,992544457.57139,828463532.0943359,164080925.47705412,9741028223.177849,0.074296435272045,0.925703564727955,0,0,0,Đạt,2026-06-14
1623,3,2,5,3,8170,166,322,-156,8014,9741028223.177849,196499490.4347178,381150192.7589497,-184650702.3242319,9556377520.853617,0.0394124847001224,0.9605875152998776,0,0,0,Đạt,2026-06-14
1624,4,2,5,3,8014,504,631,-127,7887,9556377520.853617,490466359.1526115,733913788.4304208,-243447429.2778093,9312930091.575806,0.0787372098827052,0.9212627901172948,0,0,0,Đạt,2026-06-14
1625,5,2,5,3,7887,753,427,326,8213,9312930091.575806,788290550.2066675,459999158.4112557,328291391.7954118,9641221483.371218,0.0541397235957905,0.9458602764042094,0,0,0,Đạt,2026-06-14
1626,6,2,5,3,8213,1063,799,264,8477,9641221483.371218,1449680974.6491258,939138918.0678846,510542056.5812413,10151763539.95246,0.097284792402289,0.902715207597711,0,0,0,Đạt,2026-06-14
1627,7,2,5,3,8477,1180,641,539,9016,10151763539.95246,1189728711.5496492,793169499.7142386,396559211.8354106,10548322751.78787,0.0756163737171169,0.9243836262828832,0,0,0,Đạt,2026-06-14
1628,8,2,5,3,9016,120,814,-694,8322,10548322751.78787,159907986.18400618,814990165.8658607,-655082179.6818545,9893240572.106016,0.0902839396628216,0.9097160603371784,0,0,0,Đạt,2026-06-14
1629,9,2,5,3,8322,637,148,489,8811,9893240572.106016,633401968.9611357,158581033.24804452,474820935.71309125,10368061507.819107,0.0177841864936313,0.9822158135063688,5,2,0,Cần kiểm tra,2026-06-14
1630,10,2,5,3,8811,527,411,116,8927,10368061507.819107,736397171.5631887,496891304.9309125,239505866.63227624,10607567374.451384,0.0466462376574736,0.9533537623425264,0,0,0,Đạt,2026-06-14
1631,11,2,5,3,8927,821,879,-58,8869,10607567374.451384,1026242982.5425004,1074592497.4636395,-48349514.92113936,10559217859.530245,0.098465329898062,0.901534670101938,0,0,0,Đạt,2026-06-14
1632,12,2,5,3,8869,418,565,-147,8722,10559217859.530245,561980465.6649524,619706951.1982491,-57726485.533296704,10501491373.996948,0.0637050400270605,0.9362949599729394,4,0,1,Cần kiểm tra,2026-06-14
1633,1,2,5,4,4881,338,107,231,5112,20785489446.62213,1258689518.4119306,492095208.6584144,766594309.7535162,21552083756.37565,0.0219217373489039,0.978078262651096,0,0,0,Đạt,2026-06-14
1634,2,2,5,4,5112,684,373,311,5423,21552083756.37565,2554110727.683475,1292707854.677178,1261402873.006297,22813486629.381947,0.0729655712050078,0.9270344287949922,0,0,0,Đạt,2026-06-14
1635,3,2,5,4,5423,392,344,48,5471,22813486629.381947,1875774999.268248,1707312020.9920485,168462978.27619958,22981949607.658146,0.0634335238797713,0.9365664761202288,0,0,0,Đạt,2026-06-14
1636,4,2,5,4,5471,359,58,301,5772,22981949607.658146,1241578386.9279509,216951527.3868172,1024626859.5411336,24006576467.19928,0.0106013525863644,0.9893986474136356,0,0,0,Đạt,2026-06-14
1637,5,2,5,4,5772,139,523,-384,5388,24006576467.19928,567318526.2599567,2083331199.4063463,-1516012673.14639,22490563794.05289,0.0906098406098406,0.9093901593901594,0,0,0,Đạt,2026-06-14
1638,6,2,5,4,5388,355,504,-149,5239,22490563794.05289,1497871191.363696,2051855620.0941968,-553984428.7305007,21936579365.32239,0.0935412026726058,0.9064587973273942,0,0,0,Đạt,2026-06-14
1639,7,2,5,4,5239,347,414,-67,5172,21936579365.32239,1351780133.0862012,1787852435.4513068,-436072302.3651056,21500507062.957287,0.0790227142584462,0.9209772857415536,0,0,0,Đạt,2026-06-14
1640,8,2,5,4,5172,237,191,46,5218,21500507062.957287,845417652.6549524,708134646.9254664,137283005.729486,21637790068.68677,0.0369296210363495,0.9630703789636504,0,0,0,Đạt,2026-06-14
1641,9,2,5,4,5218,458,110,348,5566,21637790068.68677,2211141899.466911,557621048.009674,1653520851.4572368,23291310920.14401,0.0210808738980452,0.9789191261019548,0,0,0,Đạt,2026-06-14
1642,10,2,5,4,5566,748,345,403,5969,23291310920.14401,3695899555.0537977,1218900214.261089,2476999340.7927084,25768310260.93672,0.0619834710743801,0.9380165289256198,0,0,0,Đạt,2026-06-14
1643,11,2,5,4,5969,102,346,-244,5725,25768310260.93672,514370932.6984764,1260050868.0358436,-745679935.3373672,25022630325.59935,0.0579661584855084,0.9420338415144917,0,0,0,Đạt,2026-06-14
1644,12,2,5,4,5725,656,514,142,5867,25022630325.59935,2614432936.831338,1859319667.704602,755113269.1267359,25777743594.72609,0.0897816593886462,0.9102183406113538,0,0,0,Đạt,2026-06-14
1645,1,2,5,5,4667,149,184,-35,4632,16345044158.4721,428952708.9607402,580158455.0078539,-151205746.04711366,16193838412.424986,0.0394257553031926,0.9605742446968074,0,0,0,Đạt,2026-06-14
1646,2,2,5,5,4632,288,200,88,4720,16193838412.424986,875605095.0163223,727187790.4210954,148417304.59522688,16342255717.020212,0.0431778929188255,0.9568221070811744,0,0,0,Đạt,2026-06-14
1647,3,2,5,5,4720,619,92,527,5247,16342255717.020212,2085058577.290017,295920209.110826,1789138368.179191,18131394085.1994,0.0194915254237288,0.9805084745762712,1,0,0,Cần kiểm tra,2026-06-14
1648,4,2,5,5,5247,739,311,428,5675,18131394085.1994,2077790380.2729309,1135188425.3915973,942601954.8813336,19073996040.08073,0.0592719649323422,0.9407280350676576,0,0,0,Đạt,2026-06-14
1649,5,2,5,5,5675,122,493,-371,5304,19073996040.08073,475413165.31947696,1518102511.8935795,-1042689346.5741028,18031306693.50663,0.0868722466960352,0.9131277533039648,0,0,0,Đạt,2026-06-14
1650,6,2,5,5,5304,140,525,-385,4919,18031306693.50663,427429971.5033576,1736910404.6825764,-1309480433.1792188,16721826260.327412,0.0989819004524886,0.9010180995475112,0,0,0,Đạt,2026-06-14
1651,7,2,5,5,4919,426,207,219,5138,16721826260.327412,1528556942.8564372,802125900.1034261,726431042.7530111,17448257303.08042,0.0420817239276275,0.9579182760723725,0,0,0,Đạt,2026-06-14
1652,8,2,5,5,5138,64,462,-398,4740,17448257303.08042,264745777.09322447,1679334282.0414507,-1414588504.9482262,16033668798.132196,0.0899182561307901,0.9100817438692098,0,0,0,Đạt,2026-06-14
1653,9,2,5,5,4740,354,236,118,4858,16033668798.132196,1460164507.4828804,955964352.6696528,504200154.8132274,16537868952.94542,0.0497890295358649,0.950210970464135,0,0,0,Đạt,2026-06-14
1654,10,2,5,5,4858,173,437,-264,4594,16537868952.94542,566405908.2660474,1302022734.074564,-735616825.8085166,15802252127.136904,0.0899547138740222,0.9100452861259778,0,0,0,Đạt,2026-06-14
1655,11,2,5,5,4594,573,458,115,4709,15802252127.136904,1831269863.807816,1454644912.8286445,376624950.9791713,16178877078.116076,0.0996952546800174,0.9003047453199826,0,0,0,Đạt,2026-06-14
1656,12,2,5,5,4709,163,326,-163,4546,16178877078.116076,510991011.5828776,1358987035.0297625,-847996023.4468846,15330881054.669191,0.0692291356976003,0.9307708643023996,0,0,0,Đạt,2026-06-14
1657,1,2,5,6,6795,118,331,-213,6582,24539970902.7731,351869299.18737847,1230930869.1621315,-879061569.9747531,23660909332.798347,0.0487122884473877,0.9512877115526122,0,0,0,Đạt,2026-06-14
1658,2,2,5,6,6582,953,646,307,6889,23660909332.798347,3816211472.145328,2764301509.984371,1051909962.1609569,24712819294.959305,0.0981464600425402,0.9018535399574598,4,0,0,Cần kiểm tra,2026-06-14
1659,3,2,5,6,6889,900,71,829,7718,24712819294.959305,3150403773.4313345,214389094.0585497,2936014679.3727846,27648833974.33209,0.0103062853824938,0.9896937146175062,0,0,0,Đạt,2026-06-14
1660,4,2,5,6,7718,940,85,855,8573,27648833974.33209,3347178940.4341145,309353270.7592741,3037825669.6748405,30686659644.006927,0.0110132158590308,0.9889867841409692,0,0,0,Đạt,2026-06-14
1661,5,2,5,6,8573,985,605,380,8953,30686659644.006927,3660647418.55735,2334055190.430242,1326592228.127108,32013251872.13404,0.0705703954275049,0.929429604572495,0,0,0,Đạt,2026-06-14
1662,6,2,5,6,8953,848,713,135,9088,32013251872.13404,3430276867.5068474,2904624339.312808,525652528.19403934,32538904400.328075,0.0796381101306824,0.9203618898693176,0,0,0,Đạt,2026-06-14
1663,7,2,5,6,9088,374,760,-386,8702,32538904400.328075,1357336185.625037,2390780550.362505,-1033444364.737468,31505460035.590607,0.0836267605633802,0.9163732394366196,10,4,0,Cần kiểm tra,2026-06-14
1664,8,2,5,6,8702,541,437,104,8806,31505460035.590607,1799412383.4339015,1308292039.3127582,491120344.12114334,31996580379.71175,0.0502183406113537,0.9497816593886464,0,0,0,Đạt,2026-06-14
1665,9,2,5,6,8806,442,250,192,8998,31996580379.71175,1783641099.697127,987102172.5415424,796538927.1555849,32793119306.867336,0.0283897342720872,0.9716102657279128,0,0,0,Đạt,2026-06-14
1666,10,2,5,6,8998,1284,733,551,9549,32793119306.867336,4320250895.422401,2727396790.116648,1592854105.3057537,34385973412.17309,0.0814625472327183,0.9185374527672816,0,0,0,Đạt,2026-06-14
1667,11,2,5,6,9549,278,586,-308,9241,34385973412.17309,1004725830.3384528,2046641488.298114,-1041915657.9596612,33344057754.21343,0.0613676824798408,0.9386323175201592,0,0,0,Đạt,2026-06-14
1668,12,2,5,6,9241,151,649,-498,8743,33344057754.21343,459363803.2986471,2018795834.3072896,-1559432031.008643,31784625723.204784,0.0702304945352234,0.9297695054647764,0,0,0,Đạt,2026-06-14
1669,1,2,5,7,7370,1073,290,783,8153,24157908752.291363,3339870770.4056306,779817023.5395951,2560053746.8660355,26717962499.1574,0.039348710990502,0.960651289009498,0,0,0,Đạt,2026-06-14
1670,2,2,5,7,8153,212,277,-65,8088,26717962499.1574,599995459.5821555,884137506.7587872,-284142047.1766317,26433820451.980766,0.0339752238439838,0.9660247761560162,0,0,0,Đạt,2026-06-14
1671,3,2,5,7,8088,1016,721,295,8383,26433820451.980766,3861006538.6888833,2026191199.1986456,1834815339.4902372,28268635791.471004,0.0891444114737883,0.9108555885262116,0,0,0,Đạt,2026-06-14
1672,4,2,5,7,8383,1040,310,730,9113,28268635791.471004,4005656078.412354,1016214438.3263272,2989441640.086027,31258077431.55703,0.0369796015746152,0.9630203984253848,0,0,0,Đạt,2026-06-14
1673,5,2,5,7,9113,158,806,-648,8465,31258077431.55703,505505924.0699866,3021904308.021011,-2516398383.951024,28741679047.606007,0.0884450784593438,0.9115549215406562,7,4,0,Cần kiểm tra,2026-06-14
1674,6,2,5,7,8465,1057,815,242,8707,28741679047.606007,3619742035.124137,2734224850.472619,885517184.6515179,29627196232.257523,0.0962787950383933,0.9037212049616066,0,0,0,Đạt,2026-06-14
1675,7,2,5,7,8707,939,775,164,8871,29627196232.257523,3005529830.767087,2507976294.6907063,497553536.0763807,30124749768.333904,0.0890088434592856,0.9109911565407144,0,0,0,Đạt,2026-06-14
1676,8,2,5,7,8871,274,122,152,9023,30124749768.333904,865552084.3826082,427755477.3850134,437796606.9975948,30562546375.331497,0.0137526772629917,0.9862473227370082,0,0,0,Đạt,2026-06-14
1677,9,2,5,7,9023,873,537,336,9359,30562546375.331497,2990357508.283133,2088898384.189441,901459124.0936916,31464005499.42519,0.0595145738667848,0.9404854261332152,0,0,0,Đạt,2026-06-14
1678,10,2,5,7,9359,371,889,-518,8841,31464005499.42519,1025814449.9414794,2347463851.7010546,-1321649401.7595751,30142356097.66561,0.0949887808526551,0.9050112191473448,0,0,0,Đạt,2026-06-14
1679,11,2,5,7,8841,1172,607,565,9406,30142356097.66561,3813205998.380824,2143469969.360708,1669736029.020116,31812092126.68573,0.0686573916977717,0.9313426083022284,0,0,0,Đạt,2026-06-14
1680,12,2,5,7,9406,97,208,-111,9295,31812092126.68573,331751613.535668,787707044.6952219,-455955431.1595539,31356136695.526176,0.0221135445460344,0.9778864554539656,0,0,0,Đạt,2026-06-14
1681,1,2,6,1,7444,1114,511,603,8047,19879747681.613327,2578565299.9008613,1316727908.9352083,1261837390.965653,21141585072.57898,0.0686458893068242,0.9313541106931758,0,0,0,Đạt,2026-06-14
1682,2,2,6,1,8047,324,88,236,8283,21141585072.57898,825882737.27261,277251074.39225584,548631662.8803542,21690216735.45933,0.0109357524543308,0.9890642475456692,0,0,0,Đạt,2026-06-14
1683,3,2,6,1,8283,1017,511,506,8789,21690216735.45933,3053977434.4927883,1596612790.5203192,1457364643.972469,23147581379.431805,0.0616926234456114,0.9383073765543886,0,0,0,Đạt,2026-06-14
1684,4,2,6,1,8789,544,143,401,9190,23147581379.431805,1719031136.9265535,388078773.0372431,1330952363.8893106,24478533743.321117,0.016270337922403,0.983729662077597,0,0,0,Đạt,2026-06-14
1685,5,2,6,1,9190,1210,825,385,9575,24478533743.321117,3132551853.52723,2549667039.256286,582884814.2709436,25061418557.592056,0.0897714907508161,0.910228509249184,0,0,0,Đạt,2026-06-14
1686,6,2,6,1,9575,160,897,-737,8838,25061418557.592056,394077002.9548272,2691129549.0353246,-2297052546.0804973,22764366011.51156,0.0936814621409921,0.9063185378590078,0,0,0,Đạt,2026-06-14
1687,7,2,6,1,8838,228,855,-627,8211,22764366011.51156,656106772.091506,2123340457.8747213,-1467233685.7832153,21297132325.728344,0.0967413441955193,0.9032586558044806,0,0,0,Đạt,2026-06-14
1688,8,2,6,1,8211,987,654,333,8544,21297132325.728344,2133119947.0450044,1589163066.833572,543956880.2114325,21841089205.939777,0.0796492510047497,0.9203507489952504,0,0,0,Đạt,2026-06-14
1689,9,2,6,1,8544,567,817,-250,8294,21841089205.939777,1438786526.627632,2243526387.141182,-804739860.51355,21036349345.426228,0.0956226591760299,0.90437734082397,0,0,0,Đạt,2026-06-14
1690,10,2,6,1,8294,772,649,123,8417,21036349345.426228,1837493133.048764,1596730006.6171842,240763126.43157983,21277112471.857807,0.0782493368700265,0.9217506631299734,0,0,0,Đạt,2026-06-14
1691,11,2,6,1,8417,346,357,-11,8406,21277112471.857807,843331275.1777998,836709719.4424739,6621555.7353259325,21283734027.59313,0.0424141618153736,0.9575858381846264,0,0,0,Đạt,2026-06-14
1692,12,2,6,1,8406,1057,479,578,8984,21283734027.59313,3270697657.179742,1102778702.3156023,2167918954.86414,23451652982.45727,0.0569831073043064,0.9430168926956936,0,0,0,Đạt,2026-06-14
1693,1,2,6,2,4944,351,51,300,5244,6229611695.817579,413738995.1624653,68440408.36830306,345298586.7941623,6574910282.611742,0.0103155339805825,0.9896844660194176,0,0,0,Đạt,2026-06-14
1694,2,2,6,2,5244,366,384,-18,5226,6574910282.611742,396814196.9885177,421875990.7339826,-25061793.74546492,6549848488.866277,0.0732265446224256,0.9267734553775744,0,0,0,Đạt,2026-06-14
1695,3,2,6,2,5226,230,326,-96,5130,6549848488.866277,298715687.61189306,408493327.5617946,-109777639.94990152,6440070848.916375,0.0623804056639877,0.9376195943360124,0,0,0,Đạt,2026-06-14
1696,4,2,6,2,5130,201,477,-276,4854,6440070848.916375,204322282.3808229,563079778.8526471,-358757496.47182417,6081313352.444551,0.0929824561403508,0.9070175438596492,0,0,0,Đạt,2026-06-14
1697,5,2,6,2,4854,311,135,176,5030,6081313352.444551,445565428.2675122,148974085.04544413,296591343.2220681,6377904695.666619,0.0278121137206427,0.9721878862793571,0,0,0,Đạt,2026-06-14
1698,6,2,6,2,5030,391,463,-72,4958,6377904695.666619,424849963.6142952,536087466.216156,-111237502.60186082,6266667193.064758,0.0920477137176938,0.9079522862823062,0,0,0,Đạt,2026-06-14
1699,7,2,6,2,4958,572,123,449,5407,6266667193.064758,691738227.256894,176413537.75127304,515324689.50562096,6781991882.570379,0.0248083904800322,0.9751916095199678,0,0,0,Đạt,2026-06-14
1700,8,2,6,2,5407,175,428,-253,5154,6781991882.570379,201073883.3298602,519223300.61262095,-318149417.28276074,6463842465.287619,0.0791566487886073,0.9208433512113926,0,0,0,Đạt,2026-06-14
1701,9,2,6,2,5154,140,341,-201,4953,6463842465.287619,210793370.58405364,464201942.4917696,-253408571.907716,6210433893.379903,0.06616220411331,0.93383779588669,0,0,0,Đạt,2026-06-14
1702,10,2,6,2,4953,281,187,94,5047,6210433893.379903,418694892.2262478,195077634.09719628,223617258.1290515,6434051151.508954,0.0377548960226125,0.9622451039773874,0,0,0,Đạt,2026-06-14
1703,11,2,6,2,5047,560,97,463,5510,6434051151.508954,594539899.4907646,102634776.35168974,491905123.13907486,6925956274.648029,0.0192193382207251,0.9807806617792748,0,0,0,Đạt,2026-06-14
1704,12,2,6,2,5510,69,245,-176,5334,6925956274.648029,77887548.22039457,339250346.3152564,-261362798.0948619,6664593476.553167,0.0444646098003629,0.9555353901996372,0,0,0,Đạt,2026-06-14
1705,1,2,6,3,6001,683,492,191,6192,25964955049.05928,3192227630.59468,1980112991.1084948,1212114639.486185,27177069688.545464,0.0819863356107315,0.9180136643892683,0,0,0,Đạt,2026-06-14
1706,2,2,6,3,6192,254,495,-241,5951,27177069688.545464,889006326.1802422,1977962857.613269,-1088956531.4330273,26088113157.112434,0.0799418604651162,0.9200581395348836,0,0,0,Đạt,2026-06-14
1707,3,2,6,3,5951,682,548,134,6085,26088113157.112434,2578959095.542731,2804034580.6490383,-225075485.1063075,25863037672.006126,0.0920853638044026,0.9079146361955974,9,3,0,Cần kiểm tra,2026-06-14
1708,4,2,6,3,6085,70,70,0,6085,25863037672.006126,288148756.14629406,350525554.32378125,-62376798.1774872,25800660873.82864,0.0115036976170912,0.9884963023829088,0,0,0,Đạt,2026-06-14
1709,5,2,6,3,6085,146,607,-461,5624,25800660873.82864,624014034.765308,2836073716.316368,-2212059681.55106,23588601192.27758,0.0997534921939194,0.9002465078060805,0,0,0,Đạt,2026-06-14
1710,6,2,6,3,5624,320,258,62,5686,23588601192.27758,1146696994.8235643,1331099618.9538825,-184402624.13031816,23404198568.147263,0.0458748221906116,0.9541251778093884,0,0,0,Đạt,2026-06-14
1711,7,2,6,3,5686,466,396,70,5756,23404198568.147263,2406049291.244303,1676863310.603699,729185980.6406043,24133384548.78787,0.0696447414702778,0.930355258529722,10,0,0,Cần kiểm tra,2026-06-14
1712,8,2,6,3,5756,227,380,-153,5603,24133384548.78787,835193244.4194355,1793583736.481546,-958390492.0621104,23174994056.72576,0.0660180681028492,0.9339819318971508,0,0,0,Đạt,2026-06-14
1713,9,2,6,3,5603,775,438,337,5940,23174994056.72576,3831330785.341456,1670079154.431811,2161251630.909645,25336245687.635403,0.0781724076387649,0.921827592361235,0,0,0,Đạt,2026-06-14
1714,10,2,6,3,5940,643,239,404,6344,25336245687.635403,2717029043.2905445,964336405.4288118,1752692637.8617327,27088938325.49713,0.0402356902356902,0.9597643097643098,0,0,0,Đạt,2026-06-14
1715,11,2,6,3,6344,691,264,427,6771,27088938325.49713,3299536460.640149,1254497667.4009674,2045038793.2391815,29133977118.73632,0.0416141235813367,0.9583858764186634,0,0,0,Đạt,2026-06-14
1716,12,2,6,3,6771,806,111,695,7466,29133977118.73632,4045983158.0321465,512285628.9239424,3533697529.108204,32667674647.84452,0.0163934426229508,0.9836065573770492,0,0,0,Đạt,2026-06-14
1717,1,2,6,4,7312,649,367,282,7594,34059924766.804485,2696106636.1991253,2024146437.2343104,671960198.9648151,34731884965.7693,0.0501914660831509,0.949808533916849,0,0,0,Đạt,2026-06-14
1718,2,2,6,4,7594,1131,645,486,8080,34731884965.7693,4381380739.324882,3471913228.6970167,909467510.6278648,35641352476.39717,0.0849354753752962,0.9150645246247036,0,0,0,Đạt,2026-06-14
1719,3,2,6,4,8080,815,266,549,8629,35641352476.39717,4505465057.273713,1263331872.880757,3242133184.392956,38883485660.79013,0.0329207920792079,0.967079207920792,0,0,0,Đạt,2026-06-14
1720,4,2,6,4,8629,614,245,369,8998,38883485660.79013,3080421822.4890623,985273683.680665,2095148138.8083973,40978633799.598526,0.028392629505157,0.9716073704948428,0,0,0,Đạt,2026-06-14
1721,5,2,6,4,8998,1056,740,316,9314,40978633799.598526,4012595967.939022,3308731391.22195,703864576.717072,41682498376.3156,0.0822404978884196,0.9177595021115804,0,0,0,Đạt,2026-06-14
1722,6,2,6,4,9314,1365,313,1052,10366,41682498376.3156,5130501615.697208,1666158907.6145923,3464342708.082616,45146841084.39822,0.0336053253167275,0.9663946746832724,0,0,0,Đạt,2026-06-14
1723,7,2,6,4,10366,1314,612,702,11068,45146841084.39822,6158192554.485542,3217467712.93044,2940724841.5551023,48087565925.95332,0.0590391665058846,0.9409608334941154,0,0,0,Đạt,2026-06-14
1724,8,2,6,4,11068,193,275,-82,10986,48087565925.95332,951903335.0475222,1366230986.5897796,-414327651.5422574,47673238274.41106,0.024846404047705,0.9751535959522948,0,0,0,Đạt,2026-06-14
1725,9,2,6,4,10986,1094,1070,24,11010,47673238274.41106,5276043244.21064,5621745689.102498,-345702444.8918581,47327535829.5192,0.0973966866921536,0.9026033133078464,0,0,0,Đạt,2026-06-14
1726,10,2,6,4,11010,348,614,-266,10744,47327535829.5192,1743884951.8588743,2602658042.638996,-858773090.7801213,46468762738.73908,0.0557674841053587,0.9442325158946412,0,0,0,Đạt,2026-06-14
1727,11,2,6,4,10744,302,203,99,10843,46468762738.73908,1551570246.477682,757590266.9429599,793979979.534722,47262742718.2738,0.0188942665673864,0.9811057334326136,0,0,0,Đạt,2026-06-14
1728,12,2,6,4,10843,883,950,-67,10776,47262742718.2738,3936872282.80001,3785399934.864004,151472347.93600655,47414215066.2098,0.0876141289311076,0.9123858710688924,0,0,0,Đạt,2026-06-14
1729,1,2,6,5,6545,564,531,33,6578,17811204795.290215,1782197607.6976483,1634201899.4884756,147995708.20917273,17959200503.499386,0.0811306340718105,0.9188693659281896,0,0,0,Đạt,2026-06-14
1730,2,2,6,5,6578,194,91,103,6681,17959200503.499386,508539112.3485709,201159416.46620345,307379695.8823675,18266580199.381752,0.0138339920948616,0.9861660079051384,0,0,0,Đạt,2026-06-14
1731,3,2,6,5,6681,855,300,555,7236,18266580199.381752,2693527154.7041283,686404600.771231,2007122553.932897,20273702753.314648,0.0449034575662326,0.9550965424337674,0,0,0,Đạt,2026-06-14
1732,4,2,6,5,7236,250,553,-303,6933,20273702753.314648,621855963.4869225,1481400360.8346255,-859544397.347703,19414158355.966946,0.0764234383637368,0.9235765616362632,0,0,0,Đạt,2026-06-14
1733,5,2,6,5,6933,667,91,576,7509,19414158355.966946,2161757166.069545,292616150.5122184,1869141015.5573263,21283299371.524277,0.0131256310399538,0.986874368960046,2,0,0,Cần kiểm tra,2026-06-14
1734,6,2,6,5,7509,739,729,10,7519,21283299371.524277,2248438684.1398687,2098385975.43428,150052708.70558858,21433352080.229862,0.0970834998002397,0.9029165001997604,0,0,0,Đạt,2026-06-14
1735,7,2,6,5,7519,872,636,236,7755,21433352080.229862,2219671275.5671577,1997261581.6484416,222409693.91871595,21655761774.14858,0.0845857161856629,0.915414283814337,0,0,0,Đạt,2026-06-14
1736,8,2,6,5,7755,254,563,-309,7446,21655761774.14858,712893943.5517224,1285282607.5189035,-572388663.9671811,21083373110.1814,0.0725983236621534,0.9274016763378464,0,0,0,Đạt,2026-06-14
1737,9,2,6,5,7446,79,88,-9,7437,21083373110.1814,188190752.6213757,261620258.9927479,-73429506.3713722,21009943603.810024,0.0118184260005372,0.9881815739994628,0,0,0,Đạt,2026-06-14
1738,10,2,6,5,7437,701,105,596,8033,21009943603.810024,2162167373.112053,231051437.391209,1931115935.720844,22941059539.53087,0.0141185962081484,0.9858814037918516,0,0,0,Đạt,2026-06-14
1739,11,2,6,5,8033,281,89,192,8225,22941059539.53087,905161856.4290068,256320942.3216074,648840914.1073995,23589900453.638268,0.0110792978961782,0.9889207021038218,0,0,0,Đạt,2026-06-14
1740,12,2,6,5,8225,836,689,147,8372,23589900453.638268,1911863454.183802,1759313564.957206,152549889.22659612,23742450342.864864,0.0837689969604863,0.9162310030395135,0,0,0,Đạt,2026-06-14
1741,1,2,6,6,7864,665,754,-89,7775,36933694236.18283,3330406774.153948,3721465299.4055696,-391058525.2516217,36542635710.931206,0.09587995930824,0.90412004069176,0,0,0,Đạt,2026-06-14
1742,2,2,6,6,7775,525,128,397,8172,36542635710.931206,2616649043.06514,673622379.2512378,1943026663.813902,38485662374.74511,0.0164630225080385,0.9835369774919616,0,0,0,Đạt,2026-06-14
1743,3,2,6,6,8172,704,347,357,8529,38485662374.74511,3136115219.61478,1625833716.446743,1510281503.168037,39995943877.91315,0.0424620655898188,0.9575379344101812,0,0,0,Đạt,2026-06-14
1744,4,2,6,6,8529,757,95,662,9191,39995943877.91315,4003333416.1502223,524550375.5974954,3478783040.5527267,43474726918.46587,0.0111384687536639,0.988861531246336,0,0,0,Đạt,2026-06-14
1745,5,2,6,6,9191,420,520,-100,9091,43474726918.46587,2357005841.62836,2094981560.9662995,262024280.6620605,43736751199.12794,0.0565770862800565,0.9434229137199436,0,0,0,Đạt,2026-06-14
1746,6,2,6,6,9091,1257,137,1120,10211,43736751199.12794,5102698615.703468,746403218.7503641,4356295396.953104,48093046596.08104,0.0150698493015069,0.984930150698493,0,0,0,Đạt,2026-06-14
1747,7,2,6,6,10211,522,982,-460,9751,48093046596.08104,2563165527.748048,4949859222.525372,-2386693694.777324,45706352901.30372,0.0961707962001762,0.9038292037998236,0,0,0,Đạt,2026-06-14
1748,8,2,6,6,9751,711,939,-228,9523,45706352901.30372,3903469364.266775,3923109633.8361583,-19640269.569383144,45686712631.73434,0.0962978156086555,0.9037021843913444,0,0,0,Đạt,2026-06-14
1749,9,2,6,6,9523,615,195,420,9943,45686712631.73434,3237858610.698301,813680745.944106,2424177864.7541947,48110890496.48853,0.0204767405229444,0.9795232594770557,0,0,0,Đạt,2026-06-14
1750,10,2,6,6,9943,1078,673,405,10348,48110890496.48853,5457036907.539081,2793158740.2972965,2663878167.241784,50774768663.73032,0.067685809111938,0.932314190888062,0,0,0,Đạt,2026-06-14
1751,11,2,6,6,10348,1196,160,1036,11384,50774768663.73032,5065064137.632905,613342913.1068177,4451721224.526087,55226489888.2564,0.0154619250096637,0.9845380749903364,0,0,0,Đạt,2026-06-14
1752,12,2,6,6,11384,380,298,82,11466,55226489888.2564,2078674262.6889892,1264110571.0935462,814563691.5954432,56041053579.851845,0.0261770906535488,0.9738229093464512,0,0,0,Đạt,2026-06-14
1753,1,2,6,7,5678,804,166,638,6316,9034087229.409773,1338560540.6402972,264461492.13558835,1074099048.5047088,10108186277.914482,0.0292356463543501,0.9707643536456498,0,0,0,Đạt,2026-06-14
1754,2,2,6,7,6316,455,532,-77,6239,10108186277.914482,799049600.7519997,888834451.2972434,-89784850.54524362,10018401427.369238,0.084230525649145,0.915769474350855,0,0,0,Đạt,2026-06-14
1755,3,2,6,7,6239,309,200,109,6348,10018401427.369238,534046755.1861748,346834978.7448104,187211776.44136435,10205613203.810602,0.0320564192979644,0.9679435807020356,0,0,0,Đạt,2026-06-14
1756,4,2,6,7,6348,765,171,594,6942,10205613203.810602,1018213649.3737588,251187406.24685505,767026243.1269039,10972639446.937506,0.026937618147448,0.973062381852552,0,0,0,Đạt,2026-06-14
1757,5,2,6,7,6942,212,78,134,7076,10972639446.937506,275764006.925906,123132276.1366008,152631730.7893052,11125271177.72681,0.0112359550561797,0.9887640449438202,0,0,0,Đạt,2026-06-14
1758,6,2,6,7,7076,510,560,-50,7026,11125271177.72681,664588640.2518792,920995130.8899764,-256406490.63809705,10868864687.088713,0.0791407574901074,0.9208592425098926,0,0,0,Đạt,2026-06-14
1759,7,2,6,7,7026,704,101,603,7629,10868864687.088713,1224621574.030939,157637717.9032181,1066983856.1277212,11935848543.216434,0.0143751779106177,0.9856248220893824,0,0,0,Đạt,2026-06-14
1760,8,2,6,7,7629,986,452,534,8163,11935848543.216434,1640974433.0133116,616313049.8008533,1024661383.2124584,12960509926.428892,0.0592476078122951,0.9407523921877048,0,0,0,Đạt,2026-06-14
1761,9,2,6,7,8163,673,338,335,8498,12960509926.428892,952921781.8372008,473650602.2061945,479271179.63100624,13439781106.059898,0.0414063457062354,0.9585936542937644,0,0,0,Đạt,2026-06-14
1762,10,2,6,7,8498,611,720,-109,8389,13439781106.059898,982535267.019724,1353667619.2338948,-371132352.2141707,13068648753.845728,0.0847258178394916,0.9152741821605084,0,0,0,Đạt,2026-06-14
1763,11,2,6,7,8389,1123,792,331,8720,13068648753.845728,1665036362.220739,1111656550.1560926,553379812.0646462,13622028565.910374,0.0944093455715818,0.905590654428418,0,0,0,Đạt,2026-06-14
1764,12,2,6,7,8720,1066,748,318,9038,13622028565.910374,1439670140.860676,1091012050.2115407,348658090.6491353,13970686656.55951,0.0857798165137614,0.9142201834862386,1,0,0,Cần kiểm tra,2026-06-14
1765,1,2,7,1,618,40,38,2,620,1991243289.9114604,117608094.02366294,112137331.96162055,5470762.062042385,1996714051.9735029,0.0614886731391585,0.9385113268608414,0,0,0,Đạt,2026-06-14
1766,2,2,7,1,620,33,49,-16,604,1996714051.9735029,93261239.41524205,169310947.18052882,-76049707.76528677,1920664344.208216,0.0790322580645161,0.920967741935484,0,0,0,Đạt,2026-06-14
1767,3,2,7,1,604,38,24,14,618,1920664344.208216,122195115.17135516,90625576.19565564,31569538.975699514,1952233883.183916,0.0397350993377483,0.9602649006622516,6,0,0,Cần kiểm tra,2026-06-14
1768,4,2,7,1,618,11,14,-3,615,1952233883.183916,31816846.18098546,47975841.64511866,-16158995.464133205,1936074887.7197824,0.0226537216828478,0.9773462783171522,0,0,0,Đạt,2026-06-14
1769,5,2,7,1,615,7,49,-42,573,1936074887.7197824,25835500.61505124,137842054.06363603,-112006553.4485848,1824068334.2711976,0.0796747967479674,0.9203252032520324,0,0,0,Đạt,2026-06-14
1770,6,2,7,1,573,74,34,40,613,1824068334.2711976,197676001.02745512,110458900.35374115,87217100.67371397,1911285434.9449117,0.0593368237347294,0.9406631762652704,0,0,0,Đạt,2026-06-14
1771,7,2,7,1,613,65,57,8,621,1911285434.9449117,231079046.4708454,187504868.44137183,43574178.02947357,1954859612.974385,0.0929853181076672,0.9070146818923328,0,0,0,Đạt,2026-06-14
1772,8,2,7,1,621,18,26,-8,613,1954859612.974385,64871600.3179868,76724690.4979804,-11853090.1799936,1943006522.7943916,0.0418679549114331,0.9581320450885668,0,0,0,Đạt,2026-06-14
1773,9,2,7,1,613,20,36,-16,597,1943006522.7943916,53708756.23450562,102340811.7547834,-48632055.52027777,1894374467.2741137,0.0587275693311582,0.9412724306688418,0,0,0,Đạt,2026-06-14
1774,10,2,7,1,597,20,56,-36,561,1894374467.2741137,60081951.46193533,164752878.7457687,-104670927.28383335,1789703539.9902804,0.0938023450586264,0.9061976549413736,0,0,0,Đạt,2026-06-14
1775,11,2,7,1,561,80,21,59,620,1789703539.9902804,258118965.71481848,61210340.6379268,196908625.0768917,1986612165.067172,0.0374331550802139,0.962566844919786,0,0,0,Đạt,2026-06-14
1776,12,2,7,1,620,20,21,-1,619,1986612165.067172,58438476.616784535,70403788.35293914,-11965311.736154608,1974646853.3310173,0.0338709677419354,0.9661290322580643,6,0,0,Cần kiểm tra,2026-06-14
1777,1,2,7,2,701,18,15,3,704,2285061081.608216,48947696.4834842,53905714.337931305,-4958017.854447104,2280103063.753769,0.021398002853067,0.978601997146933,0,0,0,Đạt,2026-06-14
1778,2,2,7,2,704,54,53,1,705,2280103063.753769,190432482.04914573,171013764.0952116,19418717.953934133,2299521781.707703,0.0752840909090909,0.9247159090909092,0,0,0,Đạt,2026-06-14
1779,3,2,7,2,705,93,51,42,747,2299521781.707703,243552887.55757773,141148997.74191752,102403889.8156602,2401925671.523363,0.0723404255319148,0.9276595744680852,0,0,0,Đạt,2026-06-14
1780,4,2,7,2,747,86,9,77,824,2401925671.523363,311900240.16734016,27241389.07125596,284658851.0960842,2686584522.619447,0.0120481927710843,0.9879518072289156,0,0,0,Đạt,2026-06-14
1781,5,2,7,2,824,59,63,-4,820,2686584522.619447,216144420.5640407,193208574.6779973,22935845.88604343,2709520368.505491,0.0764563106796116,0.9235436893203884,0,0,0,Đạt,2026-06-14
1782,6,2,7,2,820,115,57,58,878,2709520368.505491,344666733.49208987,170251392.0106038,174415341.48148608,2883935709.9869766,0.0695121951219512,0.9304878048780488,10,0,0,Cần kiểm tra,2026-06-14
1783,7,2,7,2,878,122,58,64,942,2883935709.9869766,344299204.7430856,225282634.5073992,119016570.23568636,3002952280.222663,0.0660592255125284,0.9339407744874716,0,0,0,Đạt,2026-06-14
1784,8,2,7,2,942,36,38,-2,940,3002952280.222663,98473094.0493201,103738614.9381798,-5265520.888859704,2997686759.333803,0.0403397027600849,0.9596602972399152,0,0,0,Đạt,2026-06-14
1785,9,2,7,2,940,60,66,-6,934,2997686759.333803,195893548.5871328,225716245.4096438,-29822696.822511017,2967864062.511292,0.0702127659574468,0.9297872340425531,0,0,0,Đạt,2026-06-14
1786,10,2,7,2,934,80,38,42,976,2967864062.511292,285799829.0428507,124632968.1070342,161166860.93581647,3129030923.4471083,0.0406852248394004,0.9593147751605996,0,0,0,Đạt,2026-06-14
1787,11,2,7,2,976,82,94,-12,964,3129030923.4471083,261028501.8554132,356194466.14685833,-95165964.29144517,3033864959.155663,0.096311475409836,0.903688524590164,0,0,0,Đạt,2026-06-14
1788,12,2,7,2,964,71,66,5,969,3033864959.155663,206531552.8308273,243701176.3677592,-37169623.5369319,2996695335.618731,0.0684647302904564,0.9315352697095436,0,0,0,Đạt,2026-06-14
1789,1,2,7,3,665,9,54,-45,620,1662826993.510466,19463709.16171853,137419536.15266073,-117955826.9909422,1544871166.5195236,0.081203007518797,0.918796992481203,0,0,0,Đạt,2026-06-14
1790,2,2,7,3,620,22,54,-32,588,1544871166.5195236,50260032.35222186,143790295.68578628,-93530263.33356442,1451340903.185959,0.0870967741935483,0.9129032258064516,0,0,0,Đạt,2026-06-14
1791,3,2,7,3,588,20,7,13,601,1451340903.185959,57256215.60605674,15640873.7960538,41615341.81000295,1492956244.995962,0.0119047619047619,0.988095238095238,0,0,0,Đạt,2026-06-14
1792,4,2,7,3,601,6,38,-32,569,1492956244.995962,13355799.849606996,76338487.08486106,-62982687.235254064,1429973557.760708,0.0632279534109817,0.9367720465890184,0,0,0,Đạt,2026-06-14
1793,5,2,7,3,569,6,34,-28,541,1429973557.760708,14415864.414459504,83382361.12290655,-68966496.70844704,1361007061.052261,0.0597539543057996,0.9402460456942004,0,0,0,Đạt,2026-06-14
1794,6,2,7,3,541,67,16,51,592,1361007061.052261,162587418.20994306,41794099.68844791,120793318.52149516,1481800379.5737562,0.0295748613678373,0.9704251386321626,0,0,0,Đạt,2026-06-14
1795,7,2,7,3,592,77,19,58,650,1481800379.5737562,174650183.97287107,54260994.10791349,120389189.86495756,1602189569.4387138,0.0320945945945945,0.9679054054054054,0,0,0,Đạt,2026-06-14
1796,8,2,7,3,650,77,41,36,686,1602189569.4387138,222349777.37628585,89509038.66725728,132840738.70902854,1735030308.1477425,0.063076923076923,0.936923076923077,0,0,0,Đạt,2026-06-14
1797,9,2,7,3,686,47,47,0,686,1735030308.1477425,102809949.57258756,105376084.2841848,-2566134.711597249,1732464173.436145,0.0685131195335276,0.9314868804664724,0,0,0,Đạt,2026-06-14
1798,10,2,7,3,686,53,37,16,702,1732464173.436145,114555178.88163972,77107250.19218893,37447928.68945079,1769912102.1255958,0.053935860058309,0.9460641399416908,0,0,0,Đạt,2026-06-14
1799,11,2,7,3,702,55,23,32,734,1769912102.1255958,147119876.6131322,53276769.41697151,93843107.1961607,1863755209.3217568,0.0327635327635327,0.9672364672364672,0,0,0,Đạt,2026-06-14
1800,12,2,7,3,734,73,19,54,788,1863755209.3217568,197186734.30512053,41041977.115347065,156144757.18977347,2019899966.5115304,0.0258855585831062,0.9741144414168936,0,0,0,Đạt,2026-06-14
1801,1,2,7,4,706,41,23,18,724,3199222023.840065,220195180.3503196,88176591.92793353,132018588.42238608,3331240612.262451,0.0325779036827195,0.9674220963172804,0,0,0,Đạt,2026-06-14
1802,2,2,7,4,724,102,27,75,799,3331240612.262451,386928050.043573,137219287.00863767,249708763.03493536,3580949375.297386,0.037292817679558,0.962707182320442,0,0,0,Đạt,2026-06-14
1803,3,2,7,4,799,29,18,11,810,3580949375.297386,140604734.32855737,93925341.70885554,46679392.61970183,3627628767.917089,0.0225281602002503,0.9774718397997496,0,0,0,Đạt,2026-06-14
1804,4,2,7,4,810,46,31,15,825,3627628767.917089,219728923.05536717,161378834.61490762,58350088.44045952,3685978856.357548,0.0382716049382716,0.9617283950617284,0,0,0,Đạt,2026-06-14
1805,5,2,7,4,825,96,10,86,911,3685978856.357548,408686012.702732,39225069.532841705,369460943.1698904,4055439799.527439,0.0121212121212121,0.987878787878788,0,0,0,Đạt,2026-06-14
1806,6,2,7,4,911,65,66,-1,910,4055439799.527439,237458230.07651055,263253957.23528895,-25795727.1587784,4029644072.368661,0.0724478594950603,0.9275521405049396,0,0,0,Đạt,2026-06-14
1807,7,2,7,4,910,82,88,-6,904,4029644072.368661,390987498.9648155,359410944.0140209,31576554.950794578,4061220627.319455,0.0967032967032967,0.9032967032967032,0,0,0,Đạt,2026-06-14
1808,8,2,7,4,904,131,63,68,972,4061220627.319455,540404636.5918308,257134599.2930709,283270037.29875994,4344490664.618216,0.0696902654867256,0.9303097345132744,0,0,0,Đạt,2026-06-14
1809,9,2,7,4,972,121,58,63,1035,4344490664.618216,492148040.7149173,234282166.17327407,257865874.5416432,4602356539.159859,0.0596707818930041,0.940329218106996,0,0,0,Đạt,2026-06-14
1810,10,2,7,4,1035,147,55,92,1127,4602356539.159859,743329748.4359092,287236496.49764323,456093251.9382659,5058449791.0981245,0.0531400966183574,0.9468599033816424,0,0,0,Đạt,2026-06-14
1811,11,2,7,4,1127,43,73,-30,1097,5058449791.0981245,221479183.5798593,303394373.5010876,-81915189.92122832,4976534601.176896,0.064773735581189,0.935226264418811,0,0,0,Đạt,2026-06-14
1812,12,2,7,4,1097,17,105,-88,1009,4976534601.176896,65403815.29462404,435973564.4693356,-370569749.1747115,4605964852.002185,0.0957155879671832,0.9042844120328168,0,0,0,Đạt,2026-06-14
1813,1,2,7,5,469,54,6,48,517,1062241034.2257364,115230932.09596623,14474879.610851396,100756052.48511484,1162997086.7108514,0.0127931769722814,0.9872068230277186,0,0,0,Đạt,2026-06-14
1814,2,2,7,5,517,19,42,-23,494,1162997086.7108514,45612505.27629872,103766853.53820226,-58154348.26190353,1104842738.448948,0.081237911025145,0.9187620889748548,0,0,0,Đạt,2026-06-14
1815,3,2,7,5,494,73,35,38,532,1104842738.448948,175912400.103462,90197337.27083096,85715062.83263105,1190557801.281579,0.0708502024291498,0.9291497975708504,0,0,0,Đạt,2026-06-14
1816,4,2,7,5,532,30,24,6,538,1190557801.281579,64025419.0333205,59474124.26499768,4551294.768322818,1195109096.0499015,0.0451127819548872,0.9548872180451128,0,0,0,Đạt,2026-06-14
1817,5,2,7,5,538,53,8,45,583,1195109096.0499015,112042038.73874836,17287595.293364413,94754443.44538394,1289863539.4952855,0.0148698884758364,0.9851301115241636,0,0,0,Đạt,2026-06-14
1818,6,2,7,5,583,36,24,12,595,1289863539.4952855,77038227.90182906,54575087.2112236,22463140.69060546,1312326680.1858912,0.0411663807890223,0.9588336192109777,0,0,0,Đạt,2026-06-14
1819,7,2,7,5,595,17,19,-2,593,1312326680.1858912,31479569.158404145,46075177.47894511,-14595608.320540968,1297731071.8653502,0.0319327731092436,0.9680672268907564,0,0,0,Đạt,2026-06-14
1820,8,2,7,5,593,85,24,61,654,1297731071.8653502,196072164.9018055,50613289.316707686,145458875.5850978,1443189947.450448,0.0404721753794266,0.9595278246205734,0,0,0,Đạt,2026-06-14
1821,9,2,7,5,654,7,38,-31,623,1443189947.450448,12927064.8799958,75299437.45492783,-62372372.57493203,1380817574.875516,0.0581039755351682,0.9418960244648318,0,0,0,Đạt,2026-06-14
1822,10,2,7,5,623,48,14,34,657,1380817574.875516,92357971.34394044,26513619.282713734,65844352.0612267,1446661926.9367423,0.0224719101123595,0.9775280898876404,0,0,0,Đạt,2026-06-14
1823,11,2,7,5,657,23,11,12,669,1446661926.9367423,58644440.886053205,28612260.169317,30032180.716736205,1476694107.6534789,0.0167427701674277,0.9832572298325724,1,0,0,Cần kiểm tra,2026-06-14
1824,12,2,7,5,669,57,31,26,695,1476694107.6534789,141966417.12404308,81997581.823327,59968835.30071607,1536662942.954195,0.046337817638266,0.953662182361734,0,0,0,Đạt,2026-06-14
1825,1,2,7,6,615,15,6,9,624,759196884.7043532,16202581.660488367,7781839.322155606,8420742.338332763,767617627.042686,0.0097560975609756,0.9902439024390244,0,0,0,Đạt,2026-06-14
1826,2,2,7,6,624,75,14,61,685,767617627.042686,97283529.99291264,17650891.0091329,79632638.98377973,847250266.0264657,0.0224358974358974,0.9775641025641024,0,0,0,Đạt,2026-06-14
1827,3,2,7,6,685,57,48,9,694,847250266.0264657,66239468.72392782,57664857.93467272,8574610.789255098,855824876.8157208,0.0700729927007299,0.92992700729927,0,0,0,Đạt,2026-06-14
1828,4,2,7,6,694,59,17,42,736,855824876.8157208,77472152.67299005,17263747.451608468,60208405.22138159,916033282.0371023,0.0244956772334293,0.9755043227665706,0,0,0,Đạt,2026-06-14
1829,5,2,7,6,736,97,40,57,793,916033282.0371023,104878286.5642227,47380689.12042132,57497597.44380137,973530879.4809036,0.0543478260869565,0.9456521739130436,0,0,0,Đạt,2026-06-14
1830,6,2,7,6,793,36,41,-5,788,973530879.4809036,41405966.9544483,44534452.6201788,-3128485.665730506,970402393.8151731,0.051702395964691,0.9482976040353088,0,0,0,Đạt,2026-06-14
1831,7,2,7,6,788,29,33,-4,784,970402393.8151731,34845481.96801186,40798841.08566835,-5953359.117656484,964449034.6975168,0.0418781725888324,0.9581218274111676,0,0,0,Đạt,2026-06-14
1832,8,2,7,6,784,35,78,-43,741,964449034.6975168,38715816.47159896,99372883.45058604,-60657066.97898708,903791967.7185296,0.0994897959183673,0.9005102040816326,0,0,0,Đạt,2026-06-14
1833,9,2,7,6,741,91,68,23,764,903791967.7185296,99226232.12497167,74561625.5608327,24664606.564138997,928456574.2826688,0.0917678812415654,0.9082321187584346,0,0,0,Đạt,2026-06-14
1834,10,2,7,6,764,28,75,-47,717,928456574.2826688,34164975.75572311,103254184.77108066,-69089209.01535755,859367365.2673111,0.0981675392670157,0.9018324607329844,0,0,0,Đạt,2026-06-14
1835,11,2,7,6,717,95,31,64,781,859367365.2673111,110243295.21151744,41226362.18542815,69016933.02608931,928384298.2934004,0.0432357043235704,0.9567642956764296,0,0,0,Đạt,2026-06-14
1836,12,2,7,6,781,26,34,-8,773,928384298.2934004,32691193.074760187,36792588.57681391,-4101395.502053719,924282902.7913468,0.0435339308578745,0.9564660691421256,0,0,0,Đạt,2026-06-14
1837,1,2,7,7,552,39,31,8,560,1332021086.8097496,106373830.0151715,68155524.21850847,38218305.79666303,1370239392.6064126,0.056159420289855,0.9438405797101448,0,0,0,Đạt,2026-06-14
1838,2,2,7,7,560,23,35,-12,548,1370239392.6064126,53651477.04277893,83714844.3803171,-30063367.33753817,1340176025.2688744,0.0625,0.9375,0,0,0,Đạt,2026-06-14
1839,3,2,7,7,548,43,25,18,566,1340176025.2688744,116412109.01480852,59855380.89757897,56556728.11722955,1396732753.386104,0.0456204379562043,0.9543795620437956,0,0,0,Đạt,2026-06-14
1840,4,2,7,7,566,60,23,37,603,1396732753.386104,137853562.57101429,63227064.5284311,74626498.04258318,1471359251.428687,0.0406360424028268,0.9593639575971732,0,0,0,Đạt,2026-06-14
1841,5,2,7,7,603,10,42,-32,571,1471359251.428687,22535264.371527925,90756104.41332622,-68220840.0417983,1403138411.3868887,0.0696517412935323,0.9303482587064676,0,0,0,Đạt,2026-06-14
1842,6,2,7,7,571,61,42,19,590,1403138411.3868887,159091100.28107983,108069499.18537812,51021601.095701694,1454160012.4825904,0.073555166374781,0.9264448336252188,0,0,0,Đạt,2026-06-14
1843,7,2,7,7,590,23,6,17,607,1454160012.4825904,48893769.88412334,11926931.383766254,36966838.50035709,1491126850.9829476,0.0101694915254237,0.9898305084745764,0,0,0,Đạt,2026-06-14
1844,8,2,7,7,607,46,38,8,615,1491126850.9829476,97431947.5455023,107299050.41156185,-9867102.866059542,1481259748.116888,0.0626029654036243,0.9373970345963756,9,0,2,Cần kiểm tra,2026-06-14
1845,9,2,7,7,615,40,28,12,627,1481259748.116888,80893698.24727394,73807791.45356469,7085906.793709248,1488345654.910597,0.0455284552845528,0.9544715447154472,0,0,0,Đạt,2026-06-14
1846,10,2,7,7,627,25,56,-31,596,1488345654.910597,58987622.59704378,118587531.1093284,-59599908.51228462,1428745746.3983128,0.0893141945773524,0.9106858054226477,0,0,0,Đạt,2026-06-14
1847,11,2,7,7,596,25,20,5,601,1428745746.3983128,61448623.9420452,50530028.02547197,10918595.916573234,1439664342.314886,0.0335570469798657,0.9664429530201344,0,0,0,Đạt,2026-06-14
1848,12,2,7,7,601,33,49,-16,585,1439664342.314886,64409230.40395633,117118476.47733948,-52709246.07338316,1386955096.241503,0.08153078202995,0.91846921797005,0,0,0,Đạt,2026-06-14
1849,1,2,8,1,362,23,13,10,372,1613557379.0291238,96583109.65443815,60973482.3198674,35609627.33457075,1649167006.3636944,0.0359116022099447,0.9640883977900552,0,0,0,Đạt,2026-06-14
1850,2,2,8,1,372,32,8,24,396,1649167006.3636944,159509796.51091555,35537695.58728212,123972100.92363344,1773139107.2873278,0.021505376344086,0.978494623655914,5,0,0,Cần kiểm tra,2026-06-14
1851,3,2,8,1,396,53,32,21,417,1773139107.2873278,209521136.23036617,169685817.21585596,39835319.01451021,1812974426.301838,0.0808080808080808,0.9191919191919192,0,0,0,Đạt,2026-06-14
1852,4,2,8,1,417,53,26,27,444,1812974426.301838,190701302.90157256,135398715.46211118,55302587.43946138,1868277013.7412996,0.0623501199040767,0.9376498800959232,0,0,0,Đạt,2026-06-14
1853,5,2,8,1,444,45,39,6,450,1868277013.7412996,169084026.81494084,197560600.0110231,-28476573.196082264,1839800440.545217,0.0878378378378378,0.9121621621621622,0,0,0,Đạt,2026-06-14
1854,6,2,8,1,450,48,15,33,483,1839800440.545217,230338097.11819056,60377252.60046265,169960844.5177279,2009761285.062945,0.0333333333333333,0.9666666666666668,0,0,0,Đạt,2026-06-14
1855,7,2,8,1,483,32,28,4,487,2009761285.062945,134811154.468763,144766025.3361125,-9954870.867349504,1999806414.1955955,0.0579710144927536,0.9420289855072465,0,0,0,Đạt,2026-06-14
1856,8,2,8,1,487,72,8,64,551,1999806414.1955955,269664265.79864466,42060525.98680705,227603739.8118376,2227410154.007433,0.0164271047227926,0.9835728952772074,0,0,0,Đạt,2026-06-14
1857,9,2,8,1,551,62,39,23,574,2227410154.007433,271112089.1027252,193381674.3373102,77730414.76541501,2305140568.772848,0.0707803992740471,0.9292196007259528,0,0,0,Đạt,2026-06-14
1858,10,2,8,1,574,81,54,27,601,2305140568.772848,382044260.5722669,217278952.22789997,164765308.344367,2469905877.117215,0.0940766550522648,0.9059233449477352,0,0,0,Đạt,2026-06-14
1859,11,2,8,1,601,27,43,-16,585,2469905877.117215,136540997.83033565,191964026.12558183,-55423028.29524621,2414482848.821969,0.0715474209650582,0.9284525790349416,0,0,0,Đạt,2026-06-14
1860,12,2,8,1,585,22,29,-7,578,2414482848.821969,111678795.06568491,133224630.81634364,-21545835.75065872,2392937013.0713105,0.0495726495726495,0.9504273504273504,0,0,0,Đạt,2026-06-14
1861,1,2,8,2,384,8,20,-12,372,1465920252.5865088,29557298.82413981,78537154.24609628,-48979855.42195647,1416940397.1645522,0.0520833333333333,0.9479166666666666,0,0,0,Đạt,2026-06-14
1862,2,2,8,2,372,20,3,17,389,1416940397.1645522,61283889.7599224,12555427.294767449,48728462.46515495,1465668859.629707,0.0080645161290322,0.9919354838709676,0,0,0,Đạt,2026-06-14
1863,3,2,8,2,389,32,14,18,407,1465668859.629707,135619709.89379537,60098191.48596398,75521518.4078314,1541190378.0375383,0.0359897172236503,0.9640102827763496,0,0,0,Đạt,2026-06-14
1864,4,2,8,2,407,12,7,5,412,1541190378.0375383,53705779.41924838,31079920.99025507,22625858.42899331,1563816236.4665318,0.0171990171990172,0.9828009828009828,0,0,0,Đạt,2026-06-14
1865,5,2,8,2,412,15,14,1,413,1563816236.4665318,61214798.602123134,51803548.68068695,9411249.921436183,1573227486.3879678,0.0339805825242718,0.9660194174757282,0,0,0,Đạt,2026-06-14
1866,6,2,8,2,413,49,23,26,439,1573227486.3879678,206004345.76730123,91749147.34246108,114255198.42484017,1687482684.812808,0.0556900726392251,0.9443099273607748,0,0,0,Đạt,2026-06-14
1867,7,2,8,2,439,48,22,26,465,1687482684.812808,219105587.28221297,81809976.01256102,137295611.26965195,1824778296.08246,0.0501138952164009,0.9498861047835992,0,0,0,Đạt,2026-06-14
1868,8,2,8,2,465,18,27,-9,456,1824778296.08246,67625122.56027117,96605614.920495,-28980492.36022381,1795797803.7222362,0.0580645161290322,0.9419354838709676,0,0,0,Đạt,2026-06-14
1869,9,2,8,2,456,45,8,37,493,1795797803.7222362,157302572.479682,32905804.60089138,124396767.87879062,1920194571.6010268,0.0175438596491228,0.9824561403508772,0,0,0,Đạt,2026-06-14
1870,10,2,8,2,493,53,8,45,538,1920194571.6010268,204692632.74247557,30783942.48282683,173908690.2596487,2094103261.860676,0.0162271805273833,0.9837728194726166,0,0,0,Đạt,2026-06-14
1871,11,2,8,2,538,22,13,9,547,2094103261.860676,97543525.23292896,52003304.41503205,45540220.8178969,2139643482.6785724,0.0241635687732342,0.9758364312267658,0,0,0,Đạt,2026-06-14
1872,12,2,8,2,547,8,30,-22,525,2139643482.6785724,27247369.18147675,107814290.84660594,-80566921.66512918,2059076561.0134432,0.0548446069469835,0.9451553930530164,0,0,0,Đạt,2026-06-14
1873,1,2,8,3,296,42,14,28,324,1241899578.9152997,179198802.0922884,49883168.44992606,129315633.64236234,1371215212.557662,0.0472972972972973,0.9527027027027029,0,0,0,Đạt,2026-06-14
1874,2,2,8,3,324,38,28,10,334,1371215212.557662,143489905.72963598,103373086.29961646,40116819.43001953,1411332031.9876816,0.0864197530864197,0.9135802469135804,0,0,0,Đạt,2026-06-14
1875,3,2,8,3,334,49,8,41,375,1411332031.9876816,168361440.20893875,38333912.68488886,130027527.52404988,1541359559.5117316,0.0239520958083832,0.9760479041916168,0,0,0,Đạt,2026-06-14
1876,4,2,8,3,375,25,28,-3,372,1541359559.5117316,110227413.15416455,136118129.2582171,-25890716.104052544,1515468843.407679,0.0746666666666666,0.9253333333333332,0,0,0,Đạt,2026-06-14
1877,5,2,8,3,372,30,10,20,392,1515468843.407679,114426049.09526303,38835733.48057355,75590315.61468948,1591059159.022369,0.0268817204301075,0.9731182795698924,0,0,0,Đạt,2026-06-14
1878,6,2,8,3,392,30,28,2,394,1591059159.022369,129585560.14093515,132702748.12019376,-3117187.979258612,1587941971.04311,0.0714285714285714,0.9285714285714286,0,0,0,Đạt,2026-06-14
1879,7,2,8,3,394,26,5,21,415,1587941971.04311,127849258.39827316,23262350.114204384,104586908.2840688,1692528879.327179,0.0126903553299492,0.9873096446700508,0,0,0,Đạt,2026-06-14
1880,8,2,8,3,415,6,8,-2,413,1692528879.327179,20415933.94125359,38669046.82139837,-18253112.88014478,1674275766.447034,0.0192771084337349,0.980722891566265,0,0,0,Đạt,2026-06-14
1881,9,2,8,3,413,44,10,34,447,1674275766.447034,160266241.22948816,45490144.99919124,114776096.23029692,1789051862.677331,0.0242130750605326,0.9757869249394672,0,0,0,Đạt,2026-06-14
1882,10,2,8,3,447,31,32,-1,446,1789051862.677331,106028697.65669164,134313092.84178802,-28284395.185096383,1760767467.4922347,0.0715883668903803,0.9284116331096196,0,0,0,Đạt,2026-06-14
1883,11,2,8,3,446,55,34,21,467,1760767467.4922347,197793032.13891256,130155943.2869194,67637088.85199316,1828404556.344228,0.0762331838565022,0.9237668161434978,0,0,0,Đạt,2026-06-14
1884,12,2,8,3,467,29,36,-7,460,1828404556.344228,131127239.60199696,139420013.72784564,-8292774.125848681,1820111782.218379,0.0770877944325481,0.9229122055674518,0,0,0,Đạt,2026-06-14
1885,1,2,8,4,324,37,16,21,345,1293974151.3508775,166636751.91797706,57983380.338252105,108653371.57972495,1402627522.9306026,0.0493827160493827,0.9506172839506172,0,0,0,Đạt,2026-06-14
1886,2,2,8,4,345,37,24,13,358,1402627522.9306026,168104552.7757085,84070418.12598632,84034134.64972217,1486661657.5803246,0.0695652173913043,0.9304347826086956,0,0,0,Đạt,2026-06-14
1887,3,2,8,4,358,50,13,37,395,1486661657.5803246,225265296.34629497,51003631.40309952,174261664.94319546,1660923322.52352,0.0363128491620111,0.9636871508379888,0,0,0,Đạt,2026-06-14
1888,4,2,8,4,395,16,21,-5,390,1660923322.52352,60821327.01342899,85499707.0154452,-24678380.00201621,1636244942.5215037,0.0531645569620253,0.9468354430379748,0,0,0,Đạt,2026-06-14
1889,5,2,8,4,390,41,34,7,397,1636244942.5215037,195815683.8034517,157779771.40263006,38035912.400821656,1674280854.9223254,0.0871794871794871,0.9128205128205128,0,0,0,Đạt,2026-06-14
1890,6,2,8,4,397,30,14,16,413,1674280854.9223254,108440274.3357046,62663032.04765892,45777242.28804569,1720058097.210371,0.035264483627204,0.964735516372796,0,0,0,Đạt,2026-06-14
1891,7,2,8,4,413,20,21,-1,412,1720058097.210371,81808612.57970291,76048063.44863197,5760549.131070942,1725818646.341442,0.0508474576271186,0.9491525423728814,0,0,0,Đạt,2026-06-14
1892,8,2,8,4,412,11,21,-10,402,1725818646.341442,46274311.52803644,87237951.94089319,-40963640.41285675,1684855005.928585,0.0509708737864077,0.9490291262135924,0,0,0,Đạt,2026-06-14
1893,9,2,8,4,402,10,9,1,403,1684855005.928585,37419133.399159685,38733534.98638026,-1314401.5872205794,1683540604.3413644,0.0223880597014925,0.9776119402985076,0,0,0,Đạt,2026-06-14
1894,10,2,8,4,403,28,33,-5,398,1683540604.3413644,106332991.47076598,157762983.39843515,-51429991.92766917,1632110612.413695,0.0818858560794044,0.9181141439205956,0,0,0,Đạt,2026-06-14
1895,11,2,8,4,398,21,34,-13,385,1632110612.413695,90522715.60796832,153395681.9774144,-62872966.36944607,1569237646.0442493,0.0854271356783919,0.914572864321608,0,0,0,Đạt,2026-06-14
1896,12,2,8,4,385,15,19,-4,381,1569237646.0442493,53427632.0927621,69725434.5426683,-16297802.4499062,1552939843.5943432,0.0493506493506493,0.9506493506493506,0,0,0,Đạt,2026-06-14
1897,1,2,8,5,206,15,9,6,212,175443453.01700273,15043051.94633502,7967205.36438836,7075846.581946662,182519299.5989494,0.0436893203883495,0.9563106796116504,0,0,0,Đạt,2026-06-14
1898,2,2,8,5,212,17,17,0,212,182519299.5989494,12804806.225642892,17305986.83425303,-4501180.60861014,178018118.99033925,0.080188679245283,0.9198113207547168,0,0,0,Đạt,2026-06-14
1899,3,2,8,5,212,26,7,19,231,178018118.99033925,25309650.59471261,5111356.427334585,20198294.16737803,198216413.1577173,0.0330188679245283,0.9669811320754716,0,0,0,Đạt,2026-06-14
1900,4,2,8,5,231,5,17,-12,219,198216413.1577173,4333600.504862101,13071777.476066943,-8738176.971204843,189478236.18651244,0.0735930735930736,0.9264069264069263,0,0,0,Đạt,2026-06-14
1901,5,2,8,5,219,27,18,9,228,189478236.18651244,25786518.681202386,16527600.0466412,9258918.634561189,198737154.8210736,0.0821917808219178,0.9178082191780822,0,0,0,Đạt,2026-06-14
1902,6,2,8,5,228,2,15,-13,215,198737154.8210736,1507995.8770088884,14130734.096272329,-12622738.21926344,186114416.6018102,0.0657894736842105,0.9342105263157896,0,0,0,Đạt,2026-06-14
1903,7,2,8,5,215,10,15,-5,210,186114416.6018102,7682939.420869151,14765726.18349802,-7082786.762628868,179031629.8391813,0.0697674418604651,0.9302325581395348,0,0,0,Đạt,2026-06-14
1904,8,2,8,5,210,16,3,13,223,179031629.8391813,13778675.347886575,2564508.7085573925,11214166.639329184,190245796.4785105,0.0142857142857142,0.9857142857142858,0,0,0,Đạt,2026-06-14
1905,9,2,8,5,223,29,8,21,244,190245796.4785105,25458983.37450113,7709789.685985981,17749193.68851515,207994990.1670257,0.0358744394618834,0.9641255605381166,0,0,0,Đạt,2026-06-14
1906,10,2,8,5,244,24,8,16,260,207994990.1670257,22211054.70146195,6120047.120422456,16091007.581039492,224085997.74806517,0.0327868852459016,0.9672131147540984,0,0,0,Đạt,2026-06-14
1907,11,2,8,5,260,37,4,33,293,224085997.74806517,30121492.424295858,3478967.285241854,26642525.139054004,250728522.88711917,0.0153846153846153,0.9846153846153848,0,0,0,Đạt,2026-06-14
1908,12,2,8,5,293,19,7,12,305,250728522.88711917,13254519.224015078,6748062.4463446895,6506456.777670388,257234979.66478956,0.0238907849829351,0.9761092150170648,0,0,0,Đạt,2026-06-14
1909,1,2,8,6,209,9,20,-11,198,688617532.9993643,31267484.839869548,65572325.80186111,-34304840.96199156,654312692.0373727,0.0956937799043062,0.9043062200956936,0,0,0,Đạt,2026-06-14
1910,2,2,8,6,198,26,18,8,206,654312692.0373727,94897764.124772,53780060.68222591,41117703.44254609,695430395.4799188,0.0909090909090909,0.9090909090909092,0,0,0,Đạt,2026-06-14
1911,3,2,8,6,206,13,8,5,211,695430395.4799188,40622598.48210059,22496215.156192627,18126383.325907964,713556778.8058268,0.0388349514563106,0.9611650485436892,0,0,0,Đạt,2026-06-14
1912,4,2,8,6,211,30,20,10,221,713556778.8058268,87495222.90210538,67093387.81405485,20401835.08805053,733958613.8938773,0.0947867298578199,0.90521327014218,0,0,0,Đạt,2026-06-14
1913,5,2,8,6,221,4,17,-13,208,733958613.8938773,15365987.335630182,53183233.618852414,-37817246.28322223,696141367.6106551,0.0769230769230769,0.9230769230769232,4,0,0,Cần kiểm tra,2026-06-14
1914,6,2,8,6,208,22,7,15,223,696141367.6106551,79548664.51198584,24727272.595239893,54821391.916745946,750962759.527401,0.0336538461538461,0.966346153846154,0,0,0,Đạt,2026-06-14
1915,7,2,8,6,223,26,5,21,244,750962759.527401,72918422.86802119,17793252.420496922,55125170.44752426,806087929.9749253,0.0224215246636771,0.9775784753363228,0,0,0,Đạt,2026-06-14
1916,8,2,8,6,244,16,16,0,244,806087929.9749253,60589103.859245576,43648517.64707461,16940586.212170966,823028516.1870962,0.0655737704918032,0.9344262295081968,4,0,0,Cần kiểm tra,2026-06-14
1917,9,2,8,6,244,34,17,17,261,823028516.1870962,113286306.38658418,57774925.47752913,55511380.90905505,878539897.0961512,0.0696721311475409,0.930327868852459,0,0,0,Đạt,2026-06-14
1918,10,2,8,6,261,5,5,0,261,878539897.0961512,16163076.87008228,17334051.919461828,-1170975.049379548,877368922.0467716,0.0191570881226053,0.9808429118773946,6,10,0,Cần kiểm tra,2026-06-14
1919,11,2,8,6,261,35,25,10,271,877368922.0467716,134665545.57321343,72152051.61801091,62513493.95520252,939882416.001974,0.0957854406130268,0.9042145593869731,0,0,0,Đạt,2026-06-14
1920,12,2,8,6,271,32,12,20,291,939882416.001974,101749790.93149944,36380932.62855072,65368858.30294873,1005251274.3049228,0.044280442804428,0.955719557195572,8,0,0,Cần kiểm tra,2026-06-14
1921,1,2,8,7,273,14,17,-3,270,968280935.1130184,46279455.83717081,60034158.21423823,-13754702.377067417,954526232.7359512,0.0622710622710622,0.9377289377289376,0,0,0,Đạt,2026-06-14
1922,2,2,8,7,270,22,11,11,281,954526232.7359512,82550395.42393464,33738786.657635584,48811608.766299054,1003337841.50225,0.0407407407407407,0.9592592592592591,0,0,0,Đạt,2026-06-14
1923,3,2,8,7,281,6,5,1,282,1003337841.50225,21354442.47050944,19123795.590298288,2230646.880211152,1005568488.3824612,0.0177935943060498,0.98220640569395,0,0,0,Đạt,2026-06-14
1924,4,2,8,7,282,4,8,-4,278,1005568488.3824612,12244145.5784988,25415782.15882676,-13171636.58032796,992396851.8021332,0.0283687943262411,0.9716312056737588,0,0,0,Đạt,2026-06-14
1925,5,2,8,7,278,9,19,-10,268,992396851.8021332,35182234.740282625,73802316.67319565,-38620081.93291302,953776769.86922,0.0683453237410072,0.9316546762589928,0,0,0,Đạt,2026-06-14
1926,6,2,8,7,268,20,10,10,278,953776769.86922,65906773.77368556,32337265.529915188,33569508.243770376,987346278.1129904,0.0373134328358208,0.9626865671641792,0,0,0,Đạt,2026-06-14
1927,7,2,8,7,278,15,16,-1,277,987346278.1129904,60217711.11306819,64112735.67118457,-3895024.558116376,983451253.5548742,0.0575539568345323,0.9424460431654677,0,0,0,Đạt,2026-06-14
1928,8,2,8,7,277,13,21,-8,269,983451253.5548742,49378470.11315414,79023155.78555301,-29644685.672398865,953806567.8824754,0.075812274368231,0.924187725631769,0,0,0,Đạt,2026-06-14
1929,9,2,8,7,269,11,14,-3,266,953806567.8824754,46244625.67086534,49229872.24347118,-2985246.572605841,950821321.3098696,0.0520446096654275,0.9479553903345724,0,0,0,Đạt,2026-06-14
1930,10,2,8,7,266,15,12,3,269,950821321.3098696,61668743.58643123,44305288.78563188,17363454.800799347,968184776.1106688,0.0451127819548872,0.9548872180451128,0,0,0,Đạt,2026-06-14
1931,11,2,8,7,269,10,6,4,273,968184776.1106688,39888623.13839206,23679212.136123896,16209411.002268163,984394187.1129372,0.0223048327137546,0.9776951672862454,0,0,0,Đạt,2026-06-14
1932,12,2,8,7,273,4,7,-3,270,984394187.1129372,16766739.359455995,22655284.82915288,-5888545.469696883,978505641.6432402,0.0256410256410256,0.9743589743589745,0,0,0,Đạt,2026-06-14
1933,1,2,9,1,780,86,70,16,796,27403185506.840515,3380900419.4644666,2473454091.534893,907446327.9295737,28310631834.77009,0.0897435897435897,0.9102564102564102,0,0,0,Đạt,2026-06-14
1934,2,2,9,1,796,40,63,-23,773,28310631834.77009,1626390205.2765152,1771701867.5317984,-145311662.25528312,28165320172.514805,0.079145728643216,0.920854271356784,0,0,0,Đạt,2026-06-14
1935,3,2,9,1,773,108,19,89,862,28165320172.514805,3074022324.231409,595524865.1351749,2478497459.096235,30643817631.61104,0.0245795601552393,0.9754204398447608,0,0,0,Đạt,2026-06-14
1936,4,2,9,1,862,89,73,16,878,30643817631.61104,2708688841.230553,3029794608.99162,-321105767.76106644,30322711863.84997,0.0846867749419953,0.9153132250580046,0,0,0,Đạt,2026-06-14
1937,5,2,9,1,878,103,22,81,959,30322711863.84997,3810246109.6063046,667153270.5227937,3143092839.083511,33465804702.933483,0.0250569476082004,0.9749430523917996,0,0,0,Đạt,2026-06-14
1938,6,2,9,1,959,101,47,54,1013,33465804702.933483,2928094906.507803,1912712583.9193509,1015382322.588452,34481187025.521935,0.0490093847758081,0.9509906152241918,0,0,0,Đạt,2026-06-14
1939,7,2,9,1,1013,121,46,75,1088,34481187025.521935,4685357221.067069,1504850188.8521762,3180507032.214893,37661694057.73682,0.0454096742349457,0.9545903257650544,0,0,0,Đạt,2026-06-14
1940,8,2,9,1,1088,73,88,-15,1073,37661694057.73682,2486853687.564584,3049577667.9638386,-562723980.3992553,37098970077.33757,0.0808823529411764,0.9191176470588236,0,0,0,Đạt,2026-06-14
1941,9,2,9,1,1073,125,56,69,1142,37098970077.33757,4932670915.342034,1877849834.6651251,3054821080.676909,40153791158.01448,0.0521901211556384,0.9478098788443616,0,0,0,Đạt,2026-06-14
1942,10,2,9,1,1142,102,21,81,1223,40153791158.01448,3642510873.1492953,807799300.4724072,2834711572.676888,42988502730.69137,0.0183887915936952,0.9816112084063048,0,0,0,Đạt,2026-06-14
1943,11,2,9,1,1223,102,92,10,1233,42988502730.69137,3560345439.2161403,2658829484.808994,901515954.4071465,43890018685.09851,0.0752248569092395,0.9247751430907604,0,0,0,Đạt,2026-06-14
1944,12,2,9,1,1233,145,36,109,1342,43890018685.09851,6073770034.830482,1049536799.8405735,5024233234.989908,48914251920.08842,0.0291970802919708,0.9708029197080292,0,0,0,Đạt,2026-06-14
1945,1,2,9,2,571,83,35,48,619,35113037265.622,4235023211.42671,1837809562.1004505,2397213649.32626,37510250914.94826,0.0612959719789842,0.9387040280210156,0,0,0,Đạt,2026-06-14
1946,2,2,9,2,619,31,26,5,624,37510250914.94826,1534194663.072776,1742084932.8362613,-207890269.7634852,37302360645.18477,0.0420032310177706,0.9579967689822294,0,0,0,Đạt,2026-06-14
1947,3,2,9,2,624,86,54,32,656,37302360645.18477,4832947306.890971,3707306365.556235,1125640941.3347363,38428001586.51951,0.0865384615384615,0.9134615384615384,0,0,0,Đạt,2026-06-14
1948,4,2,9,2,656,72,56,16,672,38428001586.51951,5242543810.72733,3004038676.2789,2238505134.4484305,40666506720.96794,0.0853658536585365,0.9146341463414634,0,0,0,Đạt,2026-06-14
1949,5,2,9,2,672,48,30,18,690,40666506720.96794,2716928148.33722,1743409451.499866,973518696.8373542,41640025417.8053,0.0446428571428571,0.9553571428571428,0,0,0,Đạt,2026-06-14
1950,6,2,9,2,690,68,10,58,748,41640025417.8053,3363517382.706012,601629212.3592153,2761888170.3467965,44401913588.15209,0.0144927536231884,0.9855072463768116,0,0,0,Đạt,2026-06-14
1951,7,2,9,2,748,73,33,40,788,44401913588.15209,4716445916.474238,2021823635.4836624,2694622280.990576,47096535869.14267,0.0441176470588235,0.9558823529411764,0,0,0,Đạt,2026-06-14
1952,8,2,9,2,788,28,66,-38,750,47096535869.14267,1973478497.2919457,3966686423.685757,-1993207926.3938117,45103327942.748856,0.0837563451776649,0.916243654822335,0,0,0,Đạt,2026-06-14
1953,9,2,9,2,750,109,53,56,806,45103327942.748856,7694036315.185253,3890535991.308244,3803500323.877009,48906828266.62586,0.0706666666666666,0.9293333333333332,0,0,0,Đạt,2026-06-14
1954,10,2,9,2,806,50,70,-20,786,48906828266.62586,3570765304.3503404,4490182515.231193,-919417210.8808522,47987411055.74501,0.086848635235732,0.913151364764268,0,0,0,Đạt,2026-06-14
1955,11,2,9,2,786,67,53,14,800,47987411055.74501,3549510140.2070627,3731036074.2436233,-181525934.0365605,47805885121.70845,0.0674300254452926,0.9325699745547074,0,0,0,Đạt,2026-06-14
1956,12,2,9,2,800,119,35,84,884,47805885121.70845,6109736414.407276,2145719149.7812665,3964017264.62601,51769902386.33446,0.04375,0.95625,0,0,0,Đạt,2026-06-14
1957,1,2,9,3,622,26,51,-25,597,14396600556.904438,670305378.5810646,1410725493.1950493,-740420114.6139847,13656180442.290451,0.0819935691318328,0.9180064308681672,0,0,0,Đạt,2026-06-14
1958,2,2,9,3,597,19,24,-5,592,13656180442.290451,503115280.3898158,457475640.5802761,45639639.80953968,13701820082.099993,0.0402010050251256,0.9597989949748744,0,0,0,Đạt,2026-06-14
1959,3,2,9,3,592,75,54,21,613,13701820082.099993,2023502190.494594,1344307290.665696,679194899.828898,14381014981.92889,0.0912162162162162,0.9087837837837838,0,0,0,Đạt,2026-06-14
1960,4,2,9,3,613,52,34,18,631,14381014981.92889,1072586855.4527262,917287529.8443216,155299325.60840452,14536314307.537294,0.0554649265905383,0.9445350734094616,0,0,0,Đạt,2026-06-14
1961,5,2,9,3,631,91,9,82,713,14536314307.537294,1976059146.861853,224222885.5286005,1751836261.3332524,16288150568.870546,0.0142630744849445,0.9857369255150554,0,0,0,Đạt,2026-06-14
1962,6,2,9,3,713,74,48,26,739,16288150568.870546,1866956030.3734329,1078081864.4990234,788874165.8744094,17077024734.744955,0.0673211781206171,0.9326788218793828,0,0,0,Đạt,2026-06-14
1963,7,2,9,3,739,55,21,34,773,17077024734.744955,1168423572.9097946,536777529.7440146,631646043.16578,17708670777.910736,0.0284167794316644,0.9715832205683356,0,0,0,Đạt,2026-06-14
1964,8,2,9,3,773,66,38,28,801,17708670777.910736,1562931394.8370192,1012321610.2284908,550609784.6085284,18259280562.519264,0.0491591203104786,0.9508408796895214,0,0,0,Đạt,2026-06-14
1965,9,2,9,3,801,9,25,-16,785,18259280562.519264,184891673.29054788,535268383.9840449,-350376710.69349694,17908903851.825768,0.031210986267166,0.968789013732834,0,0,0,Đạt,2026-06-14
1966,10,2,9,3,785,8,43,-35,750,17908903851.825768,174477685.39191157,1016970624.6140026,-842492939.222091,17066410912.603676,0.0547770700636942,0.9452229299363056,0,0,0,Đạt,2026-06-14
1967,11,2,9,3,750,75,74,1,751,17066410912.603676,2030167318.4514432,1673031577.937286,357135740.5141573,17423546653.117832,0.0986666666666666,0.9013333333333332,0,0,0,Đạt,2026-06-14
1968,12,2,9,3,751,57,43,14,765,17423546653.117832,1096615147.3201733,1137288668.4671404,-40673521.14696717,17382873131.970863,0.0572569906790945,0.9427430093209056,0,0,0,Đạt,2026-06-14
1969,1,2,9,4,671,60,46,14,685,23332458332.379425,1720543751.5325377,1849051334.7483385,-128507583.215801,23203950749.163624,0.0685543964232488,0.9314456035767512,0,0,0,Đạt,2026-06-14
1970,2,2,9,4,685,41,52,-11,674,23203950749.163624,1292272238.171008,1944318463.6548984,-652046225.4838908,22551904523.679733,0.075912408759124,0.924087591240876,0,0,0,Đạt,2026-06-14
1971,3,2,9,4,674,35,20,15,689,22551904523.679733,1391185883.5250738,819768685.3633695,571417198.1617043,23123321721.84144,0.029673590504451,0.9703264094955488,0,0,0,Đạt,2026-06-14
1972,4,2,9,4,689,56,8,48,737,23123321721.84144,1915270155.809313,250787591.27825236,1664482564.5310607,24787804286.372498,0.011611030478955,0.988388969521045,0,0,0,Đạt,2026-06-14
1973,5,2,9,4,737,8,52,-44,693,24787804286.372498,228503955.32388905,2128996083.48552,-1900492128.1616304,22887312158.21087,0.0705563093622795,0.9294436906377204,0,0,0,Đạt,2026-06-14
1974,6,2,9,4,693,83,50,33,726,22887312158.21087,2785102707.7932706,2045228213.4721851,739874494.3210852,23627186652.53196,0.0721500721500721,0.9278499278499278,0,0,0,Đạt,2026-06-14
1975,7,2,9,4,726,79,7,72,798,23627186652.53196,2869407133.544092,208919581.992716,2660487551.5513763,26287674204.08333,0.0096418732782369,0.990358126721763,0,0,0,Đạt,2026-06-14
1976,8,2,9,4,798,66,27,39,837,26287674204.08333,2222361911.393114,1060698262.9557896,1161663648.4373243,27449337852.520657,0.0338345864661654,0.9661654135338346,0,0,0,Đạt,2026-06-14
1977,9,2,9,4,837,11,58,-47,790,27449337852.520657,417895209.3974829,2380048539.8427835,-1962153330.4453008,25487184522.07536,0.069295101553166,0.930704898446834,0,0,0,Đạt,2026-06-14
1978,10,2,9,4,790,107,38,69,859,25487184522.07536,3371331663.1308794,1082931294.544469,2288400368.5864105,27775584890.66177,0.0481012658227848,0.9518987341772152,0,0,0,Đạt,2026-06-14
1979,11,2,9,4,859,32,24,8,867,27775584890.66177,998626901.805056,982380043.8436078,16246857.961448312,27791831748.62321,0.0279394644935972,0.9720605355064028,0,0,0,Đạt,2026-06-14
1980,12,2,9,4,867,126,79,47,914,27791831748.62321,4998357411.551616,2541344200.6571407,2457013210.894475,30248844959.51769,0.091118800461361,0.908881199538639,0,0,0,Đạt,2026-06-14
1981,1,2,9,5,403,12,12,0,403,34937557547.07533,1008470222.3982296,905169972.026292,103300250.37193777,35040857797.44727,0.0297766749379652,0.9702233250620348,0,0,0,Đạt,2026-06-14
1982,2,2,9,5,403,33,27,6,409,35040857797.44727,3125085575.421984,2301512311.5077634,823573263.9142208,35864431061.361496,0.0669975186104218,0.9330024813895782,0,0,0,Đạt,2026-06-14
1983,3,2,9,5,409,26,24,2,411,35864431061.361496,2428640171.080502,2464179081.435026,-35538910.35452461,35828892151.00697,0.0586797066014669,0.941320293398533,0,0,0,Đạt,2026-06-14
1984,4,2,9,5,411,40,32,8,419,35828892151.00697,4050712629.046151,3209240050.9588947,841472578.087256,36670364729.09423,0.0778588807785888,0.9221411192214112,0,0,0,Đạt,2026-06-14
1985,5,2,9,5,419,9,24,-15,404,36670364729.09423,747781210.9766583,2089771601.201043,-1341990390.2243843,35328374338.86984,0.0572792362768496,0.9427207637231504,0,0,0,Đạt,2026-06-14
1986,6,2,9,5,404,38,32,6,410,35328374338.86984,3801540696.499541,2697040588.295256,1104500108.2042851,36432874447.07413,0.0792079207920792,0.9207920792079208,0,0,0,Đạt,2026-06-14
1987,7,2,9,5,410,15,14,1,411,36432874447.07413,1505927345.589084,1267367548.5817716,238559797.0073125,36671434244.08144,0.0341463414634146,0.9658536585365852,0,0,0,Đạt,2026-06-14
1988,8,2,9,5,411,17,24,-7,404,36671434244.08144,1514748359.6936874,2208779738.606783,-694031378.9130955,35977402865.16834,0.0583941605839416,0.9416058394160584,0,0,0,Đạt,2026-06-14
1989,9,2,9,5,404,26,28,-2,402,35977402865.16834,1813727653.7675984,2055962753.8558297,-242235100.0882311,35735167765.08011,0.0693069306930693,0.9306930693069306,0,0,0,Đạt,2026-06-14
1990,10,2,9,5,402,31,23,8,410,35735167765.08011,2259441576.4835544,1690989595.457801,568451981.0257533,36303619746.105865,0.0572139303482587,0.9427860696517412,0,0,0,Đạt,2026-06-14
1991,11,2,9,5,410,16,16,0,410,36303619746.105865,1376328014.2936385,1644693836.6318245,-268365822.33818603,36035253923.76768,0.0390243902439024,0.9609756097560976,0,0,0,Đạt,2026-06-14
1992,12,2,9,5,410,54,26,28,438,36035253923.76768,3871238921.45757,1865498824.163076,2005740097.2944944,38040994021.06217,0.0634146341463414,0.9365853658536584,0,0,0,Đạt,2026-06-14
1993,1,2,9,6,717,52,53,-1,716,36345459944.24229,2717299013.4022794,2913499461.4503503,-196200448.0480709,36149259496.19422,0.0739191073919107,0.9260808926080892,0,0,0,Đạt,2026-06-14
1994,2,2,9,6,716,75,49,26,742,36149259496.19422,3899738831.114789,1998438403.0793576,1901300428.0354316,38050559924.22965,0.0684357541899441,0.931564245810056,0,0,0,Đạt,2026-06-14
1995,3,2,9,6,742,81,49,32,774,38050559924.22965,3415168044.158979,2451730515.9450693,963437528.2139096,39013997452.443565,0.0660377358490566,0.9339622641509434,0,0,0,Đạt,2026-06-14
1996,4,2,9,6,774,15,15,0,774,39013997452.443565,758020238.9512864,667326590.0136837,90693648.93760276,39104691101.381165,0.0193798449612403,0.9806201550387597,0,0,0,Đạt,2026-06-14
1997,5,2,9,6,774,95,19,76,850,39104691101.381165,5306725930.466756,936300765.399739,4370425165.067017,43475116266.44818,0.024547803617571,0.975452196382429,0,0,0,Đạt,2026-06-14
1998,6,2,9,6,850,42,30,12,862,43475116266.44818,2278092321.5408983,1780051912.7182791,498040408.8226192,43973156675.2708,0.0352941176470588,0.9647058823529412,0,0,0,Đạt,2026-06-14
1999,7,2,9,6,862,97,38,59,921,43973156675.2708,5113125383.814902,1706409603.2892325,3406715780.52567,47379872455.79647,0.0440835266821345,0.9559164733178654,0,0,0,Đạt,2026-06-14
2000,8,2,9,6,921,71,40,31,952,47379872455.79647,3274315182.6668773,2303737590.522424,970577592.144453,48350450047.940926,0.0434310532030401,0.9565689467969598,0,0,0,Đạt,2026-06-14
2001,9,2,9,6,952,82,48,34,986,48350450047.940926,4100807138.546104,1996364558.2550576,2104442580.2910464,50454892628.23197,0.0504201680672268,0.9495798319327732,0,0,0,Đạt,2026-06-14
2002,10,2,9,6,986,33,43,-10,976,50454892628.23197,1657271227.412428,2489679508.5136094,-832408281.1011813,49622484347.13079,0.0436105476673428,0.9563894523326572,0,0,0,Đạt,2026-06-14
2003,11,2,9,6,976,43,45,-2,974,49622484347.13079,2108391057.3483627,2515342846.781732,-406951789.4333694,49215532557.69742,0.0461065573770491,0.9538934426229508,0,0,0,Đạt,2026-06-14
2004,12,2,9,6,974,50,36,14,988,49215532557.69742,2297025622.4219203,1554395363.7271688,742630258.6947515,49958162816.392166,0.0369609856262833,0.9630390143737166,0,0,0,Đạt,2026-06-14
2005,1,2,9,7,684,12,23,-11,673,66591630237.50955,1139983679.9956183,2052734688.420816,-912751008.4251974,65678879229.08436,0.033625730994152,0.966374269005848,0,0,0,Đạt,2026-06-14
2006,2,2,9,7,673,23,47,-24,649,65678879229.08436,2618672618.7123995,4444291264.144135,-1825618645.431735,63853260583.65263,0.0698365527488855,0.9301634472511144,0,0,0,Đạt,2026-06-14
2007,3,2,9,7,649,91,35,56,705,63853260583.65263,7666676672.919476,3638192895.2012873,4028483777.718188,67881744361.37081,0.0539291217257318,0.946070878274268,0,0,0,Đạt,2026-06-14
2008,4,2,9,7,705,39,59,-20,685,67881744361.37081,3070515593.9135447,5121299438.653499,-2050783844.739954,65830960516.63086,0.0836879432624113,0.9163120567375886,0,0,0,Đạt,2026-06-14
2009,5,2,9,7,685,14,52,-38,647,65830960516.63086,1633358148.9205737,4656567217.072779,-3023209068.152205,62807751448.47865,0.075912408759124,0.924087591240876,0,0,0,Đạt,2026-06-14
2010,6,2,9,7,647,59,46,13,660,62807751448.47865,6002010885.814379,4726697003.533167,1275313882.281212,64083065330.759865,0.071097372488408,0.928902627511592,0,0,0,Đạt,2026-06-14
2011,7,2,9,7,660,97,15,82,742,64083065330.759865,8085786615.052337,1702516268.3116431,6383270346.740694,70466335677.50056,0.0227272727272727,0.9772727272727272,0,0,0,Đạt,2026-06-14
2012,8,2,9,7,742,87,42,45,787,70466335677.50056,8859198094.529058,4533418568.138296,4325779526.390762,74792115203.89133,0.0566037735849056,0.9433962264150944,2,0,0,Cần kiểm tra,2026-06-14
2013,9,2,9,7,787,67,61,6,793,74792115203.89133,6700047465.895431,6445321147.36219,254726318.53324032,75046841522.42456,0.0775095298602287,0.9224904701397711,0,0,0,Đạt,2026-06-14
2014,10,2,9,7,793,62,21,41,834,75046841522.42456,5783085637.760658,2238773289.207458,3544312348.5532,78591153870.97777,0.0264817150063051,0.9735182849936947,0,0,0,Đạt,2026-06-14
2015,11,2,9,7,834,45,27,18,852,78591153870.97777,4366124853.826364,2832657648.092,1533467205.7343636,80124621076.71213,0.0323741007194244,0.9676258992805756,0,0,0,Đạt,2026-06-14
2016,12,2,9,7,852,118,64,54,906,80124621076.71213,13145789387.68142,6716976680.917693,6428812706.763726,86553433783.47586,0.0751173708920187,0.9248826291079812,0,0,0,Đạt,2026-06-14
2017,1,2,10,1,159,19,14,5,164,13459184277.34143,1808064592.874116,1224235924.35777,583828668.516346,14043012945.857777,0.0880503144654088,0.9119496855345912,0,0,0,Đạt,2026-06-14
2018,2,2,10,1,164,2,13,-11,153,14043012945.857777,171164228.53060016,962009008.77162,-790844780.2410197,13252168165.616756,0.0792682926829268,0.9207317073170732,0,0,0,Đạt,2026-06-14
2019,3,2,10,1,153,3,14,-11,142,13252168165.616756,278556821.8371468,1351360461.5563653,-1072803639.7192184,12179364525.897535,0.0915032679738562,0.9084967320261438,0,0,0,Đạt,2026-06-14
2020,4,2,10,1,142,9,10,-1,141,12179364525.897535,809573357.6294452,714166971.372376,95406386.25706924,12274770912.154606,0.0704225352112676,0.9295774647887324,0,0,0,Đạt,2026-06-14
2021,5,2,10,1,141,11,12,-1,140,12274770912.154606,904692921.9222184,1063616620.4994196,-158923698.577201,12115847213.577404,0.0851063829787234,0.9148936170212766,0,0,0,Đạt,2026-06-14
2022,6,2,10,1,140,12,8,4,144,12115847213.577404,926892940.9394342,623091191.0226777,303801749.9167565,12419648963.49416,0.0571428571428571,0.9428571428571428,0,0,0,Đạt,2026-06-14
2023,7,2,10,1,144,13,9,4,148,12419648963.49416,1002471144.0730438,652985221.1131343,349485922.9599096,12769134886.45407,0.0625,0.9375,0,0,0,Đạt,2026-06-14
2024,8,2,10,1,148,22,7,15,163,12769134886.45407,2201613254.05844,693255835.5521975,1508357418.5062428,14277492304.960312,0.0472972972972973,0.9527027027027029,0,0,0,Đạt,2026-06-14
2025,9,2,10,1,163,15,5,10,173,14277492304.960312,1268199728.3991606,458051060.3778535,810148668.0213071,15087640972.98162,0.0306748466257668,0.9693251533742332,0,0,0,Đạt,2026-06-14
2026,10,2,10,1,173,12,10,2,175,15087640972.98162,1080890718.3484073,781460274.9547077,299430443.3936995,15387071416.37532,0.0578034682080924,0.9421965317919077,0,0,0,Đạt,2026-06-14
2027,11,2,10,1,175,14,2,12,187,15387071416.37532,1071271198.189075,140226236.62331402,931044961.565761,16318116377.94108,0.0114285714285714,0.9885714285714284,0,0,0,Đạt,2026-06-14
2028,12,2,10,1,187,11,18,-7,180,16318116377.94108,1074065425.5160332,1264879942.7101233,-190814517.19409013,16127301860.74699,0.0962566844919786,0.9037433155080214,0,0,0,Đạt,2026-06-14
2029,1,2,10,2,91,12,2,10,101,3403901381.906465,495807355.3102039,77685954.73750122,418121400.5727027,3822022782.479168,0.0219780219780219,0.978021978021978,0,0,0,Đạt,2026-06-14
2030,2,2,10,2,101,6,3,3,104,3822022782.479168,189977284.94151875,117460539.06230406,72516745.87921469,3894539528.358383,0.0297029702970297,0.9702970297029704,9,4,0,Cần kiểm tra,2026-06-14
2031,3,2,10,2,104,9,6,3,107,3894539528.358383,396791446.5331258,268808189.20834905,127983257.32477675,4022522785.68316,0.0576923076923076,0.9423076923076924,0,0,0,Đạt,2026-06-14
2032,4,2,10,2,107,2,8,-6,101,4022522785.68316,81961308.29817018,335782845.84132934,-253821537.5431592,3768701248.140001,0.0747663551401869,0.9252336448598132,9,0,1,Cần kiểm tra,2026-06-14
2033,5,2,10,2,101,9,2,7,108,3768701248.140001,350847758.4581723,60035471.5778392,290812286.8803331,4059513535.020334,0.0198019801980198,0.9801980198019802,0,0,0,Đạt,2026-06-14
2034,6,2,10,2,108,11,3,8,116,4059513535.020334,474481633.2428948,97760010.18077454,376721623.0621202,4436235158.082454,0.0277777777777777,0.9722222222222222,0,0,0,Đạt,2026-06-14
2035,7,2,10,2,116,13,6,7,123,4436235158.082454,454602991.4750183,233739481.77494773,220863509.7000706,4657098667.782524,0.0517241379310344,0.9482758620689656,0,0,0,Đạt,2026-06-14
2036,8,2,10,2,123,7,5,2,125,4657098667.782524,257809443.66886824,158255618.95880085,99553824.7100674,4756652492.492592,0.040650406504065,0.959349593495935,0,0,0,Đạt,2026-06-14
2037,9,2,10,2,125,9,5,4,129,4756652492.492592,392943550.6539717,154810560.47677392,238132990.1771978,4994785482.669789,0.04,0.96,0,0,0,Đạt,2026-06-14
2038,10,2,10,2,129,10,6,4,133,4994785482.669789,430294752.35862863,202225641.5712576,228069110.78737104,5222854593.45716,0.0465116279069767,0.9534883720930232,0,0,0,Đạt,2026-06-14
2039,11,2,10,2,133,9,6,3,136,5222854593.45716,315235968.76477045,214010111.6255532,101225857.13921726,5324080450.596377,0.0451127819548872,0.9548872180451128,0,0,0,Đạt,2026-06-14
2040,12,2,10,2,136,4,9,-5,131,5324080450.596377,141629780.8472725,296223570.9809528,-154593790.1336803,5169486660.462697,0.0661764705882353,0.9338235294117648,0,0,0,Đạt,2026-06-14
2041,1,2,10,3,106,15,2,13,119,7482065314.20242,1044297313.4008744,141903545.63179547,902393767.7690789,8384459081.971498,0.0188679245283018,0.981132075471698,0,0,0,Đạt,2026-06-14
2042,2,2,10,3,119,9,9,0,119,8384459081.971498,608895236.5100569,694428181.338691,-85532944.82863414,8298926137.142864,0.0756302521008403,0.9243697478991596,7,0,0,Cần kiểm tra,2026-06-14
2043,3,2,10,3,119,13,4,9,128,8298926137.142864,743004504.3407779,302435200.042332,440569304.2984459,8739495441.44131,0.0336134453781512,0.9663865546218487,0,0,0,Đạt,2026-06-14
2044,4,2,10,3,128,16,4,12,140,8739495441.44131,1035124863.1832216,252772523.36291727,782352339.8203044,9521847781.261616,0.03125,0.96875,0,0,0,Đạt,2026-06-14
2045,5,2,10,3,140,20,1,19,159,9521847781.261616,1399629262.4082394,83344738.35105643,1316284524.057183,10838132305.318798,0.0071428571428571,0.9928571428571428,0,0,0,Đạt,2026-06-14
2046,6,2,10,3,159,13,10,3,162,10838132305.318798,1022289309.0900608,658736975.5501522,363552333.5399085,11201684638.858707,0.0628930817610062,0.9371069182389936,0,0,0,Đạt,2026-06-14
2047,7,2,10,3,162,14,7,7,169,11201684638.858707,880492441.8055822,450825543.4773104,429666898.3282718,11631351537.18698,0.0432098765432098,0.9567901234567902,0,0,0,Đạt,2026-06-14
2048,8,2,10,3,169,17,4,13,182,11631351537.18698,1378666302.8743076,261645556.51345152,1117020746.360856,12748372283.547836,0.0236686390532544,0.9763313609467456,0,0,0,Đạt,2026-06-14
2049,9,2,10,3,182,14,13,1,183,12748372283.547836,860268668.8407311,924656938.546554,-64388269.705822825,12683984013.842014,0.0714285714285714,0.9285714285714286,0,0,0,Đạt,2026-06-14
2050,10,2,10,3,183,13,9,4,187,12683984013.842014,1085556189.0644984,588009137.9392321,497547051.1252663,13181531064.96728,0.0491803278688524,0.9508196721311476,0,0,0,Đạt,2026-06-14
2051,11,2,10,3,187,11,1,10,197,13181531064.96728,888703047.1712308,57944551.22838628,830758495.9428445,14012289560.910126,0.0053475935828877,0.9946524064171124,0,0,0,Đạt,2026-06-14
2052,12,2,10,3,197,22,8,14,211,14012289560.910126,1392916902.6226327,536226222.2608804,856690680.3617524,14868980241.271875,0.0406091370558375,0.9593908629441624,0,0,0,Đạt,2026-06-14
2053,1,2,10,4,107,6,3,3,110,9432656714.18463,472935992.9495637,301360858.5957122,171575134.3538515,9604231848.53848,0.02803738317757,0.97196261682243,0,0,0,Đạt,2026-06-14
2054,2,2,10,4,110,10,8,2,112,9604231848.53848,958458323.5070192,609489848.1534197,348968475.3535994,9953200323.89208,0.0727272727272727,0.9272727272727272,0,0,0,Đạt,2026-06-14
2055,3,2,10,4,112,6,2,4,116,9953200323.89208,484465958.4346383,148051769.99891096,336414188.43572736,10289614512.327808,0.0178571428571428,0.9821428571428572,6,5,0,Cần kiểm tra,2026-06-14
2056,4,2,10,4,116,5,2,3,119,10289614512.327808,442070100.3953537,205720598.87589028,236349501.51946345,10525964013.847273,0.0172413793103448,0.9827586206896552,0,0,0,Đạt,2026-06-14
2057,5,2,10,4,119,3,8,-5,114,10525964013.847273,301317669.4012172,727471354.6216547,-426153685.2204376,10099810328.626831,0.0672268907563025,0.9327731092436976,0,0,0,Đạt,2026-06-14
2058,6,2,10,4,114,8,8,0,114,10099810328.626831,726731079.4946245,844453338.3632442,-117722258.86861968,9982088069.758211,0.0701754385964912,0.9298245614035088,0,0,0,Đạt,2026-06-14
2059,7,2,10,4,114,11,5,6,120,9982088069.758211,815838621.9257653,463190942.7636612,352647679.1621041,10334735748.920317,0.043859649122807,0.956140350877193,0,0,0,Đạt,2026-06-14
2060,8,2,10,4,120,8,3,5,125,10334735748.920317,667640062.0809094,225595204.80795196,442044857.27295744,10776780606.193274,0.025,0.975,0,0,0,Đạt,2026-06-14
2061,9,2,10,4,125,8,12,-4,121,10776780606.193274,838166412.1771038,1227476965.4680843,-389310553.2909806,10387470052.902292,0.096,0.904,0,0,0,Đạt,2026-06-14
2062,10,2,10,4,121,1,11,-10,111,10387470052.902292,80462773.02428544,993001299.5495136,-912538526.525228,9474931526.377064,0.0909090909090909,0.9090909090909092,0,0,0,Đạt,2026-06-14
2063,11,2,10,4,111,8,2,6,117,9474931526.377064,600497382.9989816,188594061.6799823,411903321.3189993,9886834847.696064,0.018018018018018,0.981981981981982,0,0,0,Đạt,2026-06-14
2064,12,2,10,4,117,13,10,3,120,9886834847.696064,1157214306.9806309,891238521.1540068,265975785.82662404,10152810633.522688,0.0854700854700854,0.9145299145299144,0,0,0,Đạt,2026-06-14
2065,1,2,10,5,120,3,10,-7,113,3801439150.060977,104524604.18143144,376155221.5614563,-271630617.3800249,3529808532.680952,0.0833333333333333,0.9166666666666666,0,0,0,Đạt,2026-06-14
2066,2,2,10,5,113,3,6,-3,110,3529808532.680952,96655509.23729303,198597543.4866112,-101942034.24931814,3427866498.431634,0.0530973451327433,0.9469026548672568,0,0,0,Đạt,2026-06-14
2067,3,2,10,5,110,5,7,-2,108,3427866498.431634,189076402.8384153,228648797.11328503,-39572394.27486971,3388294104.156764,0.0636363636363636,0.9363636363636364,10,0,3,Cần kiểm tra,2026-06-14
2068,4,2,10,5,108,7,5,2,110,3388294104.156764,193224984.0190403,139877521.96734297,53347462.051697314,3441641566.2084613,0.0462962962962962,0.9537037037037036,0,0,0,Đạt,2026-06-14
2069,5,2,10,5,110,14,4,10,120,3441641566.2084613,467463519.0801947,109757394.07078816,357706125.00940657,3799347691.217868,0.0363636363636363,0.9636363636363636,0,0,0,Đạt,2026-06-14
2070,6,2,10,5,120,1,6,-5,115,3799347691.217868,27384446.2723524,216547812.92906007,-189163366.65670767,3610184324.56116,0.05,0.95,0,0,0,Đạt,2026-06-14
2071,7,2,10,5,115,12,1,11,126,3610184324.56116,355773011.9448984,29729511.860828407,326043500.08407,3936227824.6452303,0.008695652173913,0.991304347826087,0,0,0,Đạt,2026-06-14
2072,8,2,10,5,126,15,7,8,134,3936227824.6452303,462539913.85231394,235202188.89121684,227337724.9610971,4163565549.606328,0.0555555555555555,0.9444444444444444,0,0,0,Đạt,2026-06-14
2073,9,2,10,5,134,14,11,3,137,4163565549.606328,489633692.9579098,309826521.76114,179807171.19676983,4343372720.803098,0.0820895522388059,0.917910447761194,0,0,0,Đạt,2026-06-14
2074,10,2,10,5,137,7,5,2,139,4343372720.803098,193109016.2549064,131603306.83118124,61505709.42372519,4404878430.226823,0.0364963503649635,0.9635036496350364,0,0,0,Đạt,2026-06-14
2075,11,2,10,5,139,20,3,17,156,4404878430.226823,563394939.9910786,88085178.4869865,475309761.5040921,4880188191.730915,0.0215827338129496,0.9784172661870504,0,0,0,Đạt,2026-06-14
2076,12,2,10,5,156,2,3,-1,155,4880188191.730915,51479993.53168292,93800759.35081482,-42320765.8191319,4837867425.911783,0.0192307692307692,0.9807692307692308,0,0,0,Đạt,2026-06-14
2077,1,2,10,6,145,13,9,4,149,13981054906.467588,1351853058.4711213,1010070587.683124,341782470.78799725,14322837377.255585,0.0620689655172413,0.9379310344827586,0,0,0,Đạt,2026-06-14
2078,2,2,10,6,149,8,7,1,150,14322837377.255585,851395847.7884316,640976685.9017274,210419161.8867042,14533256539.142288,0.046979865771812,0.953020134228188,0,0,0,Đạt,2026-06-14
2079,3,2,10,6,150,12,14,-2,148,14533256539.142288,984346742.256498,1334999761.948954,-350653019.69245625,14182603519.449833,0.0933333333333333,0.9066666666666666,0,0,0,Đạt,2026-06-14
2080,4,2,10,6,148,12,9,3,151,14182603519.449833,1046090887.7217453,733828924.3435459,312261963.3781992,14494865482.828032,0.0608108108108108,0.9391891891891893,0,0,0,Đạt,2026-06-14
2081,5,2,10,6,151,1,5,-4,147,14494865482.828032,103255696.29990086,433649225.4110807,-330393529.1111798,14164471953.716852,0.0331125827814569,0.9668874172185432,0,0,0,Đạt,2026-06-14
2082,6,2,10,6,147,9,5,4,151,14164471953.716852,812890666.0347214,556201557.3803471,256689108.65437424,14421161062.371227,0.0340136054421768,0.9659863945578232,0,0,0,Đạt,2026-06-14
2083,7,2,10,6,151,9,12,-3,148,14421161062.371227,712515670.2795724,1023185452.25414,-310669781.9745678,14110491280.39666,0.0794701986754966,0.9205298013245032,0,0,0,Đạt,2026-06-14
2084,8,2,10,6,148,17,6,11,159,14110491280.39666,1599246954.5689175,645427811.4436826,953819143.125235,15064310423.521894,0.0405405405405405,0.9594594594594594,0,0,0,Đạt,2026-06-14
2085,9,2,10,6,159,22,1,21,180,15064310423.521894,2344793580.147338,101849721.95240922,2242943858.1949286,17307254281.716824,0.0062893081761006,0.9937106918238994,0,0,0,Đạt,2026-06-14
2086,10,2,10,6,180,5,4,1,181,17307254281.716824,440950207.36947066,461651667.9915926,-20701460.62212193,17286552821.0947,0.0222222222222222,0.9777777777777776,0,0,0,Đạt,2026-06-14
2087,11,2,10,6,181,26,3,23,204,17286552821.0947,2529854203.0943227,308775118.74816173,2221079084.346161,19507631905.44086,0.0165745856353591,0.9834254143646408,0,0,0,Đạt,2026-06-14
2088,12,2,10,6,204,7,10,-3,201,19507631905.44086,579651445.4915425,982276808.7210792,-402625363.2295369,19105006542.211323,0.0490196078431372,0.9509803921568628,0,0,0,Đạt,2026-06-14
2089,1,2,10,7,112,11,8,3,115,10676668105.037613,969993560.6486578,743903925.731022,226089634.9176358,10902757739.955246,0.0714285714285714,0.9285714285714286,0,0,0,Đạt,2026-06-14
2090,2,2,10,7,115,15,1,14,129,10902757739.955246,1292952709.3978076,85849690.30891824,1207103019.0888894,12109860759.044136,0.008695652173913,0.991304347826087,0,0,0,Đạt,2026-06-14
2091,3,2,10,7,129,17,5,12,141,12109860759.044136,1875464885.272719,384375399.9263343,1491089485.3463843,13600950244.39052,0.0387596899224806,0.9612403100775194,0,0,0,Đạt,2026-06-14
2092,4,2,10,7,141,5,12,-7,134,13600950244.39052,441259873.1458855,1107369646.9398434,-666109773.793958,12934840470.59656,0.0851063829787234,0.9148936170212766,0,0,0,Đạt,2026-06-14
2093,5,2,10,7,134,14,8,6,140,12934840470.59656,1560482183.738073,731656062.2269361,828826121.5111372,13763666592.107698,0.0597014925373134,0.9402985074626866,0,0,0,Đạt,2026-06-14
2094,6,2,10,7,140,8,2,6,146,13763666592.107698,659624964.5545871,220250737.80567312,439374226.748914,14203040818.856611,0.0142857142857142,0.9857142857142858,0,0,0,Đạt,2026-06-14
2095,7,2,10,7,146,12,10,2,148,14203040818.856611,1151383599.8699255,867812514.6559025,283571085.214023,14486611904.070637,0.0684931506849315,0.9315068493150684,0,0,0,Đạt,2026-06-14
2096,8,2,10,7,148,8,6,2,150,14486611904.070637,763744021.9236782,470157895.26932025,293586126.6543579,14780198030.724997,0.0405405405405405,0.9594594594594594,0,0,0,Đạt,2026-06-14
2097,9,2,10,7,150,9,12,-3,147,14780198030.724997,810096551.4658433,1063604878.0959812,-253508326.6301378,14526689704.094856,0.08,0.92,0,0,0,Đạt,2026-06-14
2098,10,2,10,7,147,16,13,3,150,14526689704.094856,1408797442.0499146,1332326050.4684098,76471391.58150482,14603161095.67636,0.0884353741496598,0.91156462585034,0,0,0,Đạt,2026-06-14
2099,11,2,10,7,150,8,12,-4,146,14603161095.67636,830863585.3407112,943938566.3724384,-113074981.0317272,14490086114.644634,0.08,0.92,0,0,0,Đạt,2026-06-14
2100,12,2,10,7,146,9,4,5,151,14490086114.644634,908376336.6977588,388928941.0358812,519447395.66187775,15009533510.306513,0.0273972602739726,0.9726027397260274,0,0,0,Đạt,2026-06-14
2101,1,2,11,1,7840,799,496,303,8143,5349531092.158797,465444212.2242673,279309311.23857373,186134900.9856936,5535665993.144491,0.0632653061224489,0.936734693877551,0,0,0,Đạt,2026-06-14
2102,2,2,11,1,8143,276,549,-273,7870,5535665993.144491,167419486.6341275,318863349.8727151,-151443863.23858762,5384222129.905904,0.0674198698268451,0.9325801301731548,0,0,0,Đạt,2026-06-14
2103,3,2,11,1,7870,597,317,280,8150,5384222129.905904,447824893.763827,258560719.44355863,189264174.3202684,5573486304.226172,0.040279542566709,0.9597204574332908,0,0,0,Đạt,2026-06-14
2104,4,2,11,1,8150,1194,678,516,8666,5573486304.226172,844811385.7021742,452089785.9742859,392721599.7278883,5966207903.954061,0.0831901840490797,0.9168098159509204,0,0,0,Đạt,2026-06-14
2105,5,2,11,1,8666,356,865,-509,8157,5966207903.954061,284280202.81190586,504113864.2563172,-219833661.4444113,5746374242.509649,0.0998153704131087,0.9001846295868913,0,0,0,Đạt,2026-06-14
2106,6,2,11,1,8157,360,200,160,8317,5746374242.509649,277653069.3012394,119106748.79882637,158546320.502413,5904920563.012062,0.024518818192963,0.9754811818070368,0,0,0,Đạt,2026-06-14
2107,7,2,11,1,8317,510,557,-47,8270,5904920563.012062,376351120.8389692,417294800.396138,-40943679.55716878,5863976883.454893,0.0669712636768065,0.9330287363231936,0,0,0,Đạt,2026-06-14
2108,8,2,11,1,8270,867,197,670,8940,5863976883.454893,508618269.854666,128193495.15991056,380424774.6947554,6244401658.149649,0.0238210399032648,0.9761789600967352,0,0,0,Đạt,2026-06-14
2109,9,2,11,1,8940,773,564,209,9149,6244401658.149649,488816150.9625366,317527734.6911757,171288416.27136087,6415690074.421009,0.0630872483221476,0.9369127516778524,0,0,0,Đạt,2026-06-14
2110,10,2,11,1,9149,128,857,-729,8420,6415690074.421009,91267584.2068298,595822285.1670499,-504554700.9602201,5911135373.460789,0.0936714395015848,0.9063285604984151,0,0,0,Đạt,2026-06-14
2111,11,2,11,1,8420,914,725,189,8609,5911135373.460789,553604391.325779,587299083.5086497,-33694692.182870746,5877440681.277918,0.086104513064133,0.913895486935867,0,0,0,Đạt,2026-06-14
2112,12,2,11,1,8609,451,98,353,8962,5877440681.277918,322586775.93339694,72921427.63579045,249665348.29760647,6127106029.575524,0.0113834359391334,0.9886165640608664,0,0,0,Đạt,2026-06-14
2113,1,2,11,2,6032,640,405,235,6267,24609389521.75027,2680583103.7043853,1932583230.6838028,747999873.0205824,25357389394.77085,0.0671419098143236,0.9328580901856764,0,0,0,Đạt,2026-06-14
2114,2,2,11,2,6267,755,290,465,6732,25357389394.77085,2474593327.1538687,1252782286.697667,1221811040.4562018,26579200435.22706,0.0462741343545556,0.9537258656454444,0,0,0,Đạt,2026-06-14
2115,3,2,11,2,6732,437,250,187,6919,26579200435.22706,2118770236.955072,975238824.9153984,1143531412.0396738,27722731847.26673,0.0371360665478312,0.9628639334521688,0,0,0,Đạt,2026-06-14
2116,4,2,11,2,6919,881,557,324,7243,27722731847.26673,3473387275.8629827,2444603363.986741,1028783911.8762416,28751515759.14297,0.080502962855904,0.919497037144096,0,0,0,Đạt,2026-06-14
2117,5,2,11,2,7243,462,430,32,7275,28751515759.14297,1859208411.43022,1739215165.2107704,119993246.21944952,28871509005.362423,0.0593676653320447,0.9406323346679552,0,0,0,Đạt,2026-06-14
2118,6,2,11,2,7275,433,189,244,7519,28871509005.362423,1767386339.863933,645330808.4499226,1122055531.4140103,29993564536.776432,0.0259793814432989,0.9740206185567012,7,0,2,Cần kiểm tra,2026-06-14
2119,7,2,11,2,7519,805,535,270,7789,29993564536.776432,3374396352.99382,2546871613.725708,827524739.2681117,30821089276.044544,0.0711530788668706,0.9288469211331294,0,0,0,Đạt,2026-06-14
2120,8,2,11,2,7789,876,369,507,8296,30821089276.044544,3834755161.198172,1645186265.7032385,2189568895.494933,33010658171.53948,0.0473745025035306,0.9526254974964694,0,0,0,Đạt,2026-06-14
2121,9,2,11,2,8296,189,461,-272,8024,33010658171.53948,713258588.8179884,1925169274.342136,-1211910685.5241473,31798747486.01533,0.0555689488910318,0.9444310511089682,0,0,0,Đạt,2026-06-14
2122,10,2,11,2,8024,1060,795,265,8289,31798747486.01533,3807641442.146928,3533658446.782306,273982995.3646212,32072730481.37995,0.0990777666999003,0.9009222333000996,0,0,0,Đạt,2026-06-14
2123,11,2,11,2,8289,900,363,537,8826,32072730481.37995,3182877422.3974047,1750850168.5905144,1432027253.8068902,33504757735.18684,0.0437929786463988,0.9562070213536012,0,0,0,Đạt,2026-06-14
2124,12,2,11,2,8826,1192,640,552,9378,33504757735.18684,4169416795.233342,2854966518.155884,1314450277.0774589,34819208012.2643,0.0725130296850215,0.9274869703149784,8,7,0,Cần kiểm tra,2026-06-14
2125,1,2,11,3,7159,585,488,97,7256,31416874260.678726,2863786416.616582,2531051846.5252604,332734570.09132147,31749608830.770046,0.0681659449643805,0.9318340550356194,0,0,0,Đạt,2026-06-14
2126,2,2,11,3,7256,627,361,266,7522,31749608830.770046,2723951275.7075357,1642261076.6750553,1081690199.03248,32831299029.802525,0.0497519294377067,0.9502480705622932,0,0,0,Đạt,2026-06-14
2127,3,2,11,3,7522,627,334,293,7815,32831299029.802525,2442757842.4956183,1563072239.9329505,879685602.5626678,33710984632.365192,0.0444030842860941,0.955596915713906,9,0,0,Cần kiểm tra,2026-06-14
2128,4,2,11,3,7815,493,163,330,8145,33710984632.365192,2019432976.5347328,756032918.5695672,1263400057.9651656,34974384690.33036,0.0208573256557901,0.97914267434421,0,0,0,Đạt,2026-06-14
2129,5,2,11,3,8145,1219,474,745,8890,34974384690.33036,6164634243.018318,2357924283.689282,3806709959.329036,38781094649.65939,0.058195211786372,0.941804788213628,0,0,0,Đạt,2026-06-14
2130,6,2,11,3,8890,1160,487,673,9563,38781094649.65939,5845030121.374269,2487112281.0790777,3357917840.295191,42139012489.95458,0.0547806524184476,0.9452193475815523,0,0,0,Đạt,2026-06-14
2131,7,2,11,3,9563,567,261,306,9869,42139012489.95458,2465539948.887476,927440071.167588,1538099877.7198875,43677112367.67447,0.0272926905782704,0.9727073094217296,0,0,0,Đạt,2026-06-14
2132,8,2,11,3,9869,128,359,-231,9638,43677112367.67447,623922587.5938842,1795085712.0540707,-1171163124.4601865,42505949243.21428,0.0363765325767554,0.9636234674232445,0,0,0,Đạt,2026-06-14
2133,9,2,11,3,9638,800,701,99,9737,42505949243.21428,2852905477.4821258,2829123483.76091,23781993.721215725,42529731236.93549,0.0727329321435982,0.9272670678564018,0,0,0,Đạt,2026-06-14
2134,10,2,11,3,9737,1329,933,396,10133,42529731236.93549,5580697880.41784,3704921960.816866,1875775919.600974,44405507156.53647,0.0958200677826846,0.9041799322173154,0,0,0,Đạt,2026-06-14
2135,11,2,11,3,10133,949,577,372,10505,44405507156.53647,4784426716.615549,2542611615.9047456,2241815100.7108035,46647322257.24727,0.0569426625875851,0.9430573374124148,0,0,0,Đạt,2026-06-14
2136,12,2,11,3,10505,1233,1014,219,10724,46647322257.24727,5146576032.123311,4113861441.668259,1032714590.455052,47680036847.70232,0.096525464064731,0.9034745359352688,0,0,0,Đạt,2026-06-14
2137,1,2,11,4,4182,205,217,-12,4170,16175344172.7191,745435261.4611057,745585336.9419613,-150075.48085558414,16175194097.238243,0.0518890483022477,0.9481109516977524,0,0,0,Đạt,2026-06-14
2138,2,2,11,4,4170,255,411,-156,4014,16175194097.238243,1096985646.030954,1404525704.266132,-307540058.235178,15867654039.003069,0.0985611510791367,0.9014388489208632,0,0,0,Đạt,2026-06-14
2139,3,2,11,4,4014,259,182,77,4091,15867654039.003069,1028197095.2030368,819769624.6116247,208427470.5914122,16076081509.59448,0.0453413054309915,0.9546586945690084,0,0,0,Đạt,2026-06-14
2140,4,2,11,4,4091,229,398,-169,3922,16076081509.59448,843778064.407489,1647738123.473093,-803960059.0656041,15272121450.528875,0.097286726961623,0.9027132730383768,0,0,0,Đạt,2026-06-14
2141,5,2,11,4,3922,386,75,311,4233,15272121450.528875,1234865407.480947,340183593.80778456,894681813.6731625,16166803264.202038,0.019122896481387,0.9808771035186128,0,0,0,Đạt,2026-06-14
2142,6,2,11,4,4233,55,225,-170,4063,16166803264.202038,225006060.1044068,1004172252.339538,-779166192.2351311,15387637071.966908,0.0531537916371367,0.9468462083628632,0,0,0,Đạt,2026-06-14
2143,7,2,11,4,4063,454,196,258,4321,15387637071.966908,1655253513.7948987,802635491.0649338,852618022.729965,16240255094.696873,0.0482402165887275,0.9517597834112724,0,0,0,Đạt,2026-06-14
2144,8,2,11,4,4321,419,54,365,4686,16240255094.696873,1307208572.581766,201815011.50862905,1105393561.0731368,17345648655.770008,0.0124971071511224,0.9875028928488776,0,0,0,Đạt,2026-06-14
2145,9,2,11,4,4686,209,395,-186,4500,17345648655.770008,719791050.7508557,1620106861.2763236,-900315810.5254679,16445332845.24454,0.0842936406316688,0.9157063593683312,0,0,0,Đạt,2026-06-14
2146,10,2,11,4,4500,649,79,570,5070,16445332845.24454,2814764430.561308,316616557.70491743,2498147872.8563905,18943480718.100933,0.0175555555555555,0.9824444444444445,0,0,0,Đạt,2026-06-14
2147,11,2,11,4,5070,332,298,34,5104,18943480718.100933,1309096469.806272,1133444713.8064516,175651755.99982047,19119132474.100758,0.0587771203155818,0.9412228796844182,0,0,0,Đạt,2026-06-14
2148,12,2,11,4,5104,523,94,429,5533,19119132474.100758,2017780267.7789505,405248131.7940227,1612532135.9849277,20731664610.08568,0.0184169278996865,0.9815830721003136,7,1,0,Cần kiểm tra,2026-06-14
2149,1,2,11,5,4103,439,256,183,4286,2196206779.293871,249868511.03110772,159820365.31484503,90048145.71626273,2286254925.0101337,0.0623933707043626,0.9376066292956372,0,0,0,Đạt,2026-06-14
2150,2,2,11,5,4286,263,287,-24,4262,2286254925.0101337,132849640.4408576,139979706.94656235,-7130066.505704746,2279124858.504429,0.066962202519832,0.933037797480168,0,0,0,Đạt,2026-06-14
2151,3,2,11,5,4262,588,421,167,4429,2279124858.504429,324102601.5903912,185675403.7323167,138427197.85807446,2417552056.3625035,0.0987799155326138,0.9012200844673862,0,0,0,Đạt,2026-06-14
2152,4,2,11,5,4429,577,218,359,4788,2417552056.3625035,301243881.26465005,108988135.29689004,192255745.96776,2609807802.330264,0.0492210431248588,0.9507789568751412,0,0,0,Đạt,2026-06-14
2153,5,2,11,5,4788,399,198,201,4989,2609807802.330264,181325807.9188716,121080665.6116958,60245142.30717577,2670052944.6374397,0.0413533834586466,0.9586466165413534,0,0,0,Đạt,2026-06-14
2154,6,2,11,5,4989,501,210,291,5280,2670052944.6374397,295866085.9646992,109315129.06051096,186550956.90418825,2856603901.5416274,0.042092603728202,0.957907396271798,0,0,0,Đạt,2026-06-14
2155,7,2,11,5,5280,477,384,93,5373,2856603901.5416274,232175557.39494395,209176385.1945964,22999172.200347573,2879603073.741975,0.0727272727272727,0.9272727272727272,0,0,0,Đạt,2026-06-14
2156,8,2,11,5,5373,203,353,-150,5223,2879603073.741975,115481302.33352932,158983111.06548652,-43501808.73195721,2836101265.0100174,0.0656988646938395,0.9343011353061604,0,0,0,Đạt,2026-06-14
2157,9,2,11,5,5223,301,351,-50,5173,2836101265.0100174,179317531.29806688,180750914.8307069,-1433383.53264001,2834667881.4773774,0.0672027570361861,0.932797242963814,0,0,0,Đạt,2026-06-14
2158,10,2,11,5,5173,330,223,107,5280,2834667881.4773774,186538849.39779365,111105020.65898012,75433828.73881352,2910101710.216191,0.0431084477092596,0.9568915522907404,0,0,0,Đạt,2026-06-14
2159,11,2,11,5,5280,676,492,184,5464,2910101710.216191,325714802.8825243,277921908.79953873,47792894.08298558,2957894604.299176,0.0931818181818181,0.906818181818182,0,0,0,Đạt,2026-06-14
2160,12,2,11,5,5464,627,484,143,5607,2957894604.299176,386962074.1517004,230713230.42085204,156248843.73084834,3114143448.0300245,0.0885797950219619,0.911420204978038,0,0,0,Đạt,2026-06-14
2161,1,2,11,6,6064,309,503,-194,5870,4473722132.754626,228742184.79759416,441663228.49179465,-212921043.6942005,4260801089.0604258,0.0829485488126649,0.9170514511873352,0,0,0,Đạt,2026-06-14
2162,2,2,11,6,5870,355,269,86,5956,4260801089.0604258,282310620.7101866,206219541.92413333,76091078.78605327,4336892167.846479,0.0458262350936967,0.9541737649063032,0,0,0,Đạt,2026-06-14
2163,3,2,11,6,5956,338,386,-48,5908,4336892167.846479,252622352.9089712,302256909.3437367,-49634556.43476549,4287257611.411714,0.0648085963734049,0.935191403626595,0,0,0,Đạt,2026-06-14
2164,4,2,11,6,5908,554,428,126,6034,4287257611.411714,455812107.5202867,261033421.0732461,194778686.44704065,4482036297.858755,0.0724441435341909,0.9275558564658092,0,0,0,Đạt,2026-06-14
2165,5,2,11,6,6034,322,79,243,6277,4482036297.858755,257103866.90613133,54236118.49804975,202867748.4080816,4684904046.266837,0.0130924759695061,0.986907524030494,0,0,0,Đạt,2026-06-14
2166,6,2,11,6,6277,884,167,717,6994,4684904046.266837,705385543.386604,135009313.4119838,570376229.9746201,5255280276.241457,0.0266050661143858,0.9733949338856142,0,0,0,Đạt,2026-06-14
2167,7,2,11,6,6994,753,538,215,7209,5255280276.241457,647136012.1916472,441808026.0520161,205327986.1396311,5460608262.381088,0.0769230769230769,0.9230769230769232,0,0,0,Đạt,2026-06-14
2168,8,2,11,6,7209,284,483,-199,7010,5460608262.381088,241154843.49623743,348515250.04764545,-107360406.551408,5353247855.82968,0.0669995838535164,0.9330004161464835,0,0,0,Đạt,2026-06-14
2169,9,2,11,6,7010,979,182,797,7807,5353247855.82968,822807315.1881818,143282690.75037718,679524624.4378046,6032772480.267485,0.025962910128388,0.974037089871612,5,0,0,Cần kiểm tra,2026-06-14
2170,10,2,11,6,7807,674,637,37,7844,6032772480.267485,575588246.992782,470336955.311765,105251291.68101698,6138023771.948502,0.0815934417830152,0.9184065582169848,0,0,0,Đạt,2026-06-14
2171,11,2,11,6,7844,297,709,-412,7432,6138023771.948502,242768793.22767296,493871099.2983493,-251102306.0706764,5886921465.877825,0.0903875573686894,0.9096124426313106,0,0,0,Đạt,2026-06-14
2172,12,2,11,6,7432,783,180,603,8035,5886921465.877825,534584685.3878813,133593038.98729648,400991646.4005848,6287913112.27841,0.0242195909580193,0.9757804090419806,0,0,0,Đạt,2026-06-14
2173,1,2,11,7,7263,342,539,-197,7066,3652632487.107263,157159014.72829676,246990153.648296,-89831138.91999924,3562801348.187264,0.0742117582266281,0.9257882417733718,0,0,0,Đạt,2026-06-14
2174,2,2,11,7,7066,745,147,598,7664,3562801348.187264,393798771.4244864,62480942.09583119,331317829.32865524,3894119177.515919,0.0208038494197565,0.9791961505802436,0,0,0,Đạt,2026-06-14
2175,3,2,11,7,7664,200,752,-552,7112,3894119177.515919,97702676.12086436,402616346.1174112,-304913669.99654675,3589205507.5193725,0.0981210855949895,0.9018789144050104,0,0,0,Đạt,2026-06-14
2176,4,2,11,7,7112,863,276,587,7699,3589205507.5193725,456375471.3430379,165037985.13605037,291337486.2069875,3880542993.72636,0.0388076490438695,0.9611923509561304,0,0,0,Đạt,2026-06-14
2177,5,2,11,7,7699,832,620,212,7911,3880542993.72636,450878466.0519319,335972136.3080965,114906329.7438354,3995449323.4701953,0.0805299389531108,0.9194700610468892,0,0,0,Đạt,2026-06-14
2178,6,2,11,7,7911,207,607,-400,7511,3995449323.4701953,124629351.36253102,273416274.42491895,-148786923.06238794,3846662400.407808,0.0767286057388446,0.9232713942611552,0,0,0,Đạt,2026-06-14
2179,7,2,11,7,7511,701,573,128,7639,3846662400.407808,283366363.2857635,246501931.916418,36864431.369345546,3883526831.777153,0.0762881107708693,0.9237118892291306,0,0,0,Đạt,2026-06-14
2180,8,2,11,7,7639,594,638,-44,7595,3883526831.777153,271609849.609112,364187596.20479786,-92577746.5956859,3790949085.181467,0.0835187851813064,0.9164812148186936,0,0,0,Đạt,2026-06-14
2181,9,2,11,7,7595,510,716,-206,7389,3790949085.181467,236790901.8423409,320683091.33985335,-83892189.49751243,3707056895.6839542,0.0942725477287689,0.9057274522712312,0,0,0,Đạt,2026-06-14
2182,10,2,11,7,7389,380,276,104,7493,3707056895.6839542,206763379.8569637,160084221.2688596,46679158.58810407,3753736054.272059,0.0373528217620787,0.9626471782379212,0,0,0,Đạt,2026-06-14
2183,11,2,11,7,7493,237,613,-376,7117,3753736054.272059,141204647.76794624,337348977.8638173,-196144330.09587103,3557591724.176188,0.0818096890431069,0.9181903109568932,0,0,0,Đạt,2026-06-14
2184,12,2,11,7,7117,737,580,157,7274,3557591724.176188,404992261.0709606,267319841.90878987,137672419.1621707,3695264143.338359,0.0814950119432345,0.9185049880567656,0,0,0,Đạt,2026-06-14
2185,1,2,12,1,5414,490,330,160,5574,26201677115.033203,2159398238.793711,1822217335.776367,337180903.01734424,26538858018.05055,0.0609530845954931,0.9390469154045068,0,0,0,Đạt,2026-06-14
2186,2,2,12,1,5574,525,290,235,5809,26538858018.05055,3008776190.0373588,1133025827.987522,1875750362.0498369,28414608380.100384,0.0520272694653749,0.947972730534625,0,0,0,Đạt,2026-06-14
2187,3,2,12,1,5809,156,451,-295,5514,28414608380.100384,618162840.7574602,2493752349.8406124,-1875589509.0831523,26539018871.01723,0.0776381477018419,0.922361852298158,0,0,0,Đạt,2026-06-14
2188,4,2,12,1,5514,228,78,150,5664,26539018871.01723,1283177858.7608402,329694382.4295797,953483476.3312604,27492502347.34849,0.0141458106637649,0.985854189336235,0,0,0,Đạt,2026-06-14
2189,5,2,12,1,5664,63,354,-291,5373,27492502347.34849,254750541.0517468,1615739060.3209286,-1360988519.2691815,26131513828.07931,0.0625,0.9375,0,0,0,Đạt,2026-06-14
2190,6,2,12,1,5373,400,515,-115,5258,26131513828.07931,1693757792.353861,2062944564.330896,-369186771.97703457,25762327056.10228,0.0958496184626837,0.9041503815373162,0,0,0,Đạt,2026-06-14
2191,7,2,12,1,5258,697,147,550,5808,25762327056.10228,3581673187.423272,836001658.7853037,2745671528.6379685,28507998584.74025,0.0279573982502852,0.9720426017497148,0,0,0,Đạt,2026-06-14
2192,8,2,12,1,5808,346,78,268,6076,28507998584.74025,1361376468.374719,445125228.7312452,916251239.6434736,29424249824.38372,0.0134297520661157,0.9865702479338844,0,0,0,Đạt,2026-06-14
2193,9,2,12,1,6076,213,606,-393,5683,29424249824.38372,1024051104.217298,3022305006.0905776,-1998253901.87328,27425995922.51044,0.0997366688610928,0.9002633311389072,0,0,0,Đạt,2026-06-14
2194,10,2,12,1,5683,662,201,461,6144,27425995922.51044,3400343670.484909,894790544.2021384,2505553126.282771,29931549048.793213,0.0353686433221889,0.964631356677811,0,0,0,Đạt,2026-06-14
2195,11,2,12,1,6144,749,425,324,6468,29931549048.793213,2977458232.75936,1960083334.4036512,1017374898.3557086,30948923947.14892,0.0691731770833333,0.9308268229166666,0,0,0,Đạt,2026-06-14
2196,12,2,12,1,6468,286,453,-167,6301,30948923947.14892,1574758270.80451,2464752942.321547,-889994671.5170372,30058929275.63189,0.0700371057513914,0.9299628942486086,0,0,0,Đạt,2026-06-14
2197,1,2,12,2,5035,504,325,179,5214,12999485178.929386,1348530087.911564,942622524.3844883,405907563.5270755,13405392742.45646,0.0645481628599801,0.93545183714002,0,0,0,Đạt,2026-06-14
2198,2,2,12,2,5214,390,482,-92,5122,13405392742.45646,884535611.4212745,1458159585.6914408,-573623974.2701663,12831768768.186296,0.0924434215573456,0.9075565784426544,0,0,0,Đạt,2026-06-14
2199,3,2,12,2,5122,196,288,-92,5030,12831768768.186296,510810472.3669568,631838990.4279885,-121028518.0610317,12710740250.125263,0.0562280359234673,0.9437719640765326,0,0,0,Đạt,2026-06-14
2200,4,2,12,2,5030,71,285,-214,4816,12710740250.125263,186313593.1322986,829149672.7985389,-642836079.6662403,12067904170.459024,0.0566600397614314,0.9433399602385686,0,0,0,Đạt,2026-06-14
2201,5,2,12,2,4816,140,310,-170,4646,12067904170.459024,421056032.2058745,855494325.0608532,-434438292.85497874,11633465877.604044,0.0643687707641196,0.9356312292358804,7,0,0,Cần kiểm tra,2026-06-14
2202,6,2,12,2,4646,150,168,-18,4628,11633465877.604044,409582294.0387415,397959670.35346806,11622623.685273409,11645088501.289318,0.0361601377529057,0.9638398622470944,0,0,0,Đạt,2026-06-14
2203,7,2,12,2,4628,307,246,61,4689,11645088501.289318,921928482.747952,545912905.3315884,376015577.4163635,12021104078.70568,0.0531547104580812,0.9468452895419188,0,0,0,Đạt,2026-06-14
2204,8,2,12,2,4689,337,104,233,4922,12021104078.70568,760250789.5484647,317483394.00698584,442767395.5414788,12463871474.24716,0.0221795692045212,0.9778204307954788,0,0,0,Đạt,2026-06-14
2205,9,2,12,2,4922,68,164,-96,4826,12463871474.24716,178387056.76702288,473943497.3851621,-295556440.61813927,12168315033.62902,0.0333197887037789,0.9666802112962212,0,0,0,Đạt,2026-06-14
2206,10,2,12,2,4826,703,74,629,5455,12168315033.62902,2049313775.6218896,173389815.6594526,1875923959.962437,14044238993.591455,0.0153336096145876,0.9846663903854124,0,0,0,Đạt,2026-06-14
2207,11,2,12,2,5455,749,331,418,5873,14044238993.591455,1789739661.4118342,776802571.7953658,1012937089.6164684,15057176083.207926,0.0606782768102658,0.9393217231897342,0,0,0,Đạt,2026-06-14
2208,12,2,12,2,5873,665,382,283,6156,15057176083.207926,2016006086.777878,804014077.4842058,1211992009.293672,16269168092.501598,0.0650434190362676,0.9349565809637324,0,0,0,Đạt,2026-06-14
2209,1,2,12,3,7437,170,454,-284,7153,4733318446.314249,103341217.09186985,295004794.6747175,-191663577.58284765,4541654868.731401,0.0610461207476132,0.9389538792523868,0,0,0,Đạt,2026-06-14
2210,2,2,12,3,7153,767,141,626,7779,4541654868.731401,557595018.3247527,94740461.45827729,462854556.8664754,5004509425.597877,0.0197120089472948,0.9802879910527053,0,0,0,Đạt,2026-06-14
2211,3,2,12,3,7779,1070,266,804,8583,5004509425.597877,723997625.6519406,185316442.38130012,538681183.2706404,5543190608.868517,0.0341946265586836,0.9658053734413165,0,0,0,Đạt,2026-06-14
2212,4,2,12,3,8583,1051,388,663,9246,5543190608.868517,712314763.2916793,215760854.0051748,496553909.2865045,6039744518.155022,0.0452056390539438,0.9547943609460562,0,0,0,Đạt,2026-06-14
2213,5,2,12,3,9246,298,874,-576,8670,6039744518.155022,203224554.2154253,447694254.9899464,-244469700.77452108,5795274817.380501,0.0945273631840796,0.9054726368159204,0,0,0,Đạt,2026-06-14
2214,6,2,12,3,8670,242,592,-350,8320,5795274817.380501,170606114.2274378,383977769.1986284,-213371654.97119057,5581903162.40931,0.0682814302191464,0.9317185697808535,0,0,0,Đạt,2026-06-14
2215,7,2,12,3,8320,150,594,-444,7876,5581903162.40931,77367337.32704447,451008964.96210974,-373641627.63506526,5208261534.774245,0.0713942307692307,0.9286057692307692,0,0,0,Đạt,2026-06-14
2216,8,2,12,3,7876,911,213,698,8574,5208261534.774245,515175166.2249447,128362971.1406898,386812195.08425486,5595073729.8585005,0.0270441848654139,0.972955815134586,0,0,0,Đạt,2026-06-14
2217,9,2,12,3,8574,292,762,-470,8104,5595073729.8585005,211510769.25582743,559721994.7132224,-348211225.45739496,5246862504.401106,0.0888733379986004,0.9111266620013996,0,0,0,Đạt,2026-06-14
2218,10,2,12,3,8104,582,774,-192,7912,5246862504.401106,339551302.6533012,567178621.6670429,-227627319.01374167,5019235185.387364,0.0955083909180651,0.9044916090819348,0,0,0,Đạt,2026-06-14
2219,11,2,12,3,7912,1106,589,517,8429,5019235185.387364,791158361.3736063,357952291.47232527,433206069.90128106,5452441255.288646,0.0744438827098078,0.9255561172901922,0,0,0,Đạt,2026-06-14
2220,12,2,12,3,8429,696,271,425,8854,5452441255.288646,367421407.88991374,156427821.06567982,210993586.82423392,5663434842.11288,0.0321509075809704,0.9678490924190296,0,0,0,Đạt,2026-06-14
2221,1,2,12,4,4514,389,58,331,4845,4996772606.474702,501277464.6331492,55446490.51082479,445830974.1223244,5442603580.597026,0.0128489144882587,0.9871510855117412,0,0,0,Đạt,2026-06-14
2222,2,2,12,4,4845,113,105,8,4853,5442603580.597026,117995003.85811536,102296973.38346048,15698030.474654883,5458301611.071681,0.0216718266253869,0.978328173374613,0,0,0,Đạt,2026-06-14
2223,3,2,12,4,4853,70,137,-67,4786,5458301611.071681,91618656.2631915,130372697.9143344,-38754041.65114288,5419547569.420538,0.0282299608489594,0.9717700391510404,0,0,0,Đạt,2026-06-14
2224,4,2,12,4,4786,452,194,258,5044,5419547569.420538,511935380.4043092,220821176.29609025,291114204.1082189,5710661773.528757,0.0405348934391976,0.9594651065608024,0,0,0,Đạt,2026-06-14
2225,5,2,12,4,5044,541,466,75,5119,5710661773.528757,695476897.6425054,412778213.00424135,282698684.63826406,5993360458.167021,0.0923869944488501,0.90761300555115,0,0,0,Đạt,2026-06-14
2226,6,2,12,4,5119,564,348,216,5335,5993360458.167021,714619811.7772447,344987434.9669717,369632376.810273,6362992834.977294,0.0679820277397929,0.9320179722602072,0,0,0,Đạt,2026-06-14
2227,7,2,12,4,5335,360,136,224,5559,6362992834.977294,445068111.9281909,165358542.95319536,279709568.9749955,6642702403.95229,0.0254920337394564,0.9745079662605436,0,0,0,Đạt,2026-06-14
2228,8,2,12,4,5559,445,116,329,5888,6642702403.95229,510323558.7663303,108768286.90347716,401555271.8628532,7044257675.815143,0.0208670624212987,0.9791329375787012,0,0,0,Đạt,2026-06-14
2229,9,2,12,4,5888,696,303,393,6281,7044257675.815143,782586300.8004948,358172276.47042257,424414024.3300722,7468671700.145215,0.0514605978260869,0.9485394021739132,0,0,0,Đạt,2026-06-14
2230,10,2,12,4,6281,555,294,261,6542,7468671700.145215,651994346.2615854,268709906.742969,383284439.5186164,7851956139.663832,0.0468078331475879,0.953192166852412,0,0,0,Đạt,2026-06-14
2231,11,2,12,4,6542,785,331,454,6996,7851956139.663832,851512294.202817,376768938.98095214,474743355.2218648,8326699494.885696,0.0505961479669825,0.9494038520330176,0,0,0,Đạt,2026-06-14
2232,12,2,12,4,6996,189,251,-62,6934,8326699494.885696,212352026.5481612,242115150.7897693,-29763124.241608083,8296936370.644089,0.0358776443682104,0.9641223556317896,0,0,0,Đạt,2026-06-14
2233,1,2,12,5,7977,929,573,356,8333,34676204664.40359,4604062555.42492,2522066252.3684344,2081996303.0564857,36758200967.46008,0.0718315156073712,0.9281684843926288,0,0,0,Đạt,2026-06-14
2234,2,2,12,5,8333,662,303,359,8692,36758200967.46008,2552907254.600094,1525192159.4678977,1027715095.1321962,37785916062.59227,0.0363614544581783,0.9636385455418216,0,0,0,Đạt,2026-06-14
2235,3,2,12,5,8692,1110,406,704,9396,37785916062.59227,4784859226.916266,1939062299.638024,2845796927.2782426,40631712989.870514,0.0467096180395766,0.9532903819604234,2,0,0,Cần kiểm tra,2026-06-14
2236,4,2,12,5,9396,288,370,-82,9314,40631712989.870514,1268647253.3134522,1386549689.7896898,-117902436.47623754,40513810553.39428,0.0393784589186888,0.9606215410813111,0,0,0,Đạt,2026-06-14
2237,5,2,12,5,9314,364,128,236,9550,40513810553.39428,1608101237.1113863,497513918.74846506,1110587318.3629212,41624397871.7572,0.0137427528451793,0.9862572471548208,0,0,0,Đạt,2026-06-14
2238,6,2,12,5,9550,1411,850,561,10111,41624397871.7572,5321803742.205905,4098951288.214519,1222852453.991386,42847250325.74859,0.0890052356020942,0.9109947643979056,0,0,0,Đạt,2026-06-14
2239,7,2,12,5,10111,235,636,-401,9710,42847250325.74859,1024267534.6266012,2261798585.498654,-1237531050.872053,41609719274.87653,0.0629017901295618,0.937098209870438,8,0,0,Cần kiểm tra,2026-06-14
2240,8,2,12,5,9710,772,125,647,10357,41609719274.87653,3660576288.370888,621100153.4095454,3039476134.961343,44649195409.83788,0.0128733264675592,0.9871266735324408,0,0,0,Đạt,2026-06-14
2241,9,2,12,5,10357,1205,218,987,11344,44649195409.83788,4199412572.282619,1034361783.0618584,3165050789.2207603,47814246199.05864,0.0210485661871198,0.9789514338128802,0,0,0,Đạt,2026-06-14
2242,10,2,12,5,11344,1255,604,651,11995,47814246199.05864,6079587916.872277,2334891251.6778936,3744696665.194384,51558942864.25302,0.0532440056417489,0.9467559943582512,0,0,0,Đạt,2026-06-14
2243,11,2,12,5,11995,981,916,65,12060,51558942864.25302,3441922433.5741096,3257738495.627265,184183937.94684455,51743126802.19987,0.0763651521467278,0.9236348478532722,0,0,0,Đạt,2026-06-14
2244,12,2,12,5,12060,957,1010,-53,12007,51743126802.19987,3834228509.9737897,3972800855.135968,-138572345.16217804,51604554457.03769,0.0837479270315091,0.9162520729684908,2,0,2,Cần kiểm tra,2026-06-14
2245,1,2,12,6,7954,1076,629,447,8401,10043791208.18896,1611578685.869389,720453013.5715204,891125672.2978686,10934916880.48683,0.0790797083228564,0.9209202916771436,0,0,0,Đạt,2026-06-14
2246,2,2,12,6,8401,507,281,226,8627,10934916880.48683,575740963.3980603,307377009.5078784,268363953.8901819,11203280834.377012,0.033448399000119,0.9665516009998808,0,0,0,Đạt,2026-06-14
2247,3,2,12,6,8627,1220,711,509,9136,11203280834.377012,1698844974.1644526,883368368.1574304,815476606.0070221,12018757440.384035,0.0824156717282948,0.9175843282717052,7,0,0,Cần kiểm tra,2026-06-14
2248,4,2,12,6,9136,124,465,-341,8795,12018757440.384035,160439540.2405325,662467639.5873903,-502028099.3468578,11516729341.037178,0.0508975481611208,0.9491024518388792,0,0,0,Đạt,2026-06-14
2249,5,2,12,6,8795,124,123,1,8796,11516729341.037178,143148073.48658276,144573555.73629344,-1425482.249710679,11515303858.787468,0.0139852188743604,0.9860147811256396,0,0,0,Đạt,2026-06-14
2250,6,2,12,6,8796,881,849,32,8828,11515303858.787468,1268362582.797083,1277031155.925658,-8668573.128575325,11506635285.658894,0.0965211459754433,0.9034788540245566,0,0,0,Đạt,2026-06-14
2251,7,2,12,6,8828,1045,516,529,9357,11506635285.658894,1297543482.68004,521925602.8477819,775617879.832258,12282253165.491152,0.0584503851381966,0.9415496148618032,0,0,0,Đạt,2026-06-14
2252,8,2,12,6,9357,143,252,-109,9248,12282253165.491152,193658291.71122316,299239193.17235374,-105580901.46113062,12176672264.030022,0.0269317088810516,0.9730682911189484,0,0,0,Đạt,2026-06-14
2253,9,2,12,6,9248,1132,919,213,9461,12176672264.030022,1500075377.86879,978299717.6425072,521775660.2262831,12698447924.256306,0.0993728373702422,0.9006271626297577,0,0,0,Đạt,2026-06-14
2254,10,2,12,6,9461,849,464,385,9846,12698447924.256306,1077604862.1355202,600911025.5721912,476693836.563329,13175141760.819635,0.0490434414966705,0.9509565585033296,0,0,0,Đạt,2026-06-14
2255,11,2,12,6,9846,1133,285,848,10694,13175141760.819635,1291557235.6291497,354251950.4938372,937305285.1353126,14112447045.954948,0.0289457647775746,0.9710542352224254,0,0,0,Đạt,2026-06-14
2256,12,2,12,6,10694,890,997,-107,10587,14112447045.954948,1003043674.7337668,1332447126.974778,-329403452.241011,13783043593.713938,0.0932298485131849,0.9067701514868152,0,0,0,Đạt,2026-06-14
2257,1,2,12,7,5220,652,115,537,5757,17907659605.523636,2309530261.5060406,387571705.2581924,1921958556.247848,19829618161.771484,0.0220306513409961,0.977969348659004,0,0,0,Đạt,2026-06-14
2258,2,2,12,7,5757,826,101,725,6482,19829618161.771484,3226969791.343281,370573097.0984742,2856396694.244807,22686014856.016293,0.0175438596491228,0.9824561403508772,0,0,0,Đạt,2026-06-14
2259,3,2,12,7,6482,748,533,215,6697,22686014856.016293,3015776094.967991,2022073589.9405315,993702505.0274596,23679717361.04375,0.0822277074976859,0.917772292502314,0,0,0,Đạt,2026-06-14
2260,4,2,12,7,6697,610,405,205,6902,23679717361.04375,2244488900.556249,1157418163.529627,1087070737.026622,24766788098.070374,0.0604748394803643,0.9395251605196356,0,0,0,Đạt,2026-06-14
2261,5,2,12,7,6902,336,125,211,7113,24766788098.070374,1186975463.7893183,435590536.8803752,751384926.9089432,25518173024.97932,0.0181106925528832,0.9818893074471168,0,0,0,Đạt,2026-06-14
2262,6,2,12,7,7113,955,608,347,7460,25518173024.97932,3736756382.23722,2445622897.758063,1291133484.4791574,26809306509.458477,0.0854772950934908,0.9145227049065092,0,0,0,Đạt,2026-06-14
2263,7,2,12,7,7460,787,74,713,8173,26809306509.458477,3041504152.53713,221366916.7066352,2820137235.830495,29629443745.288967,0.0099195710455764,0.9900804289544236,0,0,0,Đạt,2026-06-14
2264,8,2,12,7,8173,910,503,407,8580,29629443745.288967,3162901093.08034,2016038722.8966055,1146862370.1837342,30776306115.472706,0.0615441086504343,0.9384558913495656,0,0,0,Đạt,2026-06-14
2265,9,2,12,7,8580,736,292,444,9024,30776306115.472706,2443371813.950587,1169553212.1193814,1273818601.8312054,32050124717.30391,0.034032634032634,0.965967365967366,0,0,0,Đạt,2026-06-14
2266,10,2,12,7,9024,475,832,-357,8667,32050124717.30391,1598257881.9792309,2533741345.028753,-935483463.049522,31114641254.254387,0.0921985815602836,0.9078014184397164,0,0,0,Đạt,2026-06-14
2267,11,2,12,7,8667,1041,420,621,9288,31114641254.254387,2857331642.08383,1313878032.2831516,1543453609.8006785,32658094864.055065,0.0484596746278989,0.9515403253721012,0,0,0,Đạt,2026-06-14
2268,12,2,12,7,9288,189,526,-337,8951,32658094864.055065,598460232.4923147,2120898842.7534587,-1522438610.2611442,31135656253.79392,0.0566322136089577,0.9433677863910422,0,0,0,Đạt,2026-06-14
2269,1,2,13,1,232,16,7,9,241,9595420830.306524,748898300.0622476,296651016.9714065,452247283.0908411,10047668113.397366,0.0301724137931034,0.9698275862068966,0,0,0,Đạt,2026-06-14
2270,2,2,13,1,241,10,10,0,241,10047668113.397366,386884042.5632746,494803528.8779857,-107919486.3147111,9939748627.082657,0.0414937759336099,0.95850622406639,0,0,0,Đạt,2026-06-14
2271,3,2,13,1,241,13,22,-9,232,9939748627.082657,472091919.3205237,799749154.8142306,-327657235.4937069,9612091391.588947,0.0912863070539419,0.908713692946058,0,0,0,Đạt,2026-06-14
2272,4,2,13,1,232,5,10,-5,227,9612091391.588947,236208991.2673129,394406132.2297233,-158197140.96241036,9453894250.626535,0.043103448275862,0.956896551724138,0,0,0,Đạt,2026-06-14
2273,5,2,13,1,227,21,3,18,245,9453894250.626535,991710467.157478,140453554.97939873,851256912.1780792,10305151162.804617,0.013215859030837,0.986784140969163,0,0,0,Đạt,2026-06-14
2274,6,2,13,1,245,8,9,-1,244,10305151162.804617,300176434.2019762,366172417.462917,-65995983.26094085,10239155179.543676,0.036734693877551,0.963265306122449,0,0,0,Đạt,2026-06-14
2275,7,2,13,1,244,14,14,0,244,10239155179.543676,483203289.150061,673008447.5750715,-189805158.42501044,10049350021.118666,0.0573770491803278,0.9426229508196722,0,0,0,Đạt,2026-06-14
2276,8,2,13,1,244,17,16,1,245,10049350021.118666,836676553.0949854,629799471.8405482,206877081.2544372,10256227102.373102,0.0655737704918032,0.9344262295081968,0,0,0,Đạt,2026-06-14
2277,9,2,13,1,245,11,22,-11,234,10256227102.373102,412752507.0508915,903034109.4211768,-490281602.3702853,9765945500.002815,0.0897959183673469,0.9102040816326532,0,0,0,Đạt,2026-06-14
2278,10,2,13,1,234,4,10,-6,228,9765945500.002815,134990784.92386803,423781235.776151,-288790450.852283,9477155049.150534,0.0427350427350427,0.9572649572649572,0,0,0,Đạt,2026-06-14
2279,11,2,13,1,228,29,20,9,237,9477155049.150534,1098374027.8659976,730145771.3252788,368228256.5407188,9845383305.691252,0.087719298245614,0.912280701754386,0,0,0,Đạt,2026-06-14
2280,12,2,13,1,237,7,11,-4,233,9845383305.691252,233398159.7623833,455032404.3779282,-221634244.6155449,9623749061.075706,0.0464135021097046,0.9535864978902954,0,0,0,Đạt,2026-06-14
2281,1,2,13,2,303,21,6,15,318,15251018669.76256,944243097.922682,358410036.8279556,585833061.0947264,15836851730.857286,0.0198019801980198,0.9801980198019802,0,0,0,Đạt,2026-06-14
2282,2,2,13,2,318,27,14,13,331,15836851730.857286,1475757001.4757016,692563296.6026708,783193704.8730308,16620045435.730318,0.0440251572327044,0.9559748427672956,0,0,0,Đạt,2026-06-14
2283,3,2,13,2,331,28,7,21,352,16620045435.730318,1263994761.3218095,389568442.6561837,874426318.6656258,17494471754.395943,0.0211480362537764,0.9788519637462236,0,0,0,Đạt,2026-06-14
2284,4,2,13,2,352,38,17,21,373,17494471754.395943,1713844951.1978257,896090204.639418,817754746.5584077,18312226500.95435,0.0482954545454545,0.9517045454545454,0,0,0,Đạt,2026-06-14
2285,5,2,13,2,373,45,30,15,388,18312226500.95435,1896276977.710351,1275734267.5363443,620542710.1740065,18932769211.12836,0.0804289544235924,0.9195710455764076,0,0,0,Đạt,2026-06-14
2286,6,2,13,2,388,52,15,37,425,18932769211.12836,2349509777.5572004,686428558.1684833,1663081219.3887172,20595850430.517075,0.0386597938144329,0.961340206185567,0,0,0,Đạt,2026-06-14
2287,7,2,13,2,425,8,13,-5,420,20595850430.517075,433159431.4246251,628241373.2499278,-195081941.82530263,20400768488.69177,0.0305882352941176,0.9694117647058824,0,0,0,Đạt,2026-06-14
2288,8,2,13,2,420,39,16,23,443,20400768488.69177,2227434495.474457,767730263.8935075,1459704231.5809493,21860472720.27272,0.0380952380952381,0.961904761904762,5,2,0,Cần kiểm tra,2026-06-14
2289,9,2,13,2,443,40,21,19,462,21860472720.27272,2117993883.6142209,898200888.9163759,1219792994.6978447,23080265714.97057,0.0474040632054176,0.9525959367945824,0,0,0,Đạt,2026-06-14
2290,10,2,13,2,462,51,27,24,486,23080265714.97057,2346773554.9571333,1371022809.3199134,975750745.63722,24056016460.607784,0.0584415584415584,0.9415584415584416,0,0,0,Đạt,2026-06-14
2291,11,2,13,2,486,39,7,32,518,24056016460.607784,2066230432.0602183,347161725.1268791,1719068706.933339,25775085167.54112,0.0144032921810699,0.98559670781893,0,0,0,Đạt,2026-06-14
2292,12,2,13,2,518,12,12,0,518,25775085167.54112,721821359.4177458,558664603.8556279,163156755.56211793,25938241923.10324,0.0231660231660231,0.9768339768339768,0,0,0,Đạt,2026-06-14
2293,1,2,13,3,345,35,32,3,348,16468985103.045412,1786220448.2165325,1458904636.056799,327315812.15973353,16796300915.205145,0.0927536231884058,0.907246376811594,0,0,0,Đạt,2026-06-14
2294,2,2,13,3,348,32,23,9,357,16796300915.205145,1768483509.8188632,1130296390.072122,638187119.746741,17434488034.951885,0.0660919540229885,0.9339080459770116,5,0,0,Cần kiểm tra,2026-06-14
2295,3,2,13,3,357,14,12,2,359,17434488034.951885,588100160.145593,584974167.0410501,3125993.1045429707,17437614028.056427,0.0336134453781512,0.9663865546218487,0,0,0,Đạt,2026-06-14
2296,4,2,13,3,359,42,28,14,373,17437614028.056427,2097559287.636032,1399518040.583393,698041247.0526388,18135655275.109062,0.0779944289693593,0.9220055710306406,0,0,0,Đạt,2026-06-14
2297,5,2,13,3,373,24,24,0,373,18135655275.109062,1072668747.9772007,1056720938.0158472,15947809.96135354,18151603085.07042,0.064343163538874,0.935656836461126,0,0,0,Đạt,2026-06-14
2298,6,2,13,3,373,7,22,-15,358,18151603085.07042,297862287.83449006,1012257925.057027,-714395637.2225369,17437207447.84788,0.0589812332439678,0.941018766756032,0,0,0,Đạt,2026-06-14
2299,7,2,13,3,358,17,10,7,365,17437207447.84788,722537265.3873676,484069165.1731275,238468100.21424013,17675675548.062122,0.0279329608938547,0.9720670391061452,0,0,0,Đạt,2026-06-14
2300,8,2,13,3,365,21,33,-12,353,17675675548.062122,973245963.43656,1321044366.7746246,-347798403.3380645,17327877144.724056,0.0904109589041095,0.9095890410958904,0,0,0,Đạt,2026-06-14
2301,9,2,13,3,353,37,23,14,367,17327877144.724056,1434779546.2216997,1214210194.870842,220569351.3508575,17548446496.074913,0.065155807365439,0.9348441926345608,0,0,0,Đạt,2026-06-14
2302,10,2,13,3,367,39,8,31,398,17548446496.074913,2030767815.2261307,370863828.1351592,1659903987.0909717,19208350483.16589,0.0217983651226158,0.9782016348773842,10,0,3,Cần kiểm tra,2026-06-14
2303,11,2,13,3,398,27,38,-11,387,19208350483.16589,1116505168.5241656,1830761001.732004,-714255833.2078383,18494094649.95805,0.0954773869346733,0.9045226130653268,0,0,0,Đạt,2026-06-14
2304,12,2,13,3,387,14,38,-24,363,18494094649.95805,769177040.3752466,2139929726.9990137,-1370752686.623767,17123341963.334278,0.0981912144702842,0.9018087855297158,0,0,0,Đạt,2026-06-14
2305,1,2,13,4,394,48,13,35,429,39375148362.90593,5085887075.534258,1422708050.569353,3663179024.964905,43038327387.870834,0.032994923857868,0.967005076142132,0,0,0,Đạt,2026-06-14
2306,2,2,13,4,429,30,18,12,441,43038327387.870834,3319946523.417376,1768101533.9058442,1551844989.5115314,44590172377.38236,0.0419580419580419,0.958041958041958,0,0,0,Đạt,2026-06-14
2307,3,2,13,4,441,5,23,-18,423,44590172377.38236,483774577.5204508,2659415466.410245,-2175640888.8897943,42414531488.49257,0.0521541950113378,0.947845804988662,0,0,0,Đạt,2026-06-14
2308,4,2,13,4,423,58,15,43,466,42414531488.49257,5228900417.574682,1274589706.479798,3954310711.094884,46368842199.587456,0.0354609929078014,0.9645390070921984,0,0,0,Đạt,2026-06-14
2309,5,2,13,4,466,34,17,17,483,46368842199.587456,3472204015.5401263,1582144577.0561273,1890059438.483999,48258901638.07146,0.0364806866952789,0.9635193133047212,0,0,0,Đạt,2026-06-14
2310,6,2,13,4,483,41,15,26,509,48258901638.07146,3923916646.768334,1735229418.2992165,2188687228.4691176,50447588866.54057,0.031055900621118,0.968944099378882,0,0,0,Đạt,2026-06-14
2311,7,2,13,4,509,58,18,40,549,50447588866.54057,6473824342.574036,1945551153.379292,4528273189.194744,54975862055.73532,0.0353634577603143,0.9646365422396856,0,0,0,Đạt,2026-06-14
2312,8,2,13,4,549,42,8,34,583,54975862055.73532,3599595305.708018,937709519.0840752,2661885786.6239424,57637747842.35926,0.0145719489981785,0.9854280510018216,6,5,0,Cần kiểm tra,2026-06-14
2313,9,2,13,4,583,83,38,45,628,57637747842.35926,7365935128.83307,4427447540.57438,2938487588.25869,60576235430.61795,0.0651801029159519,0.934819897084048,0,0,0,Đạt,2026-06-14
2314,10,2,13,4,628,60,11,49,677,60576235430.61795,6450271597.188213,1300028082.085771,5150243515.102442,65726478945.72039,0.0175159235668789,0.982484076433121,0,0,0,Đạt,2026-06-14
2315,11,2,13,4,677,19,24,-5,672,65726478945.72039,1796738717.126309,2513753163.108244,-717014445.981935,65009464499.73846,0.035450516986706,0.964549483013294,0,0,0,Đạt,2026-06-14
2316,12,2,13,4,672,87,27,60,732,65009464499.73846,7200860706.636034,2759633808.0251827,4441226898.610851,69450691398.3493,0.0401785714285714,0.9598214285714286,0,0,0,Đạt,2026-06-14
2317,1,2,13,5,231,32,10,22,253,13816606913.669577,2035233618.7316384,550404188.9940382,1484829429.7375998,15301436343.407175,0.0432900432900432,0.9567099567099568,0,0,0,Đạt,2026-06-14
2318,2,2,13,5,253,35,18,17,270,15301436343.407175,2020721212.1888983,1068375827.1351212,952345385.0537776,16253781728.460957,0.0711462450592885,0.9288537549407114,0,0,0,Đạt,2026-06-14
2319,3,2,13,5,270,39,12,27,297,16253781728.460957,2738450543.0638933,585594765.7693905,2152855777.2945027,18406637505.75546,0.0444444444444444,0.9555555555555556,0,0,0,Đạt,2026-06-14
2320,4,2,13,5,297,42,28,14,311,18406637505.75546,2267025522.180848,1594254533.1922655,672770988.9885821,19079408494.74404,0.0942760942760942,0.9057239057239056,0,0,0,Đạt,2026-06-14
2321,5,2,13,5,311,31,4,27,338,19079408494.74404,1988361519.749528,273953654.36366844,1714407865.3858595,20793816360.1299,0.0128617363344051,0.9871382636655948,0,0,0,Đạt,2026-06-14
2322,6,2,13,5,338,49,7,42,380,20793816360.1299,2452212621.608673,351946292.6443319,2100266328.9643407,22894082689.09424,0.0207100591715976,0.9792899408284024,0,0,0,Đạt,2026-06-14
2323,7,2,13,5,380,8,31,-23,357,22894082689.09424,450534993.10483,1576327310.8659947,-1125792317.761165,21768290371.33308,0.081578947368421,0.9184210526315788,0,0,0,Đạt,2026-06-14
2324,8,2,13,5,357,8,9,-1,356,21768290371.33308,524348563.4611897,508910537.801068,15438025.66012174,21783728396.9932,0.0252100840336134,0.9747899159663864,0,0,0,Đạt,2026-06-14
2325,9,2,13,5,356,30,7,23,379,21783728396.9932,1493005807.426566,426333508.34153455,1066672299.0850316,22850400696.07823,0.0196629213483146,0.9803370786516854,0,0,0,Đạt,2026-06-14
2326,10,2,13,5,379,55,12,43,422,22850400696.07823,3053173172.7135897,642627110.6292286,2410546062.084361,25260946758.162598,0.0316622691292876,0.9683377308707124,0,0,0,Đạt,2026-06-14
2327,11,2,13,5,422,63,37,26,448,25260946758.162598,3583575185.6329064,2335965926.588088,1247609259.0448184,26508556017.207413,0.0876777251184834,0.9123222748815166,0,0,0,Đạt,2026-06-14
2328,12,2,13,5,448,36,40,-4,444,26508556017.207413,2369219184.8819,2546008559.661261,-176789374.77936125,26331766642.42805,0.0892857142857142,0.9107142857142856,0,0,0,Đạt,2026-06-14
2329,1,2,13,6,256,6,19,-13,243,12785975874.65689,243998512.1686402,867529431.328003,-623530919.1593628,12162444955.497528,0.07421875,0.92578125,0,0,0,Đạt,2026-06-14
2330,2,2,13,6,243,11,13,-2,241,12162444955.497528,499421719.80190873,688619897.8094808,-189198178.00757205,11973246777.489956,0.0534979423868312,0.9465020576131687,0,0,0,Đạt,2026-06-14
2331,3,2,13,6,241,15,4,11,252,11973246777.489956,854355786.8872633,211434510.4883955,642921276.3988678,12616168053.888824,0.0165975103734439,0.983402489626556,0,0,0,Đạt,2026-06-14
2332,4,2,13,6,252,30,10,20,272,12616168053.888824,1413136675.6283035,589936509.6597294,823200165.9685742,13439368219.8574,0.0396825396825396,0.9603174603174603,0,0,0,Đạt,2026-06-14
2333,5,2,13,6,272,33,25,8,280,13439368219.8574,1736036059.1384478,1192984942.0591886,543051117.0792592,13982419336.93666,0.0919117647058823,0.9080882352941176,0,0,0,Đạt,2026-06-14
2334,6,2,13,6,280,6,11,-5,275,13982419336.93666,340262583.6371398,563176236.2715247,-222913652.63438487,13759505684.302277,0.0392857142857142,0.9607142857142856,0,0,0,Đạt,2026-06-14
2335,7,2,13,6,275,3,8,-5,270,13759505684.302277,128698150.7288648,373405532.11557454,-244707381.38670972,13514798302.915564,0.029090909090909,0.9709090909090908,0,0,0,Đạt,2026-06-14
2336,8,2,13,6,270,18,4,14,284,13514798302.915564,733014755.4967767,209336550.53818703,523678204.9585897,14038476507.874157,0.0148148148148148,0.9851851851851852,0,0,0,Đạt,2026-06-14
2337,9,2,13,6,284,24,19,5,289,14038476507.874157,1297240312.101265,942238727.0837578,355001585.0175072,14393478092.891665,0.0669014084507042,0.9330985915492958,0,0,0,Đạt,2026-06-14
2338,10,2,13,6,289,41,16,25,314,14393478092.891665,2196773329.8979125,790139989.3727663,1406633340.5251462,15800111433.41681,0.0553633217993079,0.944636678200692,0,0,0,Đạt,2026-06-14
2339,11,2,13,6,314,33,17,16,330,15800111433.41681,1632174177.3612657,788589306.0902891,843584871.2709765,16643696304.687786,0.054140127388535,0.945859872611465,0,0,0,Đạt,2026-06-14
2340,12,2,13,6,330,5,26,-21,309,16643696304.687786,215627961.0948667,1099482161.7813523,-883854200.6864858,15759842104.0013,0.0787878787878787,0.9212121212121211,0,0,0,Đạt,2026-06-14
2341,1,2,13,7,294,29,6,23,317,27814518368.72572,2474809755.1100106,616976106.552106,1857833648.5579047,29672352017.28362,0.0204081632653061,0.979591836734694,9,0,3,Cần kiểm tra,2026-06-14
2342,2,2,13,7,317,25,30,-5,312,29672352017.28362,1898460588.942414,2544257471.753572,-645796882.811158,29026555134.47246,0.0946372239747634,0.9053627760252366,0,0,0,Đạt,2026-06-14
2343,3,2,13,7,312,27,4,23,335,29026555134.47246,2519071644.310853,443576135.040277,2075495509.2705765,31102050643.74304,0.0128205128205128,0.9871794871794872,0,0,0,Đạt,2026-06-14
2344,4,2,13,7,335,43,32,11,346,31102050643.74304,4410917324.0781145,3313711534.7636733,1097205789.3144412,32199256433.05748,0.0955223880597015,0.9044776119402984,0,0,0,Đạt,2026-06-14
2345,5,2,13,7,346,30,11,19,365,32199256433.05748,2681454499.202378,991666481.9764632,1689788017.2259145,33889044450.283398,0.0317919075144508,0.9682080924855492,0,0,0,Đạt,2026-06-14
2346,6,2,13,7,365,53,20,33,398,33889044450.283398,4341960558.212255,1638555225.148455,2703405333.0638,36592449783.34719,0.0547945205479452,0.9452054794520548,0,0,0,Đạt,2026-06-14
2347,7,2,13,7,398,20,10,10,408,36592449783.34719,1685255437.6072826,861231680.133641,824023757.4736416,37416473540.82083,0.0251256281407035,0.9748743718592964,0,0,0,Đạt,2026-06-14
2348,8,2,13,7,408,10,31,-21,387,37416473540.82083,917312208.4963392,2888170293.693002,-1970858085.1966631,35445615455.62417,0.0759803921568627,0.9240196078431372,0,0,0,Đạt,2026-06-14
2349,9,2,13,7,387,12,35,-23,364,35445615455.62417,1253852189.9179854,3921518377.924452,-2667666188.006467,32777949267.617702,0.0904392764857881,0.909560723514212,0,0,0,Đạt,2026-06-14
2350,10,2,13,7,364,39,15,24,388,32777949267.617702,3991204897.737301,1328324384.653854,2662880513.0834465,35440829780.70115,0.0412087912087912,0.9587912087912088,0,0,0,Đạt,2026-06-14
2351,11,2,13,7,388,45,30,15,403,35440829780.70115,3962336928.2189264,3043577053.0235944,918759875.195332,36359589655.89648,0.0773195876288659,0.922680412371134,0,0,0,Đạt,2026-06-14
2352,12,2,13,7,403,44,40,4,407,36359589655.89648,4957388931.448913,3502639082.7802567,1454749848.668656,37814339504.56514,0.0992555831265508,0.9007444168734492,0,0,0,Đạt,2026-06-14
2353,1,2,14,1,49,2,1,1,50,712304237.8356634,24321484.05135704,15089127.105859453,9232356.945497587,721536594.7811611,0.0204081632653061,0.979591836734694,0,0,0,Đạt,2026-06-14
2354,2,2,14,1,50,2,2,0,50,721536594.7811611,23518032.486037116,34072617.39410751,-10554584.9080704,710982009.8730906,0.04,0.96,1,2,2,Cần kiểm tra,2026-06-14
2355,3,2,14,1,50,1,3,-2,48,710982009.8730906,13279188.082019929,48960657.77363294,-35681469.69161302,675300540.1814775,0.06,0.94,0,0,0,Đạt,2026-06-14
2356,4,2,14,1,48,4,0,4,52,675300540.1814775,56009972.92220978,0.0,56009972.92220978,731310513.1036873,0.0,1.0,0,0,0,Đạt,2026-06-14
2357,5,2,14,1,52,2,1,1,53,731310513.1036873,28140380.58706012,17129460.19735594,11010920.38970418,742321433.4933915,0.0192307692307692,0.9807692307692308,0,0,0,Đạt,2026-06-14
2358,6,2,14,1,53,6,4,2,55,742321433.4933915,88517895.43123628,54867844.96570624,33650050.46553004,775971483.9589216,0.0754716981132075,0.9245283018867924,0,0,0,Đạt,2026-06-14
2359,7,2,14,1,55,7,3,4,59,775971483.9589216,115673647.65957683,39640638.51571189,76033009.14386496,852004493.1027865,0.0545454545454545,0.9454545454545454,0,0,0,Đạt,2026-06-14
2360,8,2,14,1,59,6,1,5,64,852004493.1027865,97822803.1794749,15065140.86448427,82757662.31499064,934762155.4177772,0.0169491525423728,0.9830508474576272,0,0,0,Đạt,2026-06-14
2361,9,2,14,1,64,6,2,4,68,934762155.4177772,101708617.13820164,34838653.00902855,66869964.12917309,1001632119.5469502,0.03125,0.96875,0,0,0,Đạt,2026-06-14
2362,10,2,14,1,68,2,5,-3,65,1001632119.5469502,34756732.92560742,81133400.02657533,-46376667.10096791,955255452.4459825,0.0735294117647058,0.9264705882352942,0,0,0,Đạt,2026-06-14
2363,11,2,14,1,65,3,3,0,65,955255452.4459825,41878392.72883897,35915826.22557763,5962566.503261343,961218018.9492435,0.0461538461538461,0.9538461538461538,0,0,0,Đạt,2026-06-14
2364,12,2,14,1,65,9,5,4,69,961218018.9492435,108876579.58828343,74552102.88596278,34324476.702320665,995542495.6515644,0.0769230769230769,0.9230769230769232,0,0,0,Đạt,2026-06-14
2365,1,2,14,2,61,8,3,5,66,4147659973.884704,441147827.1349752,221512585.3402377,219635241.79473743,4367295215.679441,0.0491803278688524,0.9508196721311476,0,0,0,Đạt,2026-06-14
2366,2,2,14,2,66,4,3,1,67,4367295215.679441,295505717.0878427,202279251.2722121,93226465.81563064,4460521681.495072,0.0454545454545454,0.9545454545454546,0,0,0,Đạt,2026-06-14
2367,3,2,14,2,67,2,4,-2,65,4460521681.495072,118875900.46732348,239494587.8650059,-120618687.39768244,4339902994.09739,0.0597014925373134,0.9402985074626866,0,0,0,Đạt,2026-06-14
2368,4,2,14,2,65,3,0,3,68,4339902994.09739,200127264.02204788,0.0,200127264.02204788,4540030258.119438,0.0,1.0,0,0,0,Đạt,2026-06-14
2369,5,2,14,2,68,6,0,6,74,4540030258.119438,376499167.90228695,0.0,376499167.90228695,4916529426.021725,0.0,1.0,0,0,0,Đạt,2026-06-14
2370,6,2,14,2,74,4,4,0,74,4916529426.021725,321202098.7423394,290861238.5482844,30340860.19405496,4946870286.215779,0.054054054054054,0.945945945945946,0,0,0,Đạt,2026-06-14
2371,7,2,14,2,74,8,2,6,80,4946870286.215779,467769707.1074147,123294476.46410196,344475230.64331275,5291345516.859092,0.027027027027027,0.972972972972973,0,0,0,Đạt,2026-06-14
2372,8,2,14,2,80,3,3,0,80,5291345516.859092,239373614.2376707,220777222.62052405,18596391.61714664,5309941908.476238,0.0375,0.9625,0,0,0,Đạt,2026-06-14
2373,9,2,14,2,80,6,1,5,85,5309941908.476238,473125148.36237454,60003279.44541339,413121868.91696113,5723063777.393199,0.0125,0.9875,0,0,0,Đạt,2026-06-14
2374,10,2,14,2,85,7,3,4,89,5723063777.393199,437091119.7513258,217708804.10411948,219382315.6472063,5942446093.040405,0.0352941176470588,0.9647058823529412,0,0,0,Đạt,2026-06-14
2375,11,2,14,2,89,3,4,-1,88,5942446093.040405,180029606.46040785,276291603.62143826,-96261997.1610304,5846184095.879375,0.0449438202247191,0.9550561797752808,0,0,0,Đạt,2026-06-14
2376,12,2,14,2,88,7,4,3,91,5846184095.879375,402558399.91104,230285215.2425156,172273184.6685244,6018457280.547899,0.0454545454545454,0.9545454545454546,0,0,0,Đạt,2026-06-14
2377,1,2,14,3,49,3,1,2,51,2474389590.904396,126543310.43885678,44234762.879716046,82308547.55914074,2556698138.4635367,0.0204081632653061,0.979591836734694,0,0,0,Đạt,2026-06-14
2378,2,2,14,3,51,2,2,0,51,2556698138.4635367,96513601.9944223,87370781.07132965,9142820.923092648,2565840959.3866296,0.0392156862745098,0.9607843137254902,0,0,0,Đạt,2026-06-14
2379,3,2,14,3,51,2,1,1,52,2565840959.3866296,118612518.5967256,47123965.45639548,71488553.14033014,2637329512.52696,0.0196078431372549,0.9803921568627452,0,0,0,Đạt,2026-06-14
2380,4,2,14,3,52,5,2,3,55,2637329512.52696,291711623.7319592,114908655.91712452,176802967.81483465,2814132480.3417945,0.0384615384615384,0.9615384615384616,0,0,0,Đạt,2026-06-14
2381,5,2,14,3,55,4,2,2,57,2814132480.3417945,233713897.7940236,114222209.4575816,119491688.336442,2933624168.6782365,0.0363636363636363,0.9636363636363636,0,0,0,Đạt,2026-06-14
2382,6,2,14,3,57,8,3,5,62,2933624168.6782365,412842136.8311376,140241513.44878793,272600623.3823496,3206224792.060586,0.0526315789473684,0.9473684210526316,0,0,0,Đạt,2026-06-14
2383,7,2,14,3,62,4,1,3,65,3206224792.060586,221893765.17671305,51601531.3139192,170292233.86279386,3376517025.92338,0.0161290322580645,0.9838709677419356,0,0,0,Đạt,2026-06-14
2384,8,2,14,3,65,6,3,3,68,3376517025.92338,307848927.83304256,160734822.09691083,147114105.73613173,3523631131.659512,0.0461538461538461,0.9538461538461538,0,0,0,Đạt,2026-06-14
2385,9,2,14,3,68,1,1,0,68,3523631131.659512,41994122.15664717,56387653.74387429,-14393531.58722712,3509237600.072284,0.0147058823529411,0.9852941176470588,0,0,0,Đạt,2026-06-14
2386,10,2,14,3,68,7,4,3,71,3509237600.072284,343516161.16066104,235166806.90578625,108349354.25487484,3617586954.327159,0.0588235294117647,0.9411764705882352,0,0,0,Đạt,2026-06-14
2387,11,2,14,3,71,10,2,8,79,3617586954.327159,490700079.7869386,112201060.0751577,378499019.7117809,3996085974.03894,0.028169014084507,0.971830985915493,0,0,0,Đạt,2026-06-14
2388,12,2,14,3,79,5,6,-1,78,3996085974.03894,301019996.37609875,299331616.9518118,1688379.4242869616,3997774353.463227,0.0759493670886076,0.9240506329113924,0,0,0,Đạt,2026-06-14
2389,1,2,14,4,60,0,1,-1,59,3306641893.588448,0.0,44491448.217680775,-44491448.217680775,3262150445.370766,0.0166666666666666,0.9833333333333332,0,0,0,Đạt,2026-06-14
2390,2,2,14,4,59,5,2,3,62,3262150445.370766,299915684.66287214,120246121.19531208,179669563.46756005,3441820008.8383265,0.0338983050847457,0.9661016949152542,0,0,0,Đạt,2026-06-14
2391,3,2,14,4,62,9,1,8,70,3441820008.8383265,523835986.8599743,54543512.29028354,469292474.5696908,3911112483.408017,0.0161290322580645,0.9838709677419356,0,0,0,Đạt,2026-06-14
2392,4,2,14,4,70,3,1,2,72,3911112483.408017,196574355.13087136,51274386.830368094,145299968.30050325,4056412451.70852,0.0142857142857142,0.9857142857142858,0,0,0,Đạt,2026-06-14
2393,5,2,14,4,72,10,7,3,75,4056412451.70852,631656682.2013068,365172175.46040994,266484506.74089688,4322896958.449417,0.0972222222222222,0.9027777777777778,0,0,0,Đạt,2026-06-14
2394,6,2,14,4,75,5,5,0,75,4322896958.449417,232948376.33271956,227879910.5772069,5068465.755512625,4327965424.204929,0.0666666666666666,0.9333333333333332,0,0,0,Đạt,2026-06-14
2395,7,2,14,4,75,10,2,8,83,4327965424.204929,508711921.311934,106065997.5978312,402645923.7141028,4730611347.919032,0.0266666666666666,0.9733333333333334,0,0,0,Đạt,2026-06-14
2396,8,2,14,4,83,6,6,0,83,4730611347.919032,270732869.4896868,369978073.6443187,-99245204.15463191,4631366143.7644005,0.072289156626506,0.927710843373494,0,0,0,Đạt,2026-06-14
2397,9,2,14,4,83,9,8,1,84,4631366143.7644005,592521538.239905,459849808.2427488,132671729.99715626,4764037873.761557,0.0963855421686747,0.9036144578313252,0,0,0,Đạt,2026-06-14
2398,10,2,14,4,84,2,4,-2,82,4764037873.761557,92775546.25464895,221822540.69961572,-129046994.44496678,4634990879.31659,0.0476190476190476,0.9523809523809524,0,0,0,Đạt,2026-06-14
2399,11,2,14,4,82,7,6,1,83,4634990879.31659,338183901.335404,395478491.1938304,-57294589.85842645,4577696289.458164,0.073170731707317,0.926829268292683,0,0,0,Đạt,2026-06-14
2400,12,2,14,4,83,4,2,2,85,4577696289.458164,183150192.2129041,96102479.13316666,87047713.07973744,4664744002.537902,0.0240963855421686,0.9759036144578314,0,0,0,Đạt,2026-06-14
2401,1,2,14,5,41,3,1,2,43,3116665505.472873,268061507.90753803,65437053.80386204,202624454.103676,3319289959.576549,0.024390243902439,0.975609756097561,0,0,0,Đạt,2026-06-14
2402,2,2,14,5,43,2,1,1,44,3319289959.576549,142975590.22116706,72641953.26672052,70333636.95444654,3389623596.5309954,0.0232558139534883,0.9767441860465116,0,0,0,Đạt,2026-06-14
2403,3,2,14,5,44,2,2,0,44,3389623596.5309954,176563784.63291928,177416592.46499488,-852807.8320755959,3388770788.69892,0.0454545454545454,0.9545454545454546,0,0,0,Đạt,2026-06-14
2404,4,2,14,5,44,6,2,4,48,3388770788.69892,365244521.7600902,159366925.4205581,205877596.33953208,3594648385.038452,0.0454545454545454,0.9545454545454546,0,0,0,Đạt,2026-06-14
2405,5,2,14,5,48,4,1,3,51,3594648385.038452,364362129.21495104,82572159.55331181,281789969.6616392,3876438354.700091,0.0208333333333333,0.9791666666666666,0,0,0,Đạt,2026-06-14
2406,6,2,14,5,51,2,2,0,51,3876438354.700091,159242932.24082524,122911325.8453312,36331606.39549405,3912769961.095585,0.0392156862745098,0.9607843137254902,0,0,0,Đạt,2026-06-14
2407,7,2,14,5,51,3,3,0,51,3912769961.095585,201790822.52609804,219618545.8602607,-17827723.334162652,3894942237.761422,0.0588235294117647,0.9411764705882352,0,0,0,Đạt,2026-06-14
2408,8,2,14,5,51,0,4,-4,47,3894942237.761422,0.0,301177921.3328483,-301177921.3328483,3593764316.4285736,0.0784313725490196,0.9215686274509804,0,0,0,Đạt,2026-06-14
2409,9,2,14,5,47,1,0,1,48,3593764316.4285736,86067542.57492079,0.0,86067542.57492079,3679831859.0034943,0.0,1.0,0,0,0,Đạt,2026-06-14
2410,10,2,14,5,48,4,4,0,48,3679831859.0034943,271899463.7350082,265617588.24772575,6281875.487282395,3686113734.490777,0.0833333333333333,0.9166666666666666,0,0,0,Đạt,2026-06-14
2411,11,2,14,5,48,5,3,2,50,3686113734.490777,393711265.6302373,220180692.73529848,173530572.8949388,3859644307.385716,0.0625,0.9375,0,0,0,Đạt,2026-06-14
2412,12,2,14,5,50,2,3,-1,49,3859644307.385716,182215401.1104656,187544040.93960515,-5328639.82913956,3854315667.556576,0.06,0.94,0,0,0,Đạt,2026-06-14
2413,1,2,14,6,56,1,1,0,56,687870991.4369174,13576378.820404204,13309222.479709763,267156.3406944405,688138147.7776119,0.0178571428571428,0.9821428571428572,0,0,0,Đạt,2026-06-14
2414,2,2,14,6,56,6,2,4,60,688138147.7776119,81023201.6406957,26297500.458681107,54725701.1820146,742863848.9596264,0.0357142857142857,0.9642857142857144,0,0,0,Đạt,2026-06-14
2415,3,2,14,6,60,2,1,1,61,742863848.9596264,28850511.222310662,10058688.27162923,18791822.950681437,761655671.9103079,0.0166666666666666,0.9833333333333332,0,0,0,Đạt,2026-06-14
2416,4,2,14,6,61,5,2,3,64,761655671.9103079,63567549.39434686,21208891.424474142,42358657.96987271,804014329.8801806,0.0327868852459016,0.9672131147540984,0,0,0,Đạt,2026-06-14
2417,5,2,14,6,64,3,2,1,65,804014329.8801806,33089787.441155314,20960003.36817964,12129784.072975677,816144113.9531562,0.03125,0.96875,0,0,0,Đạt,2026-06-14
2418,6,2,14,6,65,3,2,1,66,816144113.9531562,35582703.794253856,20655397.93771808,14927305.856535776,831071419.809692,0.0307692307692307,0.9692307692307692,0,0,0,Đạt,2026-06-14
2419,7,2,14,6,66,1,4,-3,63,831071419.809692,13633681.899050634,58608014.55501546,-44974332.65596482,786097087.1537272,0.0606060606060606,0.9393939393939394,0,0,0,Đạt,2026-06-14
2420,8,2,14,6,63,7,5,2,65,786097087.1537272,96399285.76501492,70969898.38041167,25429387.384603247,811526474.5383304,0.0793650793650793,0.9206349206349208,0,0,0,Đạt,2026-06-14
2421,9,2,14,6,65,4,3,1,66,811526474.5383304,53894067.237470046,35035396.72440943,18858670.51306061,830385145.051391,0.0461538461538461,0.9538461538461538,0,0,0,Đạt,2026-06-14
2422,10,2,14,6,66,2,2,0,66,830385145.051391,24849549.3329024,26405757.370769635,-1556208.0378672369,828828937.0135238,0.0303030303030303,0.9696969696969696,0,0,0,Đạt,2026-06-14
2423,11,2,14,6,66,4,2,2,68,828828937.0135238,41437310.93381164,21196952.88234826,20240358.05146338,849069295.0649872,0.0303030303030303,0.9696969696969696,0,0,0,Đạt,2026-06-14
2424,12,2,14,6,68,1,5,-4,64,849069295.0649872,12202821.107772565,53412866.14754039,-41210045.039767824,807859250.0252193,0.0735294117647058,0.9264705882352942,7,4,0,Cần kiểm tra,2026-06-14
2425,1,2,14,7,79,4,6,-2,77,4839594214.03225,286957512.0878426,385449955.6942488,-98492443.6064062,4741101770.425844,0.0759493670886076,0.9240506329113924,0,0,0,Đạt,2026-06-14
2426,2,2,14,7,77,4,3,1,78,4741101770.425844,234756352.31699368,210924683.18046445,23831669.13652924,4764933439.562373,0.0389610389610389,0.961038961038961,5,0,3,Cần kiểm tra,2026-06-14
2427,3,2,14,7,78,8,6,2,80,4764933439.562373,555404170.2968047,306408416.8269816,248995753.46982303,5013929193.032196,0.0769230769230769,0.9230769230769232,0,0,0,Đạt,2026-06-14
2428,4,2,14,7,80,10,7,3,83,5013929193.032196,526162531.9185985,366624830.5587948,159537701.35980368,5173466894.392,0.0875,0.9125,0,0,0,Đạt,2026-06-14
2429,5,2,14,7,83,1,3,-2,81,5173466894.392,73355969.41141042,176363261.4381784,-103007292.02676795,5070459602.365232,0.036144578313253,0.963855421686747,0,0,0,Đạt,2026-06-14
2430,6,2,14,7,81,6,1,5,86,5070459602.365232,322799565.7413554,72226792.9996038,250572772.7417516,5321032375.106984,0.0123456790123456,0.9876543209876544,0,0,0,Đạt,2026-06-14
2431,7,2,14,7,86,10,5,5,91,5321032375.106984,510666004.0728293,308180470.57535326,202485533.497476,5523517908.60446,0.0581395348837209,0.9418604651162792,0,0,0,Đạt,2026-06-14
2432,8,2,14,7,91,11,4,7,98,5523517908.60446,637032136.2487653,210682354.3051739,426349781.9435915,5949867690.548051,0.0439560439560439,0.956043956043956,0,0,0,Đạt,2026-06-14
2433,9,2,14,7,98,6,4,2,100,5949867690.548051,428666467.6204701,225578292.14005944,203088175.48041067,6152955866.028461,0.0408163265306122,0.9591836734693876,0,0,0,Đạt,2026-06-14
2434,10,2,14,7,100,5,4,1,101,6152955866.028461,252380631.48151812,242556317.333157,9824314.148361146,6162780180.176823,0.04,0.96,0,0,0,Đạt,2026-06-14
2435,11,2,14,7,101,6,5,1,102,6162780180.176823,313565328.51440275,291608206.53100467,21957121.98339808,6184737302.160221,0.0495049504950495,0.9504950495049505,0,0,0,Đạt,2026-06-14
2436,12,2,14,7,102,5,3,2,104,6184737302.160221,333441033.3796595,201572539.2731524,131868494.1065071,6316605796.266728,0.0294117647058823,0.9705882352941176,0,0,0,Đạt,2026-06-14
2437,1,2,15,1,28,3,2,1,29,603662217.7279487,73340272.40869497,50464831.7613071,22875440.64738787,626537658.3753365,0.0714285714285714,0.9285714285714286,0,0,0,Đạt,2026-06-14
2438,2,2,15,1,29,3,1,2,31,626537658.3753365,72337771.10899232,19161989.770174995,53175781.33881733,679713439.7141539,0.0344827586206896,0.9655172413793104,0,0,0,Đạt,2026-06-14
2439,3,2,15,1,31,1,0,1,32,679713439.7141539,20428259.89987501,0.0,20428259.89987501,700141699.6140289,0.0,1.0,0,0,0,Đạt,2026-06-14
2440,4,2,15,1,32,4,1,3,35,700141699.6140289,74265968.05883496,20624043.36320646,53641924.695628494,753783624.3096575,0.03125,0.96875,0,0,0,Đạt,2026-06-14
2441,5,2,15,1,35,3,1,2,37,753783624.3096575,67430583.30420168,18103575.8190413,49327007.48516038,803110631.7948178,0.0285714285714285,0.9714285714285714,0,0,0,Đạt,2026-06-14
2442,6,2,15,1,37,5,1,4,41,803110631.7948178,93638118.82342803,21137260.235621307,72500858.58780675,875611490.3826245,0.027027027027027,0.972972972972973,0,0,0,Đạt,2026-06-14
2443,7,2,15,1,41,1,2,-1,40,875611490.3826245,23684542.44186829,37039268.408162,-13354725.966293704,862256764.4163308,0.048780487804878,0.951219512195122,0,0,0,Đạt,2026-06-14
2444,8,2,15,1,40,3,1,2,42,862256764.4163308,61431934.56364878,24991688.44187507,36440246.12177371,898697010.5381045,0.025,0.975,0,0,0,Đạt,2026-06-14
2445,9,2,15,1,42,3,3,0,42,898697010.5381045,66382707.60838801,75833875.87099576,-9451168.262607751,889245842.2754967,0.0714285714285714,0.9285714285714286,0,0,0,Đạt,2026-06-14
2446,10,2,15,1,42,2,1,1,43,889245842.2754967,35614659.00393589,20797303.416794594,14817355.587141294,904063197.862638,0.0238095238095238,0.9761904761904762,0,0,0,Đạt,2026-06-14
2447,11,2,15,1,43,3,2,1,44,904063197.862638,67473609.7866276,38902305.36165135,28571304.42497626,932634502.2876142,0.0465116279069767,0.9534883720930232,0,0,0,Đạt,2026-06-14
2448,12,2,15,1,44,3,3,0,44,932634502.2876142,51990061.81163698,54007967.50963504,-2017905.6979980543,930616596.5896162,0.0681818181818181,0.931818181818182,0,0,0,Đạt,2026-06-14
2449,1,2,15,2,34,4,1,3,37,526140457.4728943,60439957.43867005,16328275.807750368,44111681.63091968,570252139.1038139,0.0294117647058823,0.9705882352941176,0,0,0,Đạt,2026-06-14
2450,2,2,15,2,37,0,2,-2,35,570252139.1038139,0.0,34551134.85480318,-34551134.85480318,535701004.2490107,0.054054054054054,0.945945945945946,0,0,0,Đạt,2026-06-14
2451,3,2,15,2,35,4,1,3,38,535701004.2490107,56614252.927550815,13588775.101991346,43025477.82555947,578726482.0745702,0.0285714285714285,0.9714285714285714,0,0,0,Đạt,2026-06-14
2452,4,2,15,2,38,1,1,0,38,578726482.0745702,17426063.773266256,13784033.03645514,3642030.7368111145,582368512.8113813,0.0263157894736842,0.9736842105263158,4,0,0,Cần kiểm tra,2026-06-14
2453,5,2,15,2,38,1,2,-1,37,582368512.8113813,17270908.568837337,33911277.2436341,-16640368.67479676,565728144.1365845,0.0526315789473684,0.9473684210526316,0,0,0,Đạt,2026-06-14
2454,6,2,15,2,37,5,2,3,40,565728144.1365845,85039811.09755991,26717345.119571496,58322465.97798842,624050610.114573,0.054054054054054,0.945945945945946,0,0,0,Đạt,2026-06-14
2455,7,2,15,2,40,1,3,-2,38,624050610.114573,13272284.747953938,52026615.04943902,-38754330.30148509,585296279.8130879,0.075,0.925,0,0,0,Đạt,2026-06-14
2456,8,2,15,2,38,2,2,0,38,585296279.8130879,36929900.339178495,28136871.766915824,8793028.57226267,594089308.3853506,0.0526315789473684,0.9473684210526316,0,0,0,Đạt,2026-06-14
2457,9,2,15,2,38,4,2,2,40,594089308.3853506,58130273.93768988,29128935.978631053,29001337.959058825,623090646.3444095,0.0526315789473684,0.9473684210526316,6,0,0,Cần kiểm tra,2026-06-14
2458,10,2,15,2,40,4,1,3,43,623090646.3444095,67634914.09140731,13036482.47786926,54598431.61353806,677689077.9579475,0.025,0.975,0,0,0,Đạt,2026-06-14
2459,11,2,15,2,43,5,1,4,47,677689077.9579475,76557223.7509206,17017120.05866429,59540103.6922563,737229181.6502038,0.0232558139534883,0.9767441860465116,0,0,0,Đạt,2026-06-14
2460,12,2,15,2,47,4,3,1,48,737229181.6502038,67116402.2709391,42922289.66795544,24194112.60298366,761423294.2531875,0.0638297872340425,0.9361702127659576,0,0,0,Đạt,2026-06-14
2461,1,2,15,3,28,1,0,1,29,1288296201.5453491,45011856.83924568,0.0,45011856.83924568,1333308058.384595,0.0,1.0,4,0,0,Cần kiểm tra,2026-06-14
2462,2,2,15,3,29,3,2,1,30,1333308058.384595,138968969.30234313,83376543.22465108,55592426.07769205,1388900484.462287,0.0689655172413793,0.9310344827586208,0,0,0,Đạt,2026-06-14
2463,3,2,15,3,30,2,1,1,31,1388900484.462287,108886411.04242754,40691720.86852105,68194690.17390649,1457095174.6361935,0.0333333333333333,0.9666666666666668,0,0,0,Đạt,2026-06-14
2464,4,2,15,3,31,3,1,2,33,1457095174.6361935,112145279.05952342,42352876.17823146,69792402.88129196,1526887577.5174854,0.032258064516129,0.967741935483871,0,0,0,Đạt,2026-06-14
2465,5,2,15,3,33,3,1,2,35,1526887577.5174854,118051817.45821863,42283210.70153619,75768606.75668246,1602656184.2741678,0.0303030303030303,0.9696969696969696,0,0,0,Đạt,2026-06-14
2466,6,2,15,3,35,4,1,3,38,1602656184.2741678,160800019.51044467,52392653.37571403,108407366.13473064,1711063550.4088984,0.0285714285714285,0.9714285714285714,0,0,0,Đạt,2026-06-14
2467,7,2,15,3,38,2,0,2,40,1711063550.4088984,99598877.6211555,0.0,99598877.6211555,1810662428.0300536,0.0,1.0,0,0,0,Đạt,2026-06-14
2468,8,2,15,3,40,0,2,-2,38,1810662428.0300536,0.0,74872983.33779117,-74872983.33779117,1735789444.6922626,0.05,0.95,0,0,0,Đạt,2026-06-14
2469,9,2,15,3,38,1,2,-1,37,1735789444.6922626,48806756.81945824,109597785.07490438,-60791028.25544614,1674998416.4368165,0.0526315789473684,0.9473684210526316,0,0,0,Đạt,2026-06-14
2470,10,2,15,3,37,2,1,1,38,1674998416.4368165,79980528.20393877,41182117.08168007,38798411.1222587,1713796827.559075,0.027027027027027,0.972972972972973,0,0,0,Đạt,2026-06-14
2471,11,2,15,3,38,1,1,0,38,1713796827.559075,48408972.39777587,37411415.21863517,10997557.17914071,1724794384.738216,0.0263157894736842,0.9736842105263158,0,0,0,Đạt,2026-06-14
2472,12,2,15,3,38,1,2,-1,37,1724794384.738216,52082501.48969055,83831586.61834356,-31749085.12865301,1693045299.6095629,0.0526315789473684,0.9473684210526316,0,0,0,Đạt,2026-06-14
2473,1,2,15,4,28,1,2,-1,27,895168697.5975565,34297973.835386254,63948005.657422654,-29650031.8220364,865518665.7755201,0.0714285714285714,0.9285714285714286,0,0,0,Đạt,2026-06-14
2474,2,2,15,4,27,3,2,1,28,865518665.7755201,100106502.25718154,64619384.87350897,35487117.38367257,901005783.1591928,0.074074074074074,0.925925925925926,0,0,0,Đạt,2026-06-14
2475,3,2,15,4,28,3,0,3,31,901005783.1591928,92871658.23855454,0.0,92871658.23855454,993877441.3977472,0.0,1.0,0,0,0,Đạt,2026-06-14
2476,4,2,15,4,31,3,3,0,31,993877441.3977472,101128965.69008107,103216740.6069066,-2087774.916825533,991789666.4809216,0.0967741935483871,0.9032258064516128,0,0,0,Đạt,2026-06-14
2477,5,2,15,4,31,4,1,3,34,991789666.4809216,136702768.65502635,28556358.340138283,108146410.31488806,1099936076.7958095,0.032258064516129,0.967741935483871,0,0,0,Đạt,2026-06-14
2478,6,2,15,4,34,0,2,-2,32,1099936076.7958095,0.0,60005554.59672172,-60005554.59672172,1039930522.199088,0.0588235294117647,0.9411764705882352,0,0,0,Đạt,2026-06-14
2479,7,2,15,4,32,4,1,3,35,1039930522.199088,152606262.11242345,38103324.45770588,114502937.65471756,1154433459.8538055,0.03125,0.96875,0,0,0,Đạt,2026-06-14
2480,8,2,15,4,35,2,2,0,35,1154433459.8538055,66967591.48631383,62838211.23692083,4129380.2493929937,1158562840.1031983,0.0571428571428571,0.9428571428571428,0,0,0,Đạt,2026-06-14
2481,9,2,15,4,35,4,2,2,37,1158562840.1031983,112125024.05118155,51628768.71188213,60496255.33929944,1219059095.442498,0.0571428571428571,0.9428571428571428,0,0,0,Đạt,2026-06-14
2482,10,2,15,4,37,5,2,3,40,1219059095.442498,172047073.31842178,70950480.27999048,101096593.0384313,1320155688.4809294,0.054054054054054,0.945945945945946,0,0,0,Đạt,2026-06-14
2483,11,2,15,4,40,5,0,5,45,1320155688.4809294,190993904.25212404,0.0,190993904.25212404,1511149592.7330534,0.0,1.0,0,0,0,Đạt,2026-06-14
2484,12,2,15,4,45,6,2,4,49,1511149592.7330534,187269690.41678828,66373937.853382505,120895752.56340578,1632045345.2964592,0.0444444444444444,0.9555555555555556,0,0,0,Đạt,2026-06-14
2485,1,2,15,5,33,2,2,0,33,1561247444.104492,87579166.20084693,81272431.01116012,6306735.189686805,1567554179.2941787,0.0606060606060606,0.9393939393939394,0,0,0,Đạt,2026-06-14
2486,2,2,15,5,33,2,2,0,33,1567554179.2941787,76202896.32132554,87152107.41876176,-10949211.09743622,1556604968.1967423,0.0606060606060606,0.9393939393939394,0,0,0,Đạt,2026-06-14
2487,3,2,15,5,33,2,3,-1,32,1556604968.1967423,109673809.20683788,137188671.49176893,-27514862.28493105,1529090105.9118116,0.0909090909090909,0.9090909090909092,0,0,0,Đạt,2026-06-14
2488,4,2,15,5,32,3,1,2,34,1529090105.9118116,148357846.82635576,48054342.70581694,100303504.12053882,1629393610.0323503,0.03125,0.96875,0,0,0,Đạt,2026-06-14
2489,5,2,15,5,34,0,2,-2,32,1629393610.0323503,0.0,93851054.52149394,-93851054.52149394,1535542555.5108564,0.0588235294117647,0.9411764705882352,0,0,0,Đạt,2026-06-14
2490,6,2,15,5,32,2,0,2,34,1535542555.5108564,95650018.9100744,0.0,95650018.9100744,1631192574.4209309,0.0,1.0,0,0,0,Đạt,2026-06-14
2491,7,2,15,5,34,1,2,-1,33,1631192574.4209309,50343583.45772751,109186131.40053467,-58842547.94280717,1572350026.4781237,0.0588235294117647,0.9411764705882352,0,0,0,Đạt,2026-06-14
2492,8,2,15,5,33,2,3,-1,32,1572350026.4781237,101398604.1127505,149530414.17832226,-48131810.06557176,1524218216.412552,0.0909090909090909,0.9090909090909092,0,0,0,Đạt,2026-06-14
2493,9,2,15,5,32,3,1,2,34,1524218216.412552,147503045.54418612,42760222.59052736,104742822.95365876,1628961039.3662107,0.03125,0.96875,0,0,0,Đạt,2026-06-14
2494,10,2,15,5,34,4,0,4,38,1628961039.3662107,221349206.1769285,0.0,221349206.1769285,1850310245.5431392,0.0,1.0,0,0,0,Đạt,2026-06-14
2495,11,2,15,5,38,4,1,3,41,1850310245.5431392,211980039.3257523,46558302.86034898,165421736.46540332,2015731982.0085423,0.0263157894736842,0.9736842105263158,0,0,0,Đạt,2026-06-14
2496,12,2,15,5,41,1,2,-1,40,2015731982.0085423,47283545.801343806,80805548.30981474,-33522002.50847093,1982209979.5000715,0.048780487804878,0.951219512195122,0,0,0,Đạt,2026-06-14
2497,1,2,15,6,24,2,0,2,26,1933004275.414892,154604959.89746463,0.0,154604959.89746463,2087609235.312357,0.0,1.0,0,0,0,Đạt,2026-06-14
2498,2,2,15,6,26,3,1,2,28,2087609235.312357,285867901.23029107,81080577.65088898,204787323.5794021,2292396558.891759,0.0384615384615384,0.9615384615384616,0,0,0,Đạt,2026-06-14
2499,3,2,15,6,28,0,2,-2,26,2292396558.891759,0.0,176733641.39107788,-176733641.39107788,2115662917.500681,0.0714285714285714,0.9285714285714286,0,0,0,Đạt,2026-06-14
2500,4,2,15,6,26,2,2,0,26,2115662917.500681,145082864.53855208,131427845.97380716,13655018.564744905,2129317936.0654256,0.0769230769230769,0.9230769230769232,0,0,0,Đạt,2026-06-14
2501,5,2,15,6,26,2,1,1,27,2129317936.0654256,175142622.77636796,77754092.41427979,97388530.36208816,2226706466.427514,0.0384615384615384,0.9615384615384616,0,0,0,Đạt,2026-06-14
2502,6,2,15,6,27,2,1,1,28,2226706466.427514,165709196.46466455,81109377.32645054,84599819.138214,2311306285.565728,0.037037037037037,0.962962962962963,0,0,0,Đạt,2026-06-14
2503,7,2,15,6,28,0,1,-1,27,2311306285.565728,0.0,80785586.928336,-80785586.928336,2230520698.637392,0.0357142857142857,0.9642857142857144,0,0,0,Đạt,2026-06-14
2504,8,2,15,6,27,0,2,-2,25,2230520698.637392,0.0,178740536.40770134,-178740536.40770134,2051780162.2296908,0.074074074074074,0.925925925925926,0,0,0,Đạt,2026-06-14
2505,9,2,15,6,25,3,1,2,27,2051780162.2296908,285071880.31960154,65990294.21033626,219081586.10926527,2270861748.338956,0.04,0.96,0,0,0,Đạt,2026-06-14
2506,10,2,15,6,27,0,1,-1,26,2270861748.338956,0.0,94227921.5503034,-94227921.5503034,2176633826.7886524,0.037037037037037,0.962962962962963,0,0,0,Đạt,2026-06-14
2507,11,2,15,6,26,3,0,3,29,2176633826.7886524,216410395.55576423,0.0,216410395.55576423,2393044222.3444166,0.0,1.0,0,0,0,Đạt,2026-06-14
2508,12,2,15,6,29,0,1,-1,28,2393044222.3444166,0.0,82574144.64105183,-82574144.64105183,2310470077.703365,0.0344827586206896,0.9655172413793104,0,0,0,Đạt,2026-06-14
2509,1,2,15,7,26,0,2,-2,24,2334910906.5413404,0.0,215528293.51143312,-215528293.51143312,2119382613.0299072,0.0769230769230769,0.9230769230769232,0,0,0,Đạt,2026-06-14
2510,2,2,15,7,24,0,0,0,24,2119382613.0299072,0.0,0.0,0.0,2119382613.0299072,0.0,1.0,0,0,0,Đạt,2026-06-14
2511,3,2,15,7,24,0,0,0,24,2119382613.0299072,0.0,0.0,0.0,2119382613.0299072,0.0,1.0,0,0,0,Đạt,2026-06-14
2512,4,2,15,7,24,2,1,1,25,2119382613.0299072,210023263.9688683,77746564.27510794,132276699.69376037,2251659312.723668,0.0416666666666666,0.9583333333333334,0,0,0,Đạt,2026-06-14
2513,5,2,15,7,25,0,1,-1,24,2251659312.723668,0.0,92925376.23348682,-92925376.23348682,2158733936.490181,0.04,0.96,0,0,0,Đạt,2026-06-14
2514,6,2,15,7,24,2,1,1,25,2158733936.490181,206362972.00170773,78571923.70454484,127791048.29716288,2286524984.787344,0.0416666666666666,0.9583333333333334,0,0,0,Đạt,2026-06-14
2515,7,2,15,7,25,2,2,0,25,2286524984.787344,176456472.68840215,210940820.0591468,-34484347.370744646,2252040637.4165998,0.08,0.92,0,0,0,Đạt,2026-06-14
2516,8,2,15,7,25,1,1,0,25,2252040637.4165998,74999929.61624855,75027339.88799602,-27410.271747469906,2252013227.144852,0.04,0.96,0,0,0,Đạt,2026-06-14
2517,9,2,15,7,25,0,1,-1,24,2252013227.144852,0.0,101451189.72588784,-101451189.72588784,2150562037.418964,0.04,0.96,0,0,0,Đạt,2026-06-14
2518,10,2,15,7,24,2,0,2,26,2150562037.418964,154360194.31384802,0.0,154360194.31384802,2304922231.732812,0.0,1.0,0,0,0,Đạt,2026-06-14
2519,11,2,15,7,26,3,0,3,29,2304922231.732812,243944806.9558251,0.0,243944806.9558251,2548867038.688637,0.0,1.0,0,0,0,Đạt,2026-06-14
2520,12,2,15,7,29,0,0,0,29,2548867038.688637,0.0,0.0,0.0,2548867038.688637,0.0,1.0,0,0,0,Đạt,2026-06-14
2521,1,3,1,1,1526,180,20,160,1686,4714713644.519588,514038348.49143296,53245421.552204005,460792926.93922895,5175506571.4588175,0.0131061598951507,0.9868938401048492,0,0,0,Đạt,2026-06-14
2522,2,3,1,1,1686,145,55,90,1776,5175506571.4588175,422399317.4899548,172059792.81594354,250339524.67401123,5425846096.132829,0.0326215895610913,0.9673784104389088,0,0,0,Đạt,2026-06-14
2523,3,3,1,1,1776,110,102,8,1784,5425846096.132829,318850423.44592285,295298721.0073692,23551702.43855363,5449397798.571383,0.0574324324324324,0.9425675675675677,0,0,0,Đạt,2026-06-14
2524,4,3,1,1,1784,67,101,-34,1750,5449397798.571383,213220216.2708279,284635276.7452336,-71415060.4744057,5377982738.096977,0.0566143497757847,0.9433856502242152,0,0,0,Đạt,2026-06-14
2525,5,3,1,1,1750,150,54,96,1846,5377982738.096977,432034580.6947287,177353141.45573846,254681439.23899025,5632664177.335967,0.0308571428571428,0.9691428571428572,0,0,0,Đạt,2026-06-14
2526,6,3,1,1,1846,217,93,124,1970,5632664177.335967,584662329.4255128,236623423.4041164,348038906.0213964,5980703083.357364,0.0503791982665222,0.9496208017334776,0,0,0,Đạt,2026-06-14
2527,7,3,1,1,1970,240,85,155,2125,5980703083.357364,601570835.1774507,251762727.77756155,349808107.3998891,6330511190.757253,0.0431472081218274,0.9568527918781726,0,0,0,Đạt,2026-06-14
2528,8,3,1,1,2125,271,71,200,2325,6330511190.757253,923958401.7058429,261470958.2282857,662487443.4775571,6992998634.23481,0.0334117647058823,0.9665882352941176,0,0,0,Đạt,2026-06-14
2529,9,3,1,1,2325,286,53,233,2558,6992998634.23481,857397053.2013402,131935856.94763324,725461196.2537069,7718459830.488517,0.0227956989247311,0.9772043010752688,0,0,0,Đạt,2026-06-14
2530,10,3,1,1,2558,58,127,-69,2489,7718459830.488517,184170142.39719415,322894698.3939284,-138724555.99673423,7579735274.491782,0.0496481626270523,0.9503518373729476,0,0,0,Đạt,2026-06-14
2531,11,3,1,1,2489,180,37,143,2632,7579735274.491782,491743521.47710073,130345284.98524818,361398236.4918525,7941133510.983635,0.0148654077942948,0.9851345922057052,0,0,0,Đạt,2026-06-14
2532,12,3,1,1,2632,192,79,113,2745,7941133510.983635,636445054.5032008,265422685.22800192,371022369.2751988,8312155880.258834,0.030015197568389,0.9699848024316108,0,0,0,Đạt,2026-06-14
2533,1,3,1,2,1811,107,155,-48,1763,6596645646.467844,404293319.8845244,645145800.1710716,-240852480.2865473,6355793166.181296,0.0855880728879072,0.9144119271120928,0,0,0,Đạt,2026-06-14
2534,2,3,1,2,1763,165,136,29,1792,6355793166.181296,536600073.4311291,398629712.1870815,137970361.24404764,6493763527.425344,0.0771412365286443,0.9228587634713556,0,0,0,Đạt,2026-06-14
2535,3,3,1,2,1792,83,53,30,1822,6493763527.425344,258854377.72657007,175360538.43822435,83493839.28834572,6577257366.71369,0.0295758928571428,0.9704241071428572,0,0,0,Đạt,2026-06-14
2536,4,3,1,2,1822,116,25,91,1913,6577257366.71369,402616419.6345322,81927188.21293297,320689231.42159927,6897946598.135289,0.0137211855104281,0.986278814489572,0,0,0,Đạt,2026-06-14
2537,5,3,1,2,1913,83,149,-66,1847,6897946598.135289,336628885.9102019,585356356.2872938,-248727470.37709188,6649219127.758198,0.0778881338212232,0.9221118661787768,0,0,0,Đạt,2026-06-14
2538,6,3,1,2,1847,205,157,48,1895,6649219127.758198,666961155.507831,531112085.1469216,135849070.3609094,6785068198.119107,0.0850027070925825,0.9149972929074176,0,0,0,Đạt,2026-06-14
2539,7,3,1,2,1895,22,31,-9,1886,6785068198.119107,95610280.8310537,118379307.73242104,-22769026.90136732,6762299171.21774,0.0163588390501319,0.983641160949868,0,0,0,Đạt,2026-06-14
2540,8,3,1,2,1886,235,183,52,1938,6762299171.21774,755264369.2904795,560208652.9630235,195055716.327456,6957354887.545197,0.0970307529162248,0.9029692470837752,9,0,0,Cần kiểm tra,2026-06-14
2541,9,3,1,2,1938,116,168,-52,1886,6957354887.545197,470430890.0957258,661457720.7164179,-191026830.62069213,6766328056.924504,0.0866873065015479,0.913312693498452,0,0,0,Đạt,2026-06-14
2542,10,3,1,2,1886,223,153,70,1956,6766328056.924504,897996591.5184348,630907215.1248345,267089376.39360023,7033417433.318105,0.0811240721102863,0.9188759278897136,0,0,0,Đạt,2026-06-14
2543,11,3,1,2,1956,198,110,88,2044,7033417433.318105,719033520.4878501,391083701.3883785,327949819.0994716,7361367252.417576,0.0562372188139059,0.943762781186094,0,0,0,Đạt,2026-06-14
2544,12,3,1,2,2044,142,163,-21,2023,7361367252.417576,557922317.1367466,494665935.4765528,63256381.6601938,7424623634.077769,0.0797455968688845,0.9202544031311156,0,0,0,Đạt,2026-06-14
2545,1,3,1,3,1438,203,124,79,1517,5413694836.621502,778209444.4895341,483310064.72790647,294899379.7616277,5708594216.383129,0.086230876216968,0.913769123783032,10,0,0,Cần kiểm tra,2026-06-14
2546,2,3,1,3,1517,150,52,98,1615,5708594216.383129,556226732.013432,156947300.32934773,399279431.6840843,6107873648.067213,0.034278180619644,0.965721819380356,0,0,0,Đạt,2026-06-14
2547,3,3,1,3,1615,171,110,61,1676,6107873648.067213,733679831.1001117,490840381.2174511,242839449.88266063,6350713097.949874,0.0681114551083591,0.9318885448916407,0,0,0,Đạt,2026-06-14
2548,4,3,1,3,1676,114,91,23,1699,6350713097.949874,348732981.4803734,336084535.66976887,12648445.810604513,6363361543.760478,0.0542959427207637,0.9457040572792362,0,0,0,Đạt,2026-06-14
2549,5,3,1,3,1699,246,34,212,1911,6363361543.760478,1091719643.0193577,149728582.1876919,941991060.8316658,7305352604.592144,0.0200117716303708,0.9799882283696292,0,0,0,Đạt,2026-06-14
2550,6,3,1,3,1911,165,113,52,1963,7305352604.592144,554951590.4246548,510353220.0396394,44598370.38501543,7349950974.977159,0.0591313448456305,0.9408686551543696,0,0,0,Đạt,2026-06-14
2551,7,3,1,3,1963,247,26,221,2184,7349950974.977159,1010684838.6070868,81155630.7168711,929529207.8902158,8279480182.867375,0.0132450331125827,0.9867549668874172,0,0,0,Đạt,2026-06-14
2552,8,3,1,3,2184,253,180,73,2257,8279480182.867375,892988958.4195384,764691686.1028725,128297272.31666587,8407777455.184041,0.0824175824175824,0.9175824175824177,0,0,0,Đạt,2026-06-14
2553,9,3,1,3,2257,153,37,116,2373,8407777455.184041,554657455.7356713,160663686.31525186,393993769.42041945,8801771224.60446,0.0163934426229508,0.9836065573770492,0,0,0,Đạt,2026-06-14
2554,10,3,1,3,2373,102,109,-7,2366,8801771224.60446,456733402.8780693,436707056.15216655,20026346.7259028,8821797571.330362,0.0459334176148335,0.9540665823851664,0,0,0,Đạt,2026-06-14
2555,11,3,1,3,2366,259,34,225,2591,8821797571.330362,1116860233.2672822,151909032.74013403,964951200.5271482,9786748771.85751,0.0143702451394759,0.985629754860524,0,0,0,Đạt,2026-06-14
2556,12,3,1,3,2591,70,106,-36,2555,9786748771.85751,255951644.25472096,463061421.5534909,-207109777.29877,9579638994.55874,0.0409108452335005,0.9590891547664996,0,0,0,Đạt,2026-06-14
2557,1,3,1,4,1621,43,114,-71,1550,3457741351.6487403,96904468.37195916,211791386.0978824,-114886917.7259232,3342854433.922817,0.0703269586674892,0.9296730413325108,0,0,0,Đạt,2026-06-14
2558,2,3,1,4,1550,125,113,12,1562,3342854433.922817,263568791.06093165,273975311.73963106,-10406520.678699404,3332447913.2441177,0.0729032258064516,0.9270967741935484,0,0,0,Đạt,2026-06-14
2559,3,3,1,4,1562,38,26,12,1574,3332447913.2441177,95273620.70281468,46293910.49423157,48979710.20858309,3381427623.4527006,0.0166453265044814,0.9833546734955184,0,0,0,Đạt,2026-06-14
2560,4,3,1,4,1574,101,77,24,1598,3381427623.4527006,206447616.8416644,146980170.28929397,59467446.5523704,3440895070.005071,0.0489199491740787,0.9510800508259212,0,0,0,Đạt,2026-06-14
2561,5,3,1,4,1598,207,99,108,1706,3440895070.005071,413137611.51744455,215337545.6055576,197800065.911887,3638695135.9169583,0.0619524405506883,0.9380475594493116,0,0,0,Đạt,2026-06-14
2562,6,3,1,4,1706,123,87,36,1742,3638695135.9169583,271001253.4665416,174013352.89280808,96987900.57373352,3735683036.490692,0.0509964830011723,0.9490035169988276,0,0,0,Đạt,2026-06-14
2563,7,3,1,4,1742,115,72,43,1785,3735683036.490692,280155340.5632881,177509673.4927279,102645667.07056025,3838328703.561252,0.0413318025258323,0.9586681974741676,0,0,0,Đạt,2026-06-14
2564,8,3,1,4,1785,207,151,56,1841,3838328703.561252,367048358.8341876,265344551.3016081,101703807.53257948,3940032511.093832,0.084593837535014,0.915406162464986,0,0,0,Đạt,2026-06-14
2565,9,3,1,4,1841,58,33,25,1866,3940032511.093832,147526675.8417629,69826742.72010134,77699933.12166156,4017732444.215493,0.0179250407387289,0.9820749592612712,0,0,0,Đạt,2026-06-14
2566,10,3,1,4,1866,274,30,244,2110,4017732444.215493,650648141.3908554,62565616.54732679,588082524.8435286,4605814969.059022,0.0160771704180064,0.9839228295819936,5,6,0,Cần kiểm tra,2026-06-14
2567,11,3,1,4,2110,61,153,-92,2018,4605814969.059022,132359024.07081144,311425858.08738,-179066834.01656854,4426748135.042454,0.0725118483412322,0.9274881516587676,7,0,0,Cần kiểm tra,2026-06-14
2568,12,3,1,4,2018,193,41,152,2170,4426748135.042454,367233491.0944181,97205918.95050108,270027572.143917,4696775707.186371,0.0203171456888007,0.9796828543111992,0,0,0,Đạt,2026-06-14
2569,1,3,1,5,1952,215,193,22,1974,5673981824.268194,552636143.7198541,646751982.0902811,-94115838.370427,5579865985.897767,0.0988729508196721,0.9011270491803278,0,0,0,Đạt,2026-06-14
2570,2,3,1,5,1974,213,162,51,2025,5579865985.897767,539993738.8156898,499269105.6997383,40724633.11595154,5620590619.013719,0.0820668693009118,0.917933130699088,0,0,0,Đạt,2026-06-14
2571,3,3,1,5,2025,214,112,102,2127,5620590619.013719,684222979.8548276,314727292.7769706,369495687.077857,5990086306.091576,0.0553086419753086,0.9446913580246914,0,0,0,Đạt,2026-06-14
2572,4,3,1,5,2127,163,106,57,2184,5990086306.091576,404432449.7573424,294131229.0083812,110301220.7489612,6100387526.840537,0.0498354489891866,0.9501645510108132,0,0,0,Đạt,2026-06-14
2573,5,3,1,5,2184,287,147,140,2324,6100387526.840537,850349996.1871058,363273040.9674598,487076955.219646,6587464482.060183,0.0673076923076923,0.9326923076923076,0,0,0,Đạt,2026-06-14
2574,6,3,1,5,2324,199,208,-9,2315,6587464482.060183,494941666.5884787,658480354.1458863,-163538687.55740762,6423925794.502775,0.0895008605851979,0.910499139414802,0,0,0,Đạt,2026-06-14
2575,7,3,1,5,2315,149,196,-47,2268,6423925794.502775,421172607.563487,623968728.8870295,-202796121.3235425,6221129673.179233,0.0846652267818574,0.9153347732181424,0,0,0,Đạt,2026-06-14
2576,8,3,1,5,2268,116,27,89,2357,6221129673.179233,271614972.457141,80661620.80503999,190953351.65210095,6412083024.831333,0.0119047619047619,0.988095238095238,0,0,0,Đạt,2026-06-14
2577,9,3,1,5,2357,228,213,15,2372,6412083024.831333,537656350.864422,678253717.295452,-140597366.43103004,6271485658.400303,0.0903691132795927,0.9096308867204072,0,0,0,Đạt,2026-06-14
2578,10,3,1,5,2372,184,176,8,2380,6271485658.400303,582568984.128521,596253011.5136416,-13684027.38512063,6257801631.015183,0.0741989881956155,0.9258010118043845,0,0,0,Đạt,2026-06-14
2579,11,3,1,5,2380,207,122,85,2465,6257801631.015183,600895832.2061127,319207493.0733418,281688339.13277096,6539489970.147953,0.0512605042016806,0.9487394957983192,0,0,0,Đạt,2026-06-14
2580,12,3,1,5,2465,25,116,-91,2374,6539489970.147953,66454224.92976359,275246580.05173874,-208792355.12197515,6330697615.025978,0.0470588235294117,0.9529411764705882,0,0,0,Đạt,2026-06-14
2581,1,3,1,6,1945,112,51,61,2006,3265910962.88965,199848300.9674465,82007998.19872598,117840302.76872057,3383751265.6583705,0.0262210796915167,0.9737789203084832,0,0,0,Đạt,2026-06-14
2582,2,3,1,6,2006,156,51,105,2111,3383751265.6583705,213267318.6683832,90949438.85971151,122317879.80867164,3506069145.467042,0.0254237288135593,0.9745762711864406,0,0,0,Đạt,2026-06-14
2583,3,3,1,6,2111,253,164,89,2200,3506069145.467042,391790870.11448216,229277389.71948168,162513480.3950005,3668582625.8620415,0.0776882993841781,0.922311700615822,0,0,0,Đạt,2026-06-14
2584,4,3,1,6,2200,169,212,-43,2157,3668582625.8620415,288246844.9257877,383767585.0047625,-95520740.07897484,3573061885.783068,0.0963636363636363,0.9036363636363636,0,0,0,Đạt,2026-06-14
2585,5,3,1,6,2157,273,105,168,2325,3573061885.783068,417531434.27715015,207120697.8451525,210410736.4319977,3783472622.2150655,0.0486787204450625,0.9513212795549374,0,0,0,Đạt,2026-06-14
2586,6,3,1,6,2325,238,184,54,2379,3783472622.2150655,435357911.3235256,268960556.12700474,166397355.19652086,3949869977.411586,0.0791397849462365,0.9208602150537636,0,0,0,Đạt,2026-06-14
2587,7,3,1,6,2379,336,110,226,2605,3949869977.411586,505199803.2493701,214851894.6952528,290347908.55411726,4240217885.965704,0.0462379150903741,0.953762084909626,0,0,0,Đạt,2026-06-14
2588,8,3,1,6,2605,34,210,-176,2429,4240217885.965704,67694957.19886653,421301167.4900808,-353606210.2912143,3886611675.674489,0.0806142034548944,0.9193857965451055,0,0,0,Đạt,2026-06-14
2589,9,3,1,6,2429,100,141,-41,2388,3886611675.674489,155829465.96327406,263946554.5556056,-108117088.59233156,3778494587.0821576,0.0580485796624125,0.9419514203375876,0,0,0,Đạt,2026-06-14
2590,10,3,1,6,2388,228,51,177,2565,3778494587.0821576,412862758.50175846,68607478.6437467,344255279.8580117,4122749866.940169,0.0213567839195979,0.978643216080402,0,0,0,Đạt,2026-06-14
2591,11,3,1,6,2565,120,203,-83,2482,4122749866.940169,233656226.95917156,405916333.403988,-172260106.44481647,3950489760.4953527,0.0791423001949317,0.9208576998050684,0,0,0,Đạt,2026-06-14
2592,12,3,1,6,2482,173,216,-43,2439,3950489760.4953527,279176587.4297357,299198711.5682788,-20022124.13854301,3930467636.3568096,0.0870265914585012,0.9129734085414988,0,0,0,Đạt,2026-06-14
2593,1,3,1,7,1476,54,46,8,1484,1670889877.5764673,60547025.68650168,46290820.56503696,14256205.121464722,1685146082.697932,0.0311653116531165,0.9688346883468836,7,0,2,Cần kiểm tra,2026-06-14
2594,2,3,1,7,1484,72,122,-50,1434,1685146082.697932,93184910.2967592,150151087.0934353,-56966176.79667608,1628179905.9012558,0.082210242587601,0.9177897574123988,0,0,0,Đạt,2026-06-14
2595,3,3,1,7,1434,89,138,-49,1385,1628179905.9012558,91799752.29241893,148147962.47462356,-56348210.18220465,1571831695.7190511,0.0962343096234309,0.9037656903765692,0,0,0,Đạt,2026-06-14
2596,4,3,1,7,1385,112,49,63,1448,1571831695.7190511,140890602.92101866,50843310.919812754,90047292.0012059,1661878987.720257,0.0353790613718411,0.9646209386281588,0,0,0,Đạt,2026-06-14
2597,5,3,1,7,1448,158,15,143,1591,1661878987.720257,212432987.19670165,17684255.176140513,194748732.02056116,1856627719.7408185,0.0103591160220994,0.9896408839779004,0,0,0,Đạt,2026-06-14
2598,6,3,1,7,1591,87,110,-23,1568,1856627719.7408185,115472349.41639207,117850881.42104945,-2378532.004657358,1854249187.736161,0.0691389063482086,0.9308610936517914,0,0,0,Đạt,2026-06-14
2599,7,3,1,7,1568,138,48,90,1658,1854249187.736161,177436085.3631308,46247922.99606499,131188162.36706582,1985437350.103227,0.0306122448979591,0.9693877551020408,0,0,0,Đạt,2026-06-14
2600,8,3,1,7,1658,198,161,37,1695,1985437350.103227,206153118.23142207,177811211.6283374,28341906.603084654,2013779256.7063117,0.0971049457177322,0.9028950542822678,0,0,0,Đạt,2026-06-14
2601,9,3,1,7,1695,123,94,29,1724,2013779256.7063117,112928717.4709347,87068170.04898858,25860547.421946123,2039639804.1282573,0.055457227138643,0.9445427728613568,0,0,0,Đạt,2026-06-14
2602,10,3,1,7,1724,157,51,106,1830,2039639804.1282573,179159668.50390348,46805790.25320031,132353878.25070316,2171993682.3789606,0.0295823665893271,0.9704176334106728,0,0,0,Đạt,2026-06-14
2603,11,3,1,7,1830,118,127,-9,1821,2171993682.3789606,152133971.5625369,118787392.36198264,33346579.20055425,2205340261.579515,0.0693989071038251,0.9306010928961748,0,0,0,Đạt,2026-06-14
2604,12,3,1,7,1821,236,156,80,1901,2205340261.579515,314138231.0251433,208233168.4593646,105905062.56577872,2311245324.1452937,0.085667215815486,0.914332784184514,0,0,0,Đạt,2026-06-14
2605,1,3,2,1,1157,77,27,50,1207,5307417066.830436,335753319.1076967,146561995.48419932,189191323.6234974,5496608390.453933,0.0233362143474503,0.9766637856525496,0,0,0,Đạt,2026-06-14
2606,2,3,2,1,1207,91,71,20,1227,5496608390.453933,384287247.4004592,309958759.39397764,74328488.00648153,5570936878.460414,0.0588235294117647,0.9411764705882352,0,0,0,Đạt,2026-06-14
2607,3,3,2,1,1227,18,66,-48,1179,5570936878.460414,82125265.58931898,358617817.4683789,-276492551.8790599,5294444326.581354,0.0537897310513447,0.9462102689486552,1,5,0,Cần kiểm tra,2026-06-14
2608,4,3,2,1,1179,139,76,63,1242,5294444326.581354,684012019.1117364,410542700.7032282,273469318.40850824,5567913644.989862,0.0644614079728583,0.9355385920271416,0,0,0,Đạt,2026-06-14
2609,5,3,2,1,1242,148,109,39,1281,5567913644.989862,719511054.975758,424297711.4745804,295213343.5011776,5863126988.49104,0.0877616747181964,0.9122383252818036,0,0,0,Đạt,2026-06-14
2610,6,3,2,1,1281,101,73,28,1309,5863126988.49104,490783875.1921876,313250248.099174,177533627.09301358,6040660615.584054,0.0569867291178766,0.9430132708821234,0,0,0,Đạt,2026-06-14
2611,7,3,2,1,1309,19,110,-91,1218,6040660615.584054,90002778.45031963,501545334.6334978,-411542556.1831781,5629118059.400876,0.0840336134453781,0.9159663865546218,0,0,0,Đạt,2026-06-14
2612,8,3,2,1,1218,50,51,-1,1217,5629118059.400876,257347928.65485737,209429430.13287976,47918498.5219776,5677036557.922853,0.041871921182266,0.958128078817734,0,0,0,Đạt,2026-06-14
2613,9,3,2,1,1217,108,98,10,1227,5677036557.922853,503159870.05360615,419817616.4428728,83342253.61073333,5760378811.5335865,0.0805258833196384,0.9194741166803616,0,0,0,Đạt,2026-06-14
2614,10,3,2,1,1227,79,119,-40,1187,5760378811.5335865,329370757.2068576,617012527.5992134,-287641770.39235574,5472737041.141231,0.0969845150774246,0.9030154849225752,0,0,0,Đạt,2026-06-14
2615,11,3,2,1,1187,32,79,-47,1140,5472737041.141231,164391138.00460565,370701794.8050112,-206310656.8004055,5266426384.340825,0.0665543386689132,0.9334456613310868,0,0,0,Đạt,2026-06-14
2616,12,3,2,1,1140,126,83,43,1183,5266426384.340825,626352784.8168558,313870738.3105379,312482046.5063179,5578908430.847143,0.0728070175438596,0.9271929824561403,0,0,0,Đạt,2026-06-14
2617,1,3,2,2,1526,227,41,186,1712,3514968423.541717,489065220.1373327,96502943.8845215,392562276.2528112,3907530699.794529,0.0268676277850589,0.973132372214941,0,0,0,Đạt,2026-06-14
2618,2,3,2,2,1712,139,69,70,1782,3907530699.794529,269203698.4452337,167139700.18013158,102063998.26510212,4009594698.059631,0.040303738317757,0.959696261682243,0,0,0,Đạt,2026-06-14
2619,3,3,2,2,1782,117,177,-60,1722,4009594698.059631,298931455.5873567,442961974.6898565,-144030519.10249984,3865564178.957131,0.0993265993265993,0.9006734006734006,0,0,0,Đạt,2026-06-14
2620,4,3,2,2,1722,163,88,75,1797,3865564178.957131,326637289.6212401,199066516.64853385,127570772.97270624,3993134951.929837,0.0511033681765389,0.9488966318234612,0,0,0,Đạt,2026-06-14
2621,5,3,2,2,1797,157,102,55,1852,3993134951.929837,344614156.0164377,275010890.56631225,69603265.45012546,4062738217.379963,0.0567612687813021,0.9432387312186978,0,0,0,Đạt,2026-06-14
2622,6,3,2,2,1852,236,75,161,2013,4062738217.379963,489250630.5342316,186244459.2968001,303006171.23743147,4365744388.617394,0.0404967602591792,0.9595032397408207,0,0,0,Đạt,2026-06-14
2623,7,3,2,2,2013,98,150,-52,1961,4365744388.617394,195992240.29553053,394909819.5103769,-198917579.21484637,4166826809.402548,0.07451564828614,0.92548435171386,0,0,0,Đạt,2026-06-14
2624,8,3,2,2,1961,178,80,98,2059,4166826809.402548,460920937.4217738,175005593.75468144,285915343.6670923,4452742153.069641,0.0407955124936257,0.9592044875063744,0,0,0,Đạt,2026-06-14
2625,9,3,2,2,2059,183,45,138,2197,4452742153.069641,355896526.2768771,107430151.2000811,248466375.076796,4701208528.146437,0.0218552695483244,0.9781447304516756,0,0,0,Đạt,2026-06-14
2626,10,3,2,2,2197,268,168,100,2297,4701208528.146437,713800921.4343485,388650219.99252737,325150701.4418211,5026359229.588258,0.0764679107874374,0.9235320892125626,0,0,0,Đạt,2026-06-14
2627,11,3,2,2,2297,44,142,-98,2199,5026359229.588258,91364288.35677058,288538493.5269261,-197174205.17015556,4829185024.418102,0.0618197649107531,0.9381802350892468,0,0,0,Đạt,2026-06-14
2628,12,3,2,2,2199,242,31,211,2410,4829185024.418102,610691927.5465244,71840123.42512251,538851804.1214019,5368036828.539504,0.0140973169622555,0.9859026830377444,0,0,0,Đạt,2026-06-14
2629,1,3,2,3,1920,130,140,-10,1910,3634712702.276257,285796782.7083301,277994762.69043684,7802020.017893314,3642514722.2941504,0.0729166666666666,0.9270833333333334,2,6,0,Cần kiểm tra,2026-06-14
2630,2,3,2,3,1910,21,102,-81,1829,3642514722.2941504,35309769.53151205,221593281.143506,-186283511.611994,3456231210.6821566,0.0534031413612565,0.9465968586387434,0,0,0,Đạt,2026-06-14
2631,3,3,2,3,1829,148,148,0,1829,3456231210.6821566,242561711.7143736,252518060.6549123,-9956348.940538734,3446274861.7416177,0.0809185347184253,0.9190814652815746,8,2,0,Cần kiểm tra,2026-06-14
2632,4,3,2,3,1829,221,88,133,1962,3446274861.7416177,363144563.1818886,144254521.248762,218890041.93312657,3665164903.674744,0.0481137233460907,0.9518862766539092,0,0,0,Đạt,2026-06-14
2633,5,3,2,3,1962,113,50,63,2025,3665164903.674744,243958111.37207368,111599916.4136668,132358194.95840688,3797523098.633151,0.0254841997961264,0.9745158002038736,0,0,0,Đạt,2026-06-14
2634,6,3,2,3,2025,209,151,58,2083,3797523098.633151,367413451.8094273,285956723.3648288,81456728.44459856,3878979827.0777497,0.0745679012345679,0.925432098765432,0,0,0,Đạt,2026-06-14
2635,7,3,2,3,2083,241,82,159,2242,3878979827.0777497,439374376.747831,132238449.5877691,307135927.1600619,4186115754.237812,0.0393662986077772,0.9606337013922228,0,0,0,Đạt,2026-06-14
2636,8,3,2,3,2242,64,55,9,2251,4186115754.237812,117666171.03072454,119607370.87011796,-1941199.839393422,4184174554.398418,0.0245316681534344,0.9754683318465656,0,0,0,Đạt,2026-06-14
2637,9,3,2,3,2251,304,26,278,2529,4184174554.398418,475551351.83445615,50971304.49062075,424580047.3438354,4608754601.742253,0.0115504220346512,0.9884495779653488,0,0,0,Đạt,2026-06-14
2638,10,3,2,3,2529,213,210,3,2532,4608754601.742253,357243296.81928223,329001804.7081668,28241492.111115456,4636996093.853369,0.0830367734282325,0.9169632265717677,0,0,0,Đạt,2026-06-14
2639,11,3,2,3,2532,149,151,-2,2530,4636996093.853369,319002627.2869651,292183636.004897,26818991.282068077,4663815085.135437,0.0596366508688783,0.9403633491311216,0,0,0,Đạt,2026-06-14
2640,12,3,2,3,2530,228,131,97,2627,4663815085.135437,367739284.8553127,283356368.1283749,84382916.72693783,4748198001.862375,0.0517786561264822,0.9482213438735178,0,0,0,Đạt,2026-06-14
2641,1,3,2,4,1381,79,83,-4,1377,1402319505.718043,69308274.11111602,78732657.0108027,-9424382.89968668,1392895122.8183568,0.060101375814627,0.939898624185373,0,0,0,Đạt,2026-06-14
2642,2,3,2,4,1377,24,99,-75,1302,1392895122.8183568,26006339.3753531,110141281.21836106,-84134941.84300797,1308760180.9753487,0.0718954248366013,0.9281045751633988,0,0,0,Đạt,2026-06-14
2643,3,3,2,4,1302,105,120,-15,1287,1308760180.9753487,90818741.21368076,114579596.2174376,-23760855.00375684,1284999325.971592,0.0921658986175115,0.9078341013824884,0,0,0,Đạt,2026-06-14
2644,4,3,2,4,1287,82,101,-19,1268,1284999325.971592,86236837.06864639,99371973.54914524,-13135136.48049885,1271864189.4910932,0.0784770784770784,0.9215229215229216,0,0,0,Đạt,2026-06-14
2645,5,3,2,4,1268,141,71,70,1338,1271864189.4910932,147208431.89884788,82707730.28441133,64500701.61443655,1336364891.1055298,0.055993690851735,0.944006309148265,0,0,0,Đạt,2026-06-14
2646,6,3,2,4,1338,166,34,132,1470,1336364891.1055298,155350449.055905,39950589.07235049,115399859.98355453,1451764751.0890844,0.0254110612855007,0.9745889387144993,0,0,0,Đạt,2026-06-14
2647,7,3,2,4,1470,211,129,82,1552,1451764751.0890844,173116401.14996755,136775861.15681484,36340539.99315271,1488105291.082237,0.0877551020408163,0.9122448979591836,0,0,0,Đạt,2026-06-14
2648,8,3,2,4,1552,143,63,80,1632,1488105291.082237,158109283.69887957,51347368.71761077,106761914.9812688,1594867206.063506,0.0405927835051546,0.9594072164948454,0,0,0,Đạt,2026-06-14
2649,9,3,2,4,1632,124,88,36,1668,1594867206.063506,107709416.73204638,91727717.75630422,15981698.97574216,1610848905.039248,0.0539215686274509,0.946078431372549,0,0,0,Đạt,2026-06-14
2650,10,3,2,4,1668,227,40,187,1855,1610848905.039248,272649453.2288544,39690827.723150894,232958625.50570345,1843807530.5449517,0.0239808153477218,0.9760191846522782,0,0,0,Đạt,2026-06-14
2651,11,3,2,4,1855,102,22,80,1935,1843807530.5449517,114619965.85543172,26133085.639930505,88486880.21550122,1932294410.7604527,0.0118598382749326,0.9881401617250674,0,0,0,Đạt,2026-06-14
2652,12,3,2,4,1935,245,177,68,2003,1932294410.7604527,252979330.8583395,146058908.6911221,106920422.16721736,2039214832.92767,0.0914728682170542,0.9085271317829458,0,0,0,Đạt,2026-06-14
2653,1,3,2,5,1800,232,98,134,1934,6020194221.2366905,903432939.5160284,276451003.7458185,626981935.7702099,6647176157.006901,0.0544444444444444,0.9455555555555556,0,0,0,Đạt,2026-06-14
2654,2,3,2,5,1934,229,144,85,2019,6647176157.006901,783500571.0613487,402842558.5549374,380658012.50641125,7027834169.513312,0.0744570837642192,0.9255429162357808,0,0,0,Đạt,2026-06-14
2655,3,3,2,5,2019,56,135,-79,1940,7027834169.513312,195607536.2109585,523425459.6940267,-327817923.48306817,6700016246.030244,0.0668647845468053,0.9331352154531948,0,0,0,Đạt,2026-06-14
2656,4,3,2,5,1940,28,145,-117,1823,6700016246.030244,89688417.27730727,498763798.8077268,-409075381.5304195,6290940864.499825,0.0747422680412371,0.9252577319587628,0,0,0,Đạt,2026-06-14
2657,5,3,2,5,1823,116,152,-36,1787,6290940864.499825,368963585.4343871,460370148.14659446,-91406562.71220738,6199534301.787617,0.0833790455293472,0.9166209544706528,0,0,0,Đạt,2026-06-14
2658,6,3,2,5,1787,54,135,-81,1706,6199534301.787617,188915958.83162197,407622317.02943206,-218706358.1978101,5980827943.589807,0.0755456071628427,0.9244543928371572,0,0,0,Đạt,2026-06-14
2659,7,3,2,5,1706,217,78,139,1845,5980827943.589807,704872779.8234016,268408566.9222897,436464212.90111184,6417292156.490918,0.0457209847596717,0.9542790152403282,0,0,0,Đạt,2026-06-14
2660,8,3,2,5,1845,145,144,1,1846,6417292156.490918,399867637.1696836,450174405.0908197,-50306767.92113614,6366985388.569782,0.0780487804878048,0.9219512195121952,0,0,0,Đạt,2026-06-14
2661,9,3,2,5,1846,76,106,-30,1816,6366985388.569782,228281897.92215785,390039924.4715457,-161758026.54938784,6205227362.020394,0.0574214517876489,0.942578548212351,0,0,0,Đạt,2026-06-14
2662,10,3,2,5,1816,194,133,61,1877,6205227362.020394,584414486.9816976,489644089.5330247,94770397.44867288,6299997759.469068,0.073237885462555,0.926762114537445,0,0,0,Đạt,2026-06-14
2663,11,3,2,5,1877,245,149,96,1973,6299997759.469068,858291338.3702136,431888553.1137206,426402785.256493,6726400544.72556,0.0793819925412892,0.9206180074587108,0,0,0,Đạt,2026-06-14
2664,12,3,2,5,1973,244,127,117,2090,6726400544.72556,676223640.8088274,455314917.29301554,220908723.51581183,6947309268.241372,0.0643689812468322,0.9356310187531678,0,0,0,Đạt,2026-06-14
2665,1,3,2,6,1559,108,55,53,1612,1122954613.9167316,91378135.61347936,38811332.42637294,52566803.18710641,1175521417.103838,0.0352790250160359,0.964720974983964,0,0,0,Đạt,2026-06-14
2666,2,3,2,6,1612,34,99,-65,1547,1175521417.103838,21033973.86237707,74705398.05305444,-53671424.19067737,1121849992.9131606,0.0614143920595533,0.9385856079404468,0,0,0,Đạt,2026-06-14
2667,3,3,2,6,1547,45,35,10,1557,1121849992.9131606,28434395.707168534,20382871.139733903,8051524.567434635,1129901517.480595,0.0226244343891402,0.9773755656108596,0,0,0,Đạt,2026-06-14
2668,4,3,2,6,1557,231,92,139,1696,1129901517.480595,173471637.47074667,65756455.06559336,107715182.4051533,1237616699.8857484,0.0590879897238278,0.940912010276172,0,0,0,Đạt,2026-06-14
2669,5,3,2,6,1696,177,82,95,1791,1237616699.8857484,127421518.72846854,57690807.19710073,69730711.53136781,1307347411.4171162,0.0483490566037735,0.9516509433962264,9,0,0,Cần kiểm tra,2026-06-14
2670,6,3,2,6,1791,182,118,64,1855,1307347411.4171162,133569341.85731776,90768814.53744908,42800527.31986867,1350147938.7369847,0.0658849804578447,0.9341150195421551,0,0,0,Đạt,2026-06-14
2671,7,3,2,6,1855,28,66,-38,1817,1350147938.7369847,20344652.87902409,54054711.360904336,-33710058.48188025,1316437880.2551043,0.0355795148247978,0.9644204851752022,0,0,0,Đạt,2026-06-14
2672,8,3,2,6,1817,106,40,66,1883,1316437880.2551043,80747104.70490022,28318166.24750067,52428938.45739955,1368866818.712504,0.0220143093010456,0.9779856906989544,0,0,0,Đạt,2026-06-14
2673,9,3,2,6,1883,259,81,178,2061,1368866818.712504,193940111.97235665,47715450.56740226,146224661.40495437,1515091480.1174586,0.0430164630908125,0.9569835369091876,0,0,0,Đạt,2026-06-14
2674,10,3,2,6,2061,228,153,75,2136,1515091480.1174586,140221555.5572272,115906204.67533332,24315350.881893877,1539406830.9993525,0.074235807860262,0.925764192139738,0,0,0,Đạt,2026-06-14
2675,11,3,2,6,2136,113,209,-96,2040,1539406830.9993525,73041725.74135911,160187344.82825276,-87145619.08689365,1452261211.912459,0.0978464419475655,0.9021535580524344,0,0,0,Đạt,2026-06-14
2676,12,3,2,6,2040,29,141,-112,1928,1452261211.912459,22261116.815420084,120470916.08806194,-98209799.27264188,1354051412.639817,0.0691176470588235,0.9308823529411764,0,0,0,Đạt,2026-06-14
2677,1,3,2,7,1654,34,69,-35,1619,6192202280.243429,118314866.67385828,259393199.2456464,-141078332.57178813,6051123947.671641,0.0417170495767835,0.9582829504232164,0,0,0,Đạt,2026-06-14
2678,2,3,2,7,1619,201,122,79,1698,6051123947.671641,872718981.0634594,497460929.0729837,375258051.99047565,6426381999.662117,0.0753551575046325,0.9246448424953676,0,0,0,Đạt,2026-06-14
2679,3,3,2,7,1698,61,54,7,1705,6426381999.662117,208388417.85958368,175410887.5110516,32977530.34853208,6459359530.010649,0.0318021201413427,0.9681978798586572,0,0,0,Đạt,2026-06-14
2680,4,3,2,7,1705,54,159,-105,1600,6459359530.010649,179195389.94375703,588729004.4088762,-409533614.4651191,6049825915.545529,0.0932551319648093,0.9067448680351906,0,0,0,Đạt,2026-06-14
2681,5,3,2,7,1600,127,130,-3,1597,6049825915.545529,418225548.501966,411274618.7989668,6950929.702999175,6056776845.2485285,0.08125,0.91875,0,0,0,Đạt,2026-06-14
2682,6,3,2,7,1597,23,117,-94,1503,6056776845.2485285,85463914.399313,370518410.2390522,-285054495.8397392,5771722349.40879,0.0732623669380087,0.9267376330619912,0,0,0,Đạt,2026-06-14
2683,7,3,2,7,1503,100,141,-41,1462,5771722349.40879,330149551.6146904,600943060.4785627,-270793508.8638723,5500928840.544917,0.0938123752495009,0.906187624750499,0,0,0,Đạt,2026-06-14
2684,8,3,2,7,1462,185,118,67,1529,5500928840.544917,795214774.5198977,506782794.8676215,288431979.6522762,5789360820.197193,0.0807113543091655,0.9192886456908343,0,0,0,Đạt,2026-06-14
2685,9,3,2,7,1529,147,34,113,1642,5789360820.197193,659920276.1616348,138444577.64815494,521475698.5134798,6310836518.710673,0.0222367560497056,0.9777632439502943,0,0,0,Đạt,2026-06-14
2686,10,3,2,7,1642,243,135,108,1750,6310836518.710673,1071792666.3261468,410585840.3259421,661206826.0002048,6972043344.710878,0.0822168087697929,0.917783191230207,0,0,0,Đạt,2026-06-14
2687,11,3,2,7,1750,197,23,174,1924,6972043344.710878,868671759.3853948,99852233.33167008,768819526.0537248,7740862870.764603,0.0131428571428571,0.9868571428571428,0,0,0,Đạt,2026-06-14
2688,12,3,2,7,1924,183,39,144,2068,7740862870.764603,715221247.6329832,135398833.02670074,579822414.6062825,8320685285.370885,0.0202702702702702,0.9797297297297296,0,0,0,Đạt,2026-06-14
2689,1,3,3,1,870,26,14,12,882,2226103410.491541,77607515.86547022,38518812.26028559,39088703.60518463,2265192114.096725,0.0160919540229885,0.9839080459770116,0,0,0,Đạt,2026-06-14
2690,2,3,3,1,882,92,42,50,932,2265192114.096725,197340802.02980924,96005682.60205516,101335119.42775407,2366527233.5244794,0.0476190476190476,0.9523809523809524,0,0,0,Đạt,2026-06-14
2691,3,3,3,1,932,26,26,0,932,2366527233.5244794,76095219.21344894,75845058.29837672,250160.9150722176,2366777394.439552,0.0278969957081545,0.9721030042918456,0,0,0,Đạt,2026-06-14
2692,4,3,3,1,932,117,40,77,1009,2366777394.439552,294062669.4047008,110334957.29384004,183727712.1108608,2550505106.5504127,0.0429184549356223,0.9570815450643776,0,0,0,Đạt,2026-06-14
2693,5,3,3,1,1009,67,67,0,1009,2550505106.5504127,198842855.89226243,173705754.89412957,25137100.99813285,2575642207.5485454,0.066402378592666,0.933597621407334,0,0,0,Đạt,2026-06-14
2694,6,3,3,1,1009,33,29,4,1013,2575642207.5485454,79399528.70338179,65834607.52107959,13564921.182302209,2589207128.730848,0.0287413280475718,0.971258671952428,0,0,0,Đạt,2026-06-14
2695,7,3,3,1,1013,141,60,81,1094,2589207128.730848,358210176.0036426,155128092.16877675,203082083.83486587,2792289212.5657134,0.0592300098716683,0.9407699901283316,6,0,3,Cần kiểm tra,2026-06-14
2696,8,3,3,1,1094,63,91,-28,1066,2792289212.5657134,143242476.76708865,278737241.8293543,-135494765.06226563,2656794447.5034475,0.083180987202925,0.916819012797075,0,0,0,Đạt,2026-06-14
2697,9,3,3,1,1066,146,17,129,1195,2656794447.5034475,371098007.7781258,35576006.14730095,335522001.63082486,2992316449.1342726,0.0159474671669793,0.9840525328330206,0,0,0,Đạt,2026-06-14
2698,10,3,3,1,1195,48,112,-64,1131,2992316449.1342726,98424738.95347776,327551746.13174385,-229127007.1782661,2763189441.9560065,0.0937238493723849,0.906276150627615,0,0,0,Đạt,2026-06-14
2699,11,3,3,1,1131,119,61,58,1189,2763189441.9560065,251298683.5259744,131279260.14823472,120019423.3777397,2883208865.3337464,0.0539345711759504,0.9460654288240496,0,0,0,Đạt,2026-06-14
2700,12,3,3,1,1189,124,78,46,1235,2883208865.3337464,327451994.63053423,185771888.5306251,141680106.09990913,3024888971.433656,0.0656013456686291,0.9343986543313708,0,0,0,Đạt,2026-06-14
2701,1,3,3,2,1999,164,83,81,2080,1354608738.914322,113718664.20141484,58634890.38515425,55083773.816260606,1409692512.7305825,0.0415207603801901,0.95847923961981,0,0,0,Đạt,2026-06-14
2702,2,3,3,2,2080,280,158,122,2202,1409692512.7305825,219343098.9479304,120914568.36559404,98428530.58233637,1508121043.312919,0.0759615384615384,0.9240384615384616,0,0,0,Đạt,2026-06-14
2703,3,3,3,2,2202,91,77,14,2216,1508121043.312919,58811164.84767962,51469482.25891584,7341682.588763781,1515462725.9016826,0.0349682107175295,0.9650317892824704,0,0,0,Đạt,2026-06-14
2704,4,3,3,2,2216,141,72,69,2285,1515462725.9016826,99655432.76454824,54454182.12891927,45201250.63562895,1560663976.5373116,0.0324909747292418,0.967509025270758,0,0,0,Đạt,2026-06-14
2705,5,3,3,2,2285,310,150,160,2445,1560663976.5373116,180150848.58357325,119919518.82763456,60231329.75593868,1620895306.2932503,0.0656455142231947,0.9343544857768052,0,0,0,Đạt,2026-06-14
2706,6,3,3,2,2445,330,194,136,2581,1620895306.2932503,244300271.8569857,134231122.03414816,110069149.82283756,1730964456.116088,0.0793456032719836,0.9206543967280164,0,0,0,Đạt,2026-06-14
2707,7,3,3,2,2581,65,167,-102,2479,1730964456.116088,46396277.91554426,135687497.58132836,-89291219.66578409,1641673236.4503038,0.0647036032545525,0.9352963967454476,0,0,0,Đạt,2026-06-14
2708,8,3,3,2,2479,167,128,39,2518,1641673236.4503038,94260651.15579678,102157168.63910715,-7896517.483310372,1633776718.966993,0.0516337232755143,0.9483662767244856,0,0,0,Đạt,2026-06-14
2709,9,3,3,2,2518,184,202,-18,2500,1633776718.966993,103264856.86803,164118478.1633451,-60853621.29531509,1572923097.6716783,0.0802223987291501,0.9197776012708498,0,0,0,Đạt,2026-06-14
2710,10,3,3,2,2500,168,74,94,2594,1572923097.6716783,132267308.66455376,58340185.71420237,73927122.95035139,1646850220.6220298,0.0296,0.9704,0,0,0,Đạt,2026-06-14
2711,11,3,3,2,2594,286,201,85,2679,1646850220.6220298,210774264.47856727,137610527.77149406,73163736.70707321,1720013957.329103,0.0774865073245952,0.9225134926754048,7,0,0,Cần kiểm tra,2026-06-14
2712,12,3,3,2,2679,191,163,28,2707,1720013957.329103,151952687.7103151,90229320.98224364,61723366.728071466,1781737324.0571744,0.0608435983575961,0.939156401642404,5,0,0,Cần kiểm tra,2026-06-14
2713,1,3,3,3,1679,142,53,89,1768,6856429654.908024,473463744.365998,193312514.0348764,280151230.3311216,7136580885.239145,0.0315664085765336,0.9684335914234664,0,0,0,Đạt,2026-06-14
2714,2,3,3,3,1768,53,84,-31,1737,7136580885.239145,188829086.5616435,294145212.2845649,-105316125.7229214,7031264759.516224,0.0475113122171945,0.9524886877828054,0,0,0,Đạt,2026-06-14
2715,3,3,3,3,1737,213,134,79,1816,7031264759.516224,902730217.2388364,532850440.1138439,369879777.1249924,7401144536.641216,0.0771445020149683,0.9228554979850316,0,0,0,Đạt,2026-06-14
2716,4,3,3,3,1816,93,101,-8,1808,7401144536.641216,357328518.577444,438062226.9361756,-80733708.35873157,7320410828.282485,0.0556167400881057,0.9443832599118944,0,0,0,Đạt,2026-06-14
2717,5,3,3,3,1808,54,133,-79,1729,7320410828.282485,192660436.2282917,594251380.5988687,-401590944.370577,6918819883.911908,0.0735619469026548,0.9264380530973452,0,0,0,Đạt,2026-06-14
2718,6,3,3,3,1729,126,55,71,1800,6918819883.911908,550473671.4205256,200908474.2282589,349565197.19226664,7268385081.104175,0.0318102949681897,0.9681897050318105,0,0,0,Đạt,2026-06-14
2719,7,3,3,3,1800,53,125,-72,1728,7268385081.104175,201859699.47869724,555031782.1096759,-353172082.63097864,6915212998.473196,0.0694444444444444,0.9305555555555556,0,0,0,Đạt,2026-06-14
2720,8,3,3,3,1728,172,67,105,1833,6915212998.473196,641644613.6535612,277746872.2353746,363897741.4181866,7279110739.891382,0.0387731481481481,0.961226851851852,0,0,0,Đạt,2026-06-14
2721,9,3,3,3,1833,53,151,-98,1735,7279110739.891382,235036845.3024912,599467190.6848329,-364430345.38234174,6914680394.509041,0.0823786142935079,0.917621385706492,0,0,0,Đạt,2026-06-14
2722,10,3,3,3,1735,165,48,117,1852,6914680394.509041,681713399.7385104,179494399.8006773,502218999.9378331,7416899394.446874,0.0276657060518732,0.9723342939481268,0,0,0,Đạt,2026-06-14
2723,11,3,3,3,1852,166,87,79,1931,7416899394.446874,741556071.1620185,395966489.06961584,345589582.0924027,7762488976.539276,0.0469762419006479,0.953023758099352,0,0,0,Đạt,2026-06-14
2724,12,3,3,3,1931,204,108,96,2027,7762488976.539276,743818397.9167881,450880900.1177256,292937497.7990625,8055426474.338339,0.0559295701708959,0.944070429829104,0,0,0,Đạt,2026-06-14
2725,1,3,3,4,825,62,54,8,833,1638817057.0711277,109808787.33345623,117630066.97852346,-7821279.64506723,1630995777.4260604,0.0654545454545454,0.9345454545454546,0,0,0,Đạt,2026-06-14
2726,2,3,3,4,833,29,43,-14,819,1630995777.4260604,50799568.3402517,83772590.4896158,-32973022.1493641,1598022755.2766964,0.0516206482593037,0.9483793517406964,0,0,0,Đạt,2026-06-14
2727,3,3,3,4,819,43,36,7,826,1598022755.2766964,80267693.47748345,64753832.71858869,15513860.758894764,1613536616.0355911,0.0439560439560439,0.956043956043956,0,0,0,Đạt,2026-06-14
2728,4,3,3,4,826,29,54,-25,801,1613536616.0355911,48129785.37170817,102398565.44409728,-54268780.072389096,1559267835.963202,0.0653753026634382,0.9346246973365616,0,0,0,Đạt,2026-06-14
2729,5,3,3,4,801,27,18,9,810,1559267835.963202,43660245.76215799,30503665.79576227,13156579.96639572,1572424415.9295976,0.0224719101123595,0.9775280898876404,0,0,0,Đạt,2026-06-14
2730,6,3,3,4,810,50,48,2,812,1572424415.9295976,84641221.58506961,83883876.48633413,757345.0987354815,1573181761.0283332,0.0592592592592592,0.9407407407407408,0,0,0,Đạt,2026-06-14
2731,7,3,3,4,812,17,57,-40,772,1573181761.0283332,37852668.85167045,133660577.17343694,-95807908.3217665,1477373852.7065668,0.0701970443349753,0.9298029556650248,0,0,0,Đạt,2026-06-14
2732,8,3,3,4,772,55,22,33,805,1477373852.7065668,129796191.88337612,45512714.15403569,84283477.72934043,1561657330.4359074,0.0284974093264248,0.9715025906735753,0,0,0,Đạt,2026-06-14
2733,9,3,3,4,805,102,57,45,850,1561657330.4359074,191843321.57412115,96001131.0751432,95842190.49897796,1657499520.9348853,0.070807453416149,0.929192546583851,0,0,0,Đạt,2026-06-14
2734,10,3,3,4,850,64,23,41,891,1657499520.9348853,141691297.07933974,41438962.75229231,100252334.32704744,1757751855.2619326,0.0270588235294117,0.9729411764705882,0,0,0,Đạt,2026-06-14
2735,11,3,3,4,891,47,48,-1,890,1757751855.2619326,110909223.50042132,103137560.12515806,7771663.375263259,1765523518.6371958,0.0538720538720538,0.9461279461279462,0,0,0,Đạt,2026-06-14
2736,12,3,3,4,890,91,33,58,948,1765523518.6371958,145855838.89743873,70763479.32466082,75092359.57277791,1840615878.2099736,0.0370786516853932,0.9629213483146069,0,0,0,Đạt,2026-06-14
2737,1,3,3,5,820,11,74,-63,757,2782018095.1690006,41206669.27576002,207518589.05152237,-166311919.77576232,2615706175.393238,0.0902439024390243,0.9097560975609756,0,0,0,Đạt,2026-06-14
2738,2,3,3,5,757,58,63,-5,752,2615706175.393238,169709076.33943832,226672112.48683196,-56963036.147393614,2558743139.2458444,0.083223249669749,0.916776750330251,0,0,0,Đạt,2026-06-14
2739,3,3,3,5,752,27,11,16,768,2558743139.2458444,90760737.19895305,41655040.146654665,49105697.05229838,2607848836.298143,0.014627659574468,0.985372340425532,0,0,0,Đạt,2026-06-14
2740,4,3,3,5,768,73,15,58,826,2607848836.298143,271671353.5589169,45341861.94256718,226329491.61634976,2834178327.9144926,0.01953125,0.98046875,3,0,0,Cần kiểm tra,2026-06-14
2741,5,3,3,5,826,13,68,-55,771,2834178327.9144926,41289202.03683429,201364782.01204208,-160075579.97520778,2674102747.939285,0.0823244552058111,0.9176755447941888,0,0,0,Đạt,2026-06-14
2742,6,3,3,5,771,51,56,-5,766,2674102747.939285,177941180.31832424,206465744.17855045,-28524563.86022621,2645578184.079058,0.0726329442282749,0.9273670557717252,0,0,0,Đạt,2026-06-14
2743,7,3,3,5,766,97,18,79,845,2645578184.079058,326922675.886063,60641606.62931116,266281069.25675184,2911859253.3358107,0.0234986945169712,0.9765013054830288,0,0,0,Đạt,2026-06-14
2744,8,3,3,5,845,51,39,12,857,2911859253.3358107,207629514.26716915,140091900.55548102,67537613.71168813,2979396867.0474987,0.0461538461538461,0.9538461538461538,0,0,0,Đạt,2026-06-14
2745,9,3,3,5,857,96,10,86,943,2979396867.0474987,382223398.1302972,37134395.49257449,345089002.6377227,3324485869.685221,0.0116686114352392,0.9883313885647608,0,0,0,Đạt,2026-06-14
2746,10,3,3,5,943,11,65,-54,889,3324485869.685221,42902417.897750095,253099472.4381671,-210197054.54041705,3114288815.144804,0.0689289501590668,0.9310710498409333,0,0,0,Đạt,2026-06-14
2747,11,3,3,5,889,108,17,91,980,3114288815.144804,408147428.3496736,67276173.3046482,340871255.04502535,3455160070.1898293,0.0191226096737907,0.9808773903262092,0,0,0,Đạt,2026-06-14
2748,12,3,3,5,980,49,13,36,1016,3455160070.1898293,159264837.43622056,49919460.57846831,109345376.85775223,3564505447.0475817,0.0132653061224489,0.986734693877551,0,0,0,Đạt,2026-06-14
2749,1,3,3,6,1088,51,73,-22,1066,3421595861.678177,158679807.97467685,252861619.44288224,-94181811.4682054,3327414050.2099714,0.0670955882352941,0.9329044117647058,0,0,0,Đạt,2026-06-14
2750,2,3,3,6,1066,86,22,64,1130,3327414050.2099714,285471402.9041229,71718447.80235894,213752955.101764,3541167005.311735,0.0206378986866791,0.9793621013133208,0,0,0,Đạt,2026-06-14
2751,3,3,3,6,1130,83,111,-28,1102,3541167005.311735,229210053.8918681,398847794.01165485,-169637740.1197867,3371529265.1919484,0.0982300884955752,0.9017699115044248,0,0,0,Đạt,2026-06-14
2752,4,3,3,6,1102,142,77,65,1167,3371529265.1919484,456064035.0945169,204856891.92575112,251207143.16876572,3622736408.360714,0.0698729582577132,0.9301270417422868,0,0,0,Đạt,2026-06-14
2753,5,3,3,6,1167,94,41,53,1220,3622736408.360714,338637271.205654,103485779.18573453,235151492.01991943,3857887900.380634,0.0351328191945158,0.9648671808054842,0,0,0,Đạt,2026-06-14
2754,6,3,3,6,1220,86,98,-12,1208,3857887900.380634,302404520.6816302,323917653.1058234,-21513132.424193203,3836374767.95644,0.080327868852459,0.919672131147541,0,0,0,Đạt,2026-06-14
2755,7,3,3,6,1208,108,40,68,1276,3836374767.95644,315996303.12184376,101951221.45988958,214045081.66195416,4050419849.618394,0.0331125827814569,0.9668874172185432,0,0,0,Đạt,2026-06-14
2756,8,3,3,6,1276,164,32,132,1408,4050419849.618394,445538794.2049314,96032468.77402018,349506325.4309112,4399926175.049305,0.0250783699059561,0.974921630094044,0,0,0,Đạt,2026-06-14
2757,9,3,3,6,1408,39,83,-44,1364,4399926175.049305,143901607.50108448,247043399.1576862,-103141791.65660173,4296784383.392703,0.0589488636363636,0.9410511363636364,5,5,0,Cần kiểm tra,2026-06-14
2758,10,3,3,6,1364,178,134,44,1408,4296784383.392703,653978463.4019537,465977086.2508504,188001377.1511033,4484785760.543806,0.0982404692082111,0.9017595307917888,0,0,0,Đạt,2026-06-14
2759,11,3,3,6,1408,62,42,20,1428,4484785760.543806,173546220.24207005,149055370.00492525,24490850.2371448,4509276610.780951,0.0298295454545454,0.9701704545454546,0,0,0,Đạt,2026-06-14
2760,12,3,3,6,1428,199,56,143,1571,4509276610.780951,676485063.4220104,165611089.90545404,510873973.5165564,5020150584.297507,0.0392156862745098,0.9607843137254902,0,0,0,Đạt,2026-06-14
2761,1,3,3,7,1183,143,118,25,1208,5832135511.949039,642765866.9188019,467555036.0676203,175210830.85118163,6007346342.8002205,0.0997464074387151,0.9002535925612849,0,0,0,Đạt,2026-06-14
2762,2,3,3,7,1208,122,64,58,1266,6007346342.8002205,675783483.1458906,267282288.8877054,408501194.2581852,6415847537.058406,0.0529801324503311,0.9470198675496688,0,0,0,Đạt,2026-06-14
2763,3,3,3,7,1266,134,23,111,1377,6415847537.058406,550001326.9527118,91897423.29282162,458103903.6598902,6873951440.718296,0.0181674565560821,0.981832543443918,0,0,0,Đạt,2026-06-14
2764,4,3,3,7,1377,22,71,-49,1328,6873951440.718296,126595281.5565961,353146167.988191,-226550886.4315949,6647400554.286701,0.0515613652868554,0.9484386347131444,9,0,2,Cần kiểm tra,2026-06-14
2765,5,3,3,7,1328,118,31,87,1415,6647400554.286701,630878210.4230437,150759253.78159425,480118956.6414495,7127519510.92815,0.0233433734939759,0.976656626506024,0,0,0,Đạt,2026-06-14
2766,6,3,3,7,1415,94,21,73,1488,7127519510.92815,398372204.6023578,99523541.7485848,298848662.853773,7426368173.781923,0.0148409893992932,0.9851590106007068,0,0,0,Đạt,2026-06-14
2767,7,3,3,7,1488,79,90,-11,1477,7426368173.781923,402983934.9206284,358769149.54424155,44214785.37638682,7470582959.15831,0.0604838709677419,0.939516129032258,0,0,0,Đạt,2026-06-14
2768,8,3,3,7,1477,156,86,70,1547,7470582959.15831,619071084.5820525,437863233.87057066,181207850.7114818,7651790809.869792,0.0582261340555179,0.941773865944482,0,0,0,Đạt,2026-06-14
2769,9,3,3,7,1547,155,115,40,1587,7651790809.869792,819803104.484767,571309607.1506106,248493497.3341564,7900284307.203948,0.0743374272786037,0.9256625727213964,0,0,0,Đạt,2026-06-14
2770,10,3,3,7,1587,66,152,-86,1501,7900284307.203948,311331172.0799777,838763967.8351922,-527432795.7552145,7372851511.448733,0.0957781978575929,0.9042218021424072,0,0,0,Đạt,2026-06-14
2771,11,3,3,7,1501,215,32,183,1684,7372851511.448733,963807499.0964944,128155287.4597998,835652211.6366947,8208503723.085428,0.0213191205862758,0.9786808794137242,0,0,0,Đạt,2026-06-14
2772,12,3,3,7,1684,30,138,-108,1576,8208503723.085428,172226867.94690332,573688840.4027818,-401461972.4558785,7807041750.62955,0.0819477434679334,0.9180522565320666,0,0,0,Đạt,2026-06-14
2773,1,3,4,1,880,22,16,6,886,3278531492.3565264,82411454.58497208,66036235.34556878,16375219.2394033,3294906711.5959296,0.0181818181818181,0.9818181818181818,0,0,0,Đạt,2026-06-14
2774,2,3,4,1,886,99,71,28,914,3294906711.5959296,298944738.7526316,276818381.5742764,22126357.178355217,3317033068.774285,0.0801354401805869,0.9198645598194132,7,10,0,Cần kiểm tra,2026-06-14
2775,3,3,4,1,914,98,9,89,1003,3317033068.774285,379971229.4334286,35820902.15445121,344150327.2789774,3661183396.053262,0.0098468271334792,0.9901531728665208,0,0,0,Đạt,2026-06-14
2776,4,3,4,1,1003,57,30,27,1030,3661183396.053262,253253090.0965817,123651233.55134793,129601856.54523376,3790785252.598496,0.0299102691924227,0.9700897308075772,0,0,0,Đạt,2026-06-14
2777,5,3,4,1,1030,144,58,86,1116,3790785252.598496,530062717.0178644,214228382.00032917,315834335.0175352,4106619587.616031,0.0563106796116504,0.9436893203883496,0,0,0,Đạt,2026-06-14
2778,6,3,4,1,1116,116,29,87,1203,4106619587.616031,488711203.2743675,123859828.14172035,364851375.1326472,4471470962.748678,0.0259856630824372,0.9740143369175628,0,0,0,Đạt,2026-06-14
2779,7,3,4,1,1203,152,67,85,1288,4471470962.748678,638037924.527419,241723099.37386543,396314825.1535535,4867785787.902231,0.055694098088113,0.9443059019118868,0,0,0,Đạt,2026-06-14
2780,8,3,4,1,1288,156,41,115,1403,4867785787.902231,680000140.6248021,137510441.32074374,542489699.3040583,5410275487.206289,0.0318322981366459,0.968167701863354,0,0,0,Đạt,2026-06-14
2781,9,3,4,1,1403,22,114,-92,1311,5410275487.206289,65796604.026359625,475786410.626208,-409989806.5998484,5000285680.606441,0.0812544547398431,0.9187455452601568,0,0,0,Đạt,2026-06-14
2782,10,3,4,1,1311,122,51,71,1382,5000285680.606441,383770392.2648384,189774377.35517776,193996014.90966055,5194281695.516101,0.0389016018306636,0.9610983981693364,0,0,0,Đạt,2026-06-14
2783,11,3,4,1,1382,108,32,76,1458,5194281695.516101,392440499.1726809,142823955.11144468,249616544.06123623,5443898239.577337,0.0231548480463096,0.9768451519536904,0,0,0,Đạt,2026-06-14
2784,12,3,4,1,1458,152,124,28,1486,5443898239.577337,454519715.97392,428275540.6054943,26244175.368425727,5470142414.945763,0.0850480109739369,0.9149519890260632,0,0,0,Đạt,2026-06-14
2785,1,3,4,2,982,131,35,96,1078,665099727.2835784,97661585.5962332,24584126.51805517,73077459.07817803,738177186.3617564,0.0356415478615071,0.9643584521384928,0,0,0,Đạt,2026-06-14
2786,2,3,4,2,1078,18,61,-43,1035,738177186.3617564,11905516.798985088,42245671.98348715,-30340155.184502065,707837031.1772544,0.0565862708719851,0.9434137291280148,0,0,0,Đạt,2026-06-14
2787,3,3,4,2,1035,131,84,47,1082,707837031.1772544,82447795.6029801,57369434.79004509,25078360.812935017,732915391.9901894,0.081159420289855,0.9188405797101448,0,0,0,Đạt,2026-06-14
2788,4,3,4,2,1082,86,14,72,1154,732915391.9901894,51545307.80988533,10186638.759812895,41358669.05007243,774274061.0402619,0.0129390018484288,0.9870609981515712,0,0,0,Đạt,2026-06-14
2789,5,3,4,2,1154,156,89,67,1221,774274061.0402619,95949752.19427656,58988979.149695486,36960773.044581085,811234834.0848429,0.0771230502599653,0.9228769497400346,0,0,0,Đạt,2026-06-14
2790,6,3,4,2,1221,136,79,57,1278,811234834.0848429,104459051.88154984,56971415.65121341,47487636.23033644,858722470.3151793,0.0647010647010647,0.9352989352989352,0,0,0,Đạt,2026-06-14
2791,7,3,4,2,1278,69,116,-47,1231,858722470.3151793,54519565.72780668,92082395.30359256,-37562829.57578587,821159640.7393935,0.0907668231611893,0.9092331768388108,0,0,0,Đạt,2026-06-14
2792,8,3,4,2,1231,99,32,67,1298,821159640.7393935,73468360.13546506,23362148.479123656,50106211.6563414,871265852.3957349,0.0259951259138911,0.9740048740861088,0,0,0,Đạt,2026-06-14
2793,9,3,4,2,1298,181,34,147,1445,871265852.3957349,129754976.11590624,23677684.998107336,106077291.11779892,977343143.5135338,0.0261941448382126,0.9738058551617874,0,0,0,Đạt,2026-06-14
2794,10,3,4,2,1445,202,73,129,1574,977343143.5135338,139924977.87879875,51575797.14588017,88349180.73291859,1065692324.2464525,0.0505190311418685,0.9494809688581316,0,0,0,Đạt,2026-06-14
2795,11,3,4,2,1574,86,119,-33,1541,1065692324.2464525,47199882.53100558,70473505.68754232,-23273623.156536736,1042418701.0899158,0.0756035578144853,0.9243964421855146,0,0,0,Đạt,2026-06-14
2796,12,3,4,2,1541,161,116,45,1586,1042418701.0899158,105902553.20667388,70006139.73280036,35896413.47387351,1078315114.5637894,0.0752757949383517,0.9247242050616484,0,0,0,Đạt,2026-06-14
2797,1,3,4,3,1590,122,115,7,1597,2506489371.0370407,192289986.6327316,159545578.77080816,32744407.8619234,2539233778.898964,0.0723270440251572,0.9276729559748428,0,0,0,Đạt,2026-06-14
2798,2,3,4,3,1597,202,80,122,1719,2539233778.898964,328245402.65749687,144002978.27551436,184242424.3819825,2723476203.2809463,0.0500939261114589,0.949906073888541,0,0,0,Đạt,2026-06-14
2799,3,3,4,3,1719,150,38,112,1831,2723476203.2809463,202171908.38605052,60038348.36635546,142133560.0196951,2865609763.300641,0.0221058755090168,0.9778941244909832,0,0,0,Đạt,2026-06-14
2800,4,3,4,3,1831,156,94,62,1893,2865609763.300641,218676055.699724,162941705.2555142,55734350.44420981,2921344113.744851,0.0513380666302566,0.9486619333697434,0,0,0,Đạt,2026-06-14
2801,5,3,4,3,1893,105,183,-78,1815,2921344113.744851,133811167.40173171,263973063.7006221,-130161896.2988904,2791182217.4459605,0.0966719492868462,0.9033280507131536,0,0,0,Đạt,2026-06-14
2802,6,3,4,3,1815,159,125,34,1849,2791182217.4459605,239758317.52183223,201895097.3251656,37863220.19666666,2829045437.6426272,0.0688705234159779,0.931129476584022,0,0,0,Đạt,2026-06-14
2803,7,3,4,3,1849,25,143,-118,1731,2829045437.6426272,39897982.33125591,255846039.9011543,-215948057.5698984,2613097380.0727286,0.0773391022174148,0.9226608977825852,0,0,0,Đạt,2026-06-14
2804,8,3,4,3,1731,170,79,91,1822,2613097380.0727286,251841991.0170897,135058927.66310632,116783063.35398336,2729880443.426712,0.0456383593298671,0.9543616406701328,0,0,0,Đạt,2026-06-14
2805,9,3,4,3,1822,24,65,-41,1781,2729880443.426712,33005206.851022784,99671986.81232096,-66666779.96129817,2663213663.465414,0.035675082327113,0.964324917672887,0,0,0,Đạt,2026-06-14
2806,10,3,4,3,1781,58,51,7,1788,2663213663.465414,102012821.70220026,67159865.64386609,34852956.05833417,2698066619.5237484,0.0286355979786636,0.9713644020213364,0,0,0,Đạt,2026-06-14
2807,11,3,4,3,1788,97,135,-38,1750,2698066619.5237484,161042068.1186555,240115192.25058392,-79073124.13192841,2618993495.39182,0.0755033557046979,0.924496644295302,0,0,0,Đạt,2026-06-14
2808,12,3,4,3,1750,97,78,19,1769,2618993495.39182,154247676.4895952,128827331.48690978,25420345.002685428,2644413840.394505,0.0445714285714285,0.9554285714285714,0,0,0,Đạt,2026-06-14
2809,1,3,4,4,1981,145,68,77,2058,2874034194.742098,229689844.01626852,82466818.26761632,147223025.74865222,3021257220.4907503,0.0343260979303382,0.9656739020696616,0,0,0,Đạt,2026-06-14
2810,2,3,4,4,2058,248,193,55,2113,3021257220.4907503,313141809.5731844,328939609.06139493,-15797799.48821056,3005459421.00254,0.0937803692905733,0.9062196307094266,0,0,0,Đạt,2026-06-14
2811,3,3,4,4,2113,39,195,-156,1957,3005459421.00254,64075682.51740819,228576742.5538008,-164501060.03639257,2840958360.966147,0.0922858495030762,0.9077141504969238,0,0,0,Đạt,2026-06-14
2812,4,3,4,4,1957,38,153,-115,1842,2840958360.966147,52503938.69239356,264470398.87868813,-211966460.18629456,2628991900.7798524,0.0781808891159938,0.921819110884006,0,0,0,Đạt,2026-06-14
2813,5,3,4,4,1842,221,38,183,2025,2628991900.7798524,270995889.3194145,66106032.59552678,204889856.7238877,2833881757.5037403,0.020629750271444,0.979370249728556,0,0,0,Đạt,2026-06-14
2814,6,3,4,4,2025,155,124,31,2056,2833881757.5037403,226778209.0189516,209234719.70714304,17543489.311808586,2851425246.815549,0.0612345679012345,0.9387654320987654,0,0,0,Đạt,2026-06-14
2815,7,3,4,4,2056,89,81,8,2064,2851425246.815549,130336390.98933564,130514161.80517548,-177770.81583985686,2851247475.999709,0.039396887159533,0.960603112840467,0,0,0,Đạt,2026-06-14
2816,8,3,4,4,2064,41,42,-1,2063,2851247475.999709,55745597.0390686,60476227.32312524,-4730630.284056634,2846516845.7156525,0.0203488372093023,0.9796511627906976,0,0,0,Đạt,2026-06-14
2817,9,3,4,4,2063,293,78,215,2278,2846516845.7156525,361852421.17870015,117975155.96945871,243877265.20924145,3090394110.924894,0.0378090159961221,0.9621909840038778,0,0,0,Đạt,2026-06-14
2818,10,3,4,4,2278,97,108,-11,2267,3090394110.924894,121431978.6960975,161343127.5628486,-39911148.86675111,3050482962.0581427,0.0474100087796312,0.9525899912203688,0,0,0,Đạt,2026-06-14
2819,11,3,4,4,2267,27,186,-159,2108,3050482962.0581427,42523739.17947678,264327100.11301503,-221803360.93353823,2828679601.124604,0.0820467578297309,0.9179532421702692,9,0,0,Cần kiểm tra,2026-06-14
2820,12,3,4,4,2108,220,172,48,2156,2828679601.124604,311018819.3291623,273253022.40790635,37765796.921255946,2866445398.0458603,0.0815939278937381,0.918406072106262,0,0,0,Đạt,2026-06-14
2821,1,3,4,5,1828,165,150,15,1843,4664937881.466922,447881764.9637275,416630403.36291575,31251361.60081172,4696189243.067734,0.0820568927789934,0.9179431072210066,0,0,0,Đạt,2026-06-14
2822,2,3,4,5,1843,236,153,83,1926,4696189243.067734,641271774.7006339,358247440.01214445,283024334.68848944,4979213577.756224,0.0830168204015192,0.9169831795984807,0,0,0,Đạt,2026-06-14
2823,3,3,4,5,1926,59,77,-18,1908,4979213577.756224,176157658.8188638,160033884.4672904,16123774.351573408,4995337352.107797,0.0399792315680166,0.9600207684319834,0,0,0,Đạt,2026-06-14
2824,4,3,4,5,1908,280,43,237,2145,4995337352.107797,781932599.6845698,124131564.2846324,657801035.3999374,5653138387.507734,0.0225366876310272,0.9774633123689728,0,0,0,Đạt,2026-06-14
2825,5,3,4,5,2145,87,66,21,2166,5653138387.507734,212514137.09652945,161854481.04685095,50659656.0496785,5703798043.557413,0.0307692307692307,0.9692307692307692,0,0,0,Đạt,2026-06-14
2826,6,3,4,5,2166,315,173,142,2308,5703798043.557413,726129034.7476519,430824645.7092981,295304389.0383538,5999102432.595767,0.0798707294552169,0.920129270544783,0,0,0,Đạt,2026-06-14
2827,7,3,4,5,2308,83,197,-114,2194,5999102432.595767,228078475.3564433,571925984.1849301,-343847508.8284868,5655254923.767281,0.0853552859618717,0.9146447140381282,0,0,0,Đạt,2026-06-14
2828,8,3,4,5,2194,247,83,164,2358,5655254923.767281,589751386.0156099,211722601.52375904,378028784.49185085,6033283708.259131,0.0378304466727438,0.9621695533272562,0,0,0,Đạt,2026-06-14
2829,9,3,4,5,2358,348,222,126,2484,6033283708.259131,924921642.327826,619152633.1884909,305769009.1393352,6339052717.398466,0.094147582697201,0.905852417302799,0,0,0,Đạt,2026-06-14
2830,10,3,4,5,2484,259,123,136,2620,6339052717.398466,552992351.5514759,368049801.2902765,184942550.26119936,6523995267.659665,0.0495169082125603,0.9504830917874396,0,0,0,Đạt,2026-06-14
2831,11,3,4,5,2620,81,117,-36,2584,6523995267.659665,226763295.27608103,322609168.615298,-95845873.33921692,6428149394.320448,0.0446564885496183,0.9553435114503817,5,0,0,Cần kiểm tra,2026-06-14
2832,12,3,4,5,2584,167,241,-74,2510,6428149394.320448,379666365.0001099,507029379.6630504,-127363014.66294044,6300786379.657508,0.093266253869969,0.906733746130031,0,0,0,Đạt,2026-06-14
2833,1,3,4,6,1774,60,111,-51,1723,7569335871.813872,218431638.7534668,421134031.3796156,-202702392.6261488,7366633479.187723,0.0625704622322435,0.9374295377677564,0,0,0,Đạt,2026-06-14
2834,2,3,4,6,1723,232,33,199,1922,7366633479.187723,986599504.3906772,166749396.07217562,819850108.3185015,8186483587.506225,0.0191526407428903,0.9808473592571096,0,0,0,Đạt,2026-06-14
2835,3,3,4,6,1922,224,45,179,2101,8186483587.506225,853721484.8056847,219880780.83154455,633840703.9741402,8820324291.480366,0.0234131113423517,0.9765868886576484,0,0,0,Đạt,2026-06-14
2836,4,3,4,6,2101,284,186,98,2199,8820324291.480366,1382529894.9091153,798306858.8989041,584223036.0102112,9404547327.490578,0.088529271775345,0.9114707282246548,0,0,0,Đạt,2026-06-14
2837,5,3,4,6,2199,131,121,10,2209,9404547327.490578,521436947.6145693,604801108.4672716,-83364160.85270226,9321183166.637877,0.055025011368804,0.944974988631196,0,0,0,Đạt,2026-06-14
2838,6,3,4,6,2209,133,45,88,2297,9321183166.637877,583942035.9716979,224643148.7359445,359298887.2357534,9680482053.873629,0.0203712086917157,0.9796287913082844,0,0,0,Đạt,2026-06-14
2839,7,3,4,6,2297,67,218,-151,2146,9680482053.873629,255587205.01167896,1075454655.9917817,-819867450.9801028,8860614602.893526,0.0949063996517196,0.9050936003482803,0,0,0,Đạt,2026-06-14
2840,8,3,4,6,2146,140,40,100,2246,8860614602.893526,539209755.5205818,157458687.13028386,381751068.390298,9242365671.283825,0.0186393289841565,0.9813606710158436,0,0,0,Đạt,2026-06-14
2841,9,3,4,6,2246,51,36,15,2261,9242365671.283825,259099521.76243937,151022522.1486712,108076999.61376816,9350442670.897593,0.0160284951024042,0.9839715048975958,0,0,0,Đạt,2026-06-14
2842,10,3,4,6,2261,226,132,94,2355,9350442670.897593,1033256264.5584946,594094625.7226106,439161638.835884,9789604309.733477,0.0583812472357364,0.9416187527642635,0,0,0,Đạt,2026-06-14
2843,11,3,4,6,2355,228,42,186,2541,9789604309.733477,1162630774.864463,179950589.23368236,982680185.6307808,10772284495.364258,0.0178343949044585,0.9821656050955414,0,0,0,Đạt,2026-06-14
2844,12,3,4,6,2541,72,29,43,2584,10772284495.364258,247681577.02738357,125052284.76407252,122629292.26331104,10894913787.62757,0.0114128295946477,0.9885871704053524,0,0,0,Đạt,2026-06-14
2845,1,3,4,7,1690,133,142,-9,1681,3082415119.8001547,249963589.05052888,210538262.553822,39425326.4967069,3121840446.2968616,0.0840236686390532,0.9159763313609468,0,0,0,Đạt,2026-06-14
2846,2,3,4,7,1681,243,122,121,1802,3121840446.2968616,522648830.7982873,209684821.7195676,312964009.0787197,3434804455.3755813,0.0725758477096966,0.9274241522903034,0,0,0,Đạt,2026-06-14
2847,3,3,4,7,1802,164,153,11,1813,3434804455.3755813,308375733.0014655,244389342.99228317,63986390.00918237,3498790845.384764,0.0849056603773584,0.9150943396226416,0,0,0,Đạt,2026-06-14
2848,4,3,4,7,1813,80,152,-72,1741,3498790845.384764,120837043.48009768,225891531.53060776,-105054488.0505101,3393736357.334254,0.0838389409817981,0.916161059018202,0,0,0,Đạt,2026-06-14
2849,5,3,4,7,1741,193,129,64,1805,3393736357.334254,395450706.0704984,208167976.8798948,187282729.1906036,3581019086.524857,0.0740953475014359,0.925904652498564,0,0,0,Đạt,2026-06-14
2850,6,3,4,7,1805,133,134,-1,1804,3581019086.524857,210454722.9702089,268647292.2348168,-58192569.26460788,3522826517.2602496,0.0742382271468144,0.9257617728531856,0,0,0,Đạt,2026-06-14
2851,7,3,4,7,1804,196,28,168,1972,3522826517.2602496,300743930.52052885,47151103.615852416,253592826.90467644,3776419344.164926,0.0155210643015521,0.984478935698448,0,0,0,Đạt,2026-06-14
2852,8,3,4,7,1972,171,50,121,2093,3776419344.164926,281074063.41980064,93355479.3782764,187718584.04152423,3964137928.2064505,0.0253549695740365,0.9746450304259636,0,0,0,Đạt,2026-06-14
2853,9,3,4,7,2093,127,49,78,2171,3964137928.2064505,234130339.32369468,106938116.50826788,127192222.8154268,4091330151.021877,0.0234113712374581,0.9765886287625418,0,0,0,Đạt,2026-06-14
2854,10,3,4,7,2171,289,105,184,2355,4091330151.021877,475432200.8365688,155991908.6697454,319440292.16682345,4410770443.188701,0.0483648088438507,0.9516351911561493,0,0,0,Đạt,2026-06-14
2855,11,3,4,7,2355,349,110,239,2594,4410770443.188701,760165763.0709857,212308561.92487165,547857201.146114,4958627644.334815,0.0467091295116772,0.9532908704883228,0,0,0,Đạt,2026-06-14
2856,12,3,4,7,2594,98,52,46,2640,4958627644.334815,202019065.24067545,99419077.5755127,102599987.66516273,5061227631.999978,0.0200462606013878,0.9799537393986122,0,0,0,Đạt,2026-06-14
2857,1,3,5,1,1697,19,81,-62,1635,3615494332.795033,46473903.565561935,174618914.79662475,-128145011.2310628,3487349321.56397,0.0477312905126694,0.9522687094873306,0,0,0,Đạt,2026-06-14
2858,2,3,5,1,1635,223,64,159,1794,3487349321.56397,488257785.87058586,119019764.0094092,369238021.8611767,3856587343.4251466,0.0391437308868501,0.9608562691131498,0,0,0,Đạt,2026-06-14
2859,3,3,5,1,1794,81,163,-82,1712,3856587343.4251466,182884979.2849477,369559803.3235544,-186674824.0386066,3669912519.38654,0.0908584169453734,0.9091415830546266,0,0,0,Đạt,2026-06-14
2860,4,3,5,1,1712,176,140,36,1748,3669912519.38654,414639190.5316131,274216288.77440387,140422901.75720924,3810335421.143749,0.0817757009345794,0.9182242990654206,0,0,0,Đạt,2026-06-14
2861,5,3,5,1,1748,60,92,-32,1716,3810335421.143749,150310387.4862224,223219005.4151563,-72908617.92893392,3737426803.214815,0.0526315789473684,0.9473684210526316,6,0,0,Cần kiểm tra,2026-06-14
2862,6,3,5,1,1716,41,83,-42,1674,3737426803.214815,70532422.40925199,189467435.22419947,-118935012.81494749,3618491790.399868,0.0483682983682983,0.9516317016317016,0,0,0,Đạt,2026-06-14
2863,7,3,5,1,1674,66,52,14,1688,3618491790.399868,166453370.9459851,123761514.8288657,42691856.1171194,3661183646.516987,0.031063321385902,0.968936678614098,0,0,0,Đạt,2026-06-14
2864,8,3,5,1,1688,30,96,-66,1622,3661183646.516987,75649833.8149124,208283603.8463441,-132633770.03143176,3528549876.485555,0.0568720379146919,0.943127962085308,0,0,0,Đạt,2026-06-14
2865,9,3,5,1,1622,232,28,204,1826,3528549876.485555,531968978.4979976,62436722.51246829,469532255.98552936,3998082132.4710846,0.0172626387176325,0.9827373612823674,0,0,0,Đạt,2026-06-14
2866,10,3,5,1,1826,242,123,119,1945,3998082132.4710846,596583898.5024294,256301836.4789278,340282062.0235016,4338364194.494586,0.0673603504928806,0.9326396495071194,0,0,0,Đạt,2026-06-14
2867,11,3,5,1,1945,239,173,66,2011,4338364194.494586,416770979.6720431,431131037.0294855,-14360057.35744244,4324004137.137143,0.0889460154241645,0.9110539845758354,0,0,0,Đạt,2026-06-14
2868,12,3,5,1,2011,239,80,159,2170,4324004137.137143,578044097.3030168,157476786.44494995,420567310.8580668,4744571447.99521,0.0397812033814022,0.9602187966185978,0,0,0,Đạt,2026-06-14
2869,1,3,5,2,1095,41,18,23,1118,3628477694.65951,130930275.49579796,59969073.96752928,70961201.52826867,3699438896.187779,0.0164383561643835,0.9835616438356164,0,0,0,Đạt,2026-06-14
2870,2,3,5,2,1118,12,76,-64,1054,3699438896.187779,38233462.689636976,279844625.2002479,-241611162.5106109,3457827733.677168,0.0679785330948121,0.9320214669051878,0,0,0,Đạt,2026-06-14
2871,3,3,5,2,1054,65,52,13,1067,3457827733.677168,222721848.1692865,188767313.03908336,33954535.13020313,3491782268.807371,0.0493358633776091,0.9506641366223908,0,0,0,Đạt,2026-06-14
2872,4,3,5,2,1067,144,78,66,1133,3491782268.807371,464861414.9548244,232706503.18007523,232154911.7747492,3723937180.58212,0.0731021555763823,0.9268978444236176,0,0,0,Đạt,2026-06-14
2873,5,3,5,2,1133,90,104,-14,1119,3723937180.58212,333370926.9300062,324047918.965922,9323007.964084208,3733260188.5462046,0.0917917034421888,0.9082082965578112,0,0,0,Đạt,2026-06-14
2874,6,3,5,2,1119,46,19,27,1146,3733260188.5462046,149882661.86521283,56656554.87802653,93226106.9871863,3826486295.533391,0.0169794459338695,0.9830205540661304,0,0,0,Đạt,2026-06-14
2875,7,3,5,2,1146,61,99,-38,1108,3826486295.533391,206010599.38972685,362887282.2864477,-156876682.89672086,3669609612.63667,0.0863874345549738,0.9136125654450262,0,0,0,Đạt,2026-06-14
2876,8,3,5,2,1108,127,31,96,1204,3669609612.63667,483327062.6071375,100010774.12707338,383316288.48006415,4052925901.116735,0.0279783393501805,0.9720216606498197,0,0,0,Đạt,2026-06-14
2877,9,3,5,2,1204,170,59,111,1315,4052925901.116735,529926437.7999913,217914270.73257372,312012167.0674176,4364938068.184152,0.0490033222591362,0.9509966777408638,0,0,0,Đạt,2026-06-14
2878,10,3,5,2,1315,103,54,49,1364,4364938068.184152,367839069.16395104,208161276.6505921,159677792.51335892,4524615860.697511,0.0410646387832699,0.95893536121673,0,0,0,Đạt,2026-06-14
2879,11,3,5,2,1364,21,106,-85,1279,4524615860.697511,65918614.36346964,373052719.4145183,-307134105.05104864,4217481755.646462,0.0777126099706744,0.9222873900293256,0,0,0,Đạt,2026-06-14
2880,12,3,5,2,1279,69,31,38,1317,4217481755.646462,262332956.8038644,117527988.38040791,144804968.4234565,4362286724.069919,0.0242376856919468,0.9757623143080532,0,0,0,Đạt,2026-06-14
2881,1,3,5,3,1211,164,19,145,1356,4795891890.2809925,721834113.7142622,84713543.23653236,637120570.4777299,5433012460.758722,0.0156895127993393,0.9843104872006606,0,0,0,Đạt,2026-06-14
2882,2,3,5,3,1356,152,39,113,1469,5433012460.758722,631913386.1109164,184337251.30782476,447576134.8030917,5880588595.561814,0.0287610619469026,0.9712389380530974,0,0,0,Đạt,2026-06-14
2883,3,3,5,3,1469,75,140,-65,1404,5880588595.561814,301184414.8788657,593111746.6751927,-291927331.796327,5588661263.765488,0.0953029271613342,0.9046970728386656,0,0,0,Đạt,2026-06-14
2884,4,3,5,3,1404,78,100,-22,1382,5588661263.765488,250177385.219237,443787967.54808414,-193610582.32884717,5395050681.436641,0.0712250712250712,0.9287749287749288,0,0,0,Đạt,2026-06-14
2885,5,3,5,3,1382,15,116,-101,1281,5395050681.436641,50753537.6138794,402185473.9040878,-351431936.2902084,5043618745.146432,0.0839363241678726,0.9160636758321272,0,0,0,Đạt,2026-06-14
2886,6,3,5,3,1281,173,106,67,1348,5043618745.146432,620029324.6472989,385611480.0416943,234417844.60560465,5278036589.752037,0.0827478532396565,0.9172521467603436,0,0,0,Đạt,2026-06-14
2887,7,3,5,3,1348,196,81,115,1463,5278036589.752037,632388404.1471379,326918209.1404165,305470195.0067214,5583506784.758759,0.0600890207715133,0.9399109792284868,0,0,0,Đạt,2026-06-14
2888,8,3,5,3,1463,38,135,-97,1366,5583506784.758759,180044316.07376716,487719026.50585926,-307674710.4320921,5275832074.326667,0.0922761449077238,0.9077238550922762,0,0,0,Đạt,2026-06-14
2889,9,3,5,3,1366,52,88,-36,1330,5275832074.326667,201837940.7238476,343926073.5365134,-142088132.81266582,5133743941.514001,0.0644216691068814,0.9355783308931186,0,0,0,Đạt,2026-06-14
2890,10,3,5,3,1330,60,102,-42,1288,5133743941.514001,210625300.86561564,386468934.2089902,-175843633.34337458,4957900308.170627,0.0766917293233082,0.9233082706766916,0,0,0,Đạt,2026-06-14
2891,11,3,5,3,1288,128,122,6,1294,4957900308.170627,470310743.7526574,467898808.12558806,2411935.627069354,4960312243.797696,0.0947204968944099,0.90527950310559,0,0,0,Đạt,2026-06-14
2892,12,3,5,3,1294,85,54,31,1325,4960312243.797696,365115915.6117421,250087452.3988931,115028463.212849,5075340707.010545,0.0417310664605873,0.9582689335394128,0,0,0,Đạt,2026-06-14
2893,1,3,5,4,1438,109,39,70,1508,835941232.3148664,64317171.42142423,26968435.151572537,37348736.269851685,873289968.5847181,0.0271210013908205,0.9728789986091794,0,0,0,Đạt,2026-06-14
2894,2,3,5,4,1508,121,31,90,1598,873289968.5847181,68681155.90484908,14855469.182399437,53825686.722449645,927115655.3071678,0.0205570291777188,0.9794429708222812,0,0,0,Đạt,2026-06-14
2895,3,3,5,4,1598,149,144,5,1603,927115655.3071678,103667234.76185106,78267703.01024245,25399531.75160861,952515187.0587764,0.0901126408010012,0.9098873591989988,0,0,0,Đạt,2026-06-14
2896,4,3,5,4,1603,168,123,45,1648,952515187.0587764,106086907.49603929,62614672.84927118,43472234.64676811,995987421.7055444,0.0767311291328758,0.9232688708671242,0,0,0,Đạt,2026-06-14
2897,5,3,5,4,1648,119,88,31,1679,995987421.7055444,61790599.29251549,42534040.98035355,19256558.312161945,1015243980.0177064,0.0533980582524271,0.9466019417475728,5,0,0,Cần kiểm tra,2026-06-14
2898,6,3,5,4,1679,31,89,-58,1621,1015243980.0177064,18445793.481661327,60346582.862249225,-41900789.3805879,973343190.6371185,0.0530077427039904,0.9469922572960096,0,0,0,Đạt,2026-06-14
2899,7,3,5,4,1621,109,125,-16,1605,973343190.6371185,65931061.84120583,65682703.38797127,248358.4532345608,973591549.090353,0.0771128932757557,0.9228871067242445,0,0,0,Đạt,2026-06-14
2900,8,3,5,4,1605,77,27,50,1655,973591549.090353,47832611.93326478,18260703.023847256,29571908.90941752,1003163457.9997704,0.016822429906542,0.983177570093458,0,0,0,Đạt,2026-06-14
2901,9,3,5,4,1655,152,117,35,1690,1003163457.9997704,74381265.75857705,55618155.51034326,18763110.248233788,1021926568.2480044,0.0706948640483383,0.9293051359516616,0,0,0,Đạt,2026-06-14
2902,10,3,5,4,1690,95,135,-40,1650,1021926568.2480044,55528185.66426607,87664712.2269048,-32136526.56263873,989790041.6853656,0.0798816568047337,0.9201183431952664,0,0,0,Đạt,2026-06-14
2903,11,3,5,4,1650,21,46,-25,1625,989790041.6853656,12866328.43783475,28420630.13247217,-15554301.694637418,974235739.990728,0.0278787878787878,0.9721212121212122,0,0,0,Đạt,2026-06-14
2904,12,3,5,4,1625,164,103,61,1686,974235739.990728,113120166.93622044,71176393.88637304,41943773.049847394,1016179513.0405756,0.0633846153846153,0.9366153846153846,0,0,0,Đạt,2026-06-14
2905,1,3,5,5,891,89,71,18,909,1931966213.8017871,154628940.4448771,124288159.77742696,30340780.667450115,1962306994.469237,0.079685746352413,0.920314253647587,0,0,0,Đạt,2026-06-14
2906,2,3,5,5,909,81,33,48,957,1962306994.469237,186923412.29333717,62342722.23011284,124580690.06322429,2086887684.5324616,0.0363036303630363,0.9636963696369636,0,0,0,Đạt,2026-06-14
2907,3,3,5,5,957,130,93,37,994,2086887684.5324616,288872676.3262102,234493204.54426903,54379471.781941146,2141267156.3144028,0.0971786833855799,0.90282131661442,0,0,0,Đạt,2026-06-14
2908,4,3,5,5,994,15,29,-14,980,2141267156.3144028,28979107.08714593,74248761.70154713,-45269654.6144012,2095997501.7000017,0.0291750503018108,0.9708249496981892,0,0,0,Đạt,2026-06-14
2909,5,3,5,5,980,59,37,22,1002,2095997501.7000017,107240271.79363067,79895444.70902453,27344827.08460614,2123342328.784608,0.0377551020408163,0.9622448979591836,0,0,0,Đạt,2026-06-14
2910,6,3,5,5,1002,93,33,60,1062,2123342328.784608,193450187.49875465,60421650.61374352,133028536.8850111,2256370865.669619,0.0329341317365269,0.9670658682634732,0,0,0,Đạt,2026-06-14
2911,7,3,5,5,1062,90,88,2,1064,2256370865.669619,210506811.59244707,180477822.54660457,30028989.0458425,2286399854.7154617,0.0828625235404896,0.9171374764595104,0,0,0,Đạt,2026-06-14
2912,8,3,5,5,1064,70,57,13,1077,2286399854.7154617,170744886.93082348,111390584.17715503,59354302.75366844,2345754157.46913,0.0535714285714285,0.9464285714285714,0,0,0,Đạt,2026-06-14
2913,9,3,5,5,1077,31,71,-40,1037,2345754157.46913,60675218.9224226,156053823.42605454,-95378604.50363192,2250375552.965498,0.0659238625812441,0.9340761374187558,0,0,0,Đạt,2026-06-14
2914,10,3,5,5,1037,58,64,-6,1031,2250375552.965498,117218683.43463498,147427036.91482177,-30208353.48018679,2220167199.485311,0.0617164898746383,0.9382835101253616,0,0,0,Đạt,2026-06-14
2915,11,3,5,5,1031,59,81,-22,1009,2220167199.485311,147490283.357524,173132919.55122188,-25642636.19369787,2194524563.291613,0.078564500484966,0.921435499515034,0,0,0,Đạt,2026-06-14
2916,12,3,5,5,1009,108,65,43,1052,2194524563.291613,261631045.52143785,129376901.38306125,132254144.1383766,2326778707.42999,0.064420218037661,0.9355797819623388,0,0,0,Đạt,2026-06-14
2917,1,3,5,6,1523,93,51,42,1565,2883010020.851469,188081346.82934925,102510782.67851576,85570564.15083349,2968580585.002303,0.0334865397242285,0.9665134602757716,0,0,0,Đạt,2026-06-14
2918,2,3,5,6,1565,144,110,34,1599,2968580585.002303,235676390.2000653,245709301.0916615,-10032910.891596198,2958547674.110707,0.0702875399361022,0.9297124600638976,0,0,0,Đạt,2026-06-14
2919,3,3,5,6,1599,189,64,125,1724,2958547674.110707,390055493.3181002,99679412.94055489,290376080.37754536,3248923754.488252,0.0400250156347717,0.9599749843652284,0,0,0,Đạt,2026-06-14
2920,4,3,5,6,1724,24,102,-78,1646,3248923754.488252,53605392.33426142,208074446.5195734,-154469054.18531197,3094454700.3029404,0.0591647331786542,0.9408352668213456,0,0,0,Đạt,2026-06-14
2921,5,3,5,6,1646,173,110,63,1709,3094454700.3029404,349341239.7891741,230692080.88469183,118649158.90448225,3213103859.2074227,0.0668286755771567,0.9331713244228432,0,0,0,Đạt,2026-06-14
2922,6,3,5,6,1709,74,134,-60,1649,3213103859.2074227,151306547.46246138,289630576.51823246,-138324029.05577108,3074779830.151652,0.0784084259801053,0.9215915740198948,0,0,0,Đạt,2026-06-14
2923,7,3,5,6,1649,131,78,53,1702,3074779830.151652,272844899.1248501,147374782.53455025,125470116.59029984,3200249946.741952,0.047301394784718,0.952698605215282,0,0,0,Đạt,2026-06-14
2924,8,3,5,6,1702,46,54,-8,1694,3200249946.741952,74126612.84566323,108640822.51968367,-34514209.674020454,3165735737.067932,0.0317273795534665,0.9682726204465336,0,0,0,Đạt,2026-06-14
2925,9,3,5,6,1694,185,165,20,1714,3165735737.067932,377232375.6152536,366064811.6524757,11167563.962777851,3176903301.0307093,0.0974025974025974,0.9025974025974026,0,0,0,Đạt,2026-06-14
2926,10,3,5,6,1714,170,55,115,1829,3176903301.0307093,274104725.79477125,93589041.68940169,180515684.1053696,3357418985.136079,0.0320886814469078,0.9679113185530922,0,0,0,Đạt,2026-06-14
2927,11,3,5,6,1829,81,122,-41,1788,3357418985.136079,181026969.4595388,231033480.6119615,-50006511.1524227,3307412473.983656,0.0667031164570803,0.9332968835429196,0,0,0,Đạt,2026-06-14
2928,12,3,5,6,1788,240,76,164,1952,3307412473.983656,423650114.44177085,124324784.72440164,299325329.7173692,3606737803.701025,0.0425055928411633,0.9574944071588368,10,0,0,Cần kiểm tra,2026-06-14
2929,1,3,5,7,1182,92,14,78,1260,4302868214.375657,364139658.4314256,57125785.252685055,307013873.1787405,4609882087.554398,0.0118443316412859,0.988155668358714,0,0,0,Đạt,2026-06-14
2930,2,3,5,7,1260,83,67,16,1276,4609882087.554398,326736242.8326366,199688811.59256035,127047431.24007624,4736929518.794474,0.0531746031746031,0.9468253968253968,0,0,0,Đạt,2026-06-14
2931,3,3,5,7,1276,30,43,-13,1263,4736929518.794474,130112893.43283576,135514862.81653488,-5401969.383699104,4731527549.410774,0.0336990595611285,0.9663009404388716,0,0,0,Đạt,2026-06-14
2932,4,3,5,7,1263,46,79,-33,1230,4731527549.410774,171026974.22434187,240429689.01740605,-69402714.79306418,4662124834.61771,0.0625494853523357,0.9374505146476644,0,0,0,Đạt,2026-06-14
2933,5,3,5,7,1230,181,72,109,1339,4662124834.61771,629080335.7641397,280956063.1215221,348124272.6426175,5010249107.260327,0.0585365853658536,0.9414634146341464,0,0,0,Đạt,2026-06-14
2934,6,3,5,7,1339,119,59,60,1399,5010249107.260327,511425677.17868775,186241318.0561644,325184359.12252337,5335433466.382851,0.0440627333831217,0.9559372666168784,0,0,0,Đạt,2026-06-14
2935,7,3,5,7,1399,93,57,36,1435,5335433466.382851,339831079.8503883,176554243.15898818,163276836.6914001,5498710303.074251,0.0407433881343817,0.9592566118656184,0,0,0,Đạt,2026-06-14
2936,8,3,5,7,1435,185,58,127,1562,5498710303.074251,665984324.7604767,206475324.04815653,459509000.7123202,5958219303.786572,0.0404181184668989,0.9595818815331012,0,0,0,Đạt,2026-06-14
2937,9,3,5,7,1562,82,112,-30,1532,5958219303.786572,239452928.4666628,404627539.6341653,-165174611.1675025,5793044692.619069,0.0717029449423815,0.9282970550576184,0,0,0,Đạt,2026-06-14
2938,10,3,5,7,1532,56,127,-71,1461,5793044692.619069,168803155.15547672,528860373.8152312,-360057218.6597544,5432987473.959314,0.0828981723237597,0.9171018276762402,0,0,0,Đạt,2026-06-14
2939,11,3,5,7,1461,183,134,49,1510,5432987473.959314,707125817.5566164,581784520.1615181,125341297.39509831,5558328771.354413,0.0917180013689254,0.9082819986310746,0,0,0,Đạt,2026-06-14
2940,12,3,5,7,1510,16,101,-85,1425,5558328771.354413,67398429.00860229,343125322.9576745,-275726893.94907224,5282601877.405341,0.066887417218543,0.9331125827814568,0,0,0,Đạt,2026-06-14
2941,1,3,6,1,1081,142,74,68,1149,3503236499.9829183,538942943.4097834,260041835.9469893,278901107.46279407,3782137607.445712,0.0684551341350601,0.93154486586494,0,0,0,Đạt,2026-06-14
2942,2,3,6,1,1149,169,67,102,1251,3782137607.445712,507018348.23659927,249482213.1686192,257536135.0679801,4039673742.513693,0.0583115752828546,0.9416884247171452,0,0,0,Đạt,2026-06-14
2943,3,3,6,1,1251,85,38,47,1298,4039673742.513693,323965012.96396834,144202461.6199672,179762551.34400114,4219436293.8576937,0.0303756994404476,0.9696243005595524,0,0,0,Đạt,2026-06-14
2944,4,3,6,1,1298,163,94,69,1367,4219436293.8576937,539215611.8786765,253041018.4575038,286174593.42117274,4505610887.278867,0.0724191063174114,0.9275808936825886,0,0,0,Đạt,2026-06-14
2945,5,3,6,1,1367,165,118,47,1414,4505610887.278867,481772280.60414106,333986168.8628769,147786111.74126416,4653396999.020131,0.0863204096561814,0.9136795903438186,0,0,0,Đạt,2026-06-14
2946,6,3,6,1,1414,203,28,175,1589,4653396999.020131,555249692.1379248,73662392.34503253,481587299.7928923,5134984298.813024,0.0198019801980198,0.9801980198019802,0,0,0,Đạt,2026-06-14
2947,7,3,6,1,1589,113,44,69,1658,5134984298.813024,327431200.5155196,114403464.35929286,213027736.15622675,5348012034.969251,0.0276903713027061,0.972309628697294,0,0,0,Đạt,2026-06-14
2948,8,3,6,1,1658,239,25,214,1872,5348012034.969251,895671973.519539,72494282.81028527,823177690.7092538,6171189725.678505,0.0150784077201447,0.9849215922798552,0,0,0,Đạt,2026-06-14
2949,9,3,6,1,1872,211,26,185,2057,6171189725.678505,753345882.0670065,71796971.76472111,681548910.3022853,6852738635.98079,0.0138888888888888,0.9861111111111112,0,0,0,Đạt,2026-06-14
2950,10,3,6,1,2057,156,53,103,2160,6852738635.98079,435123578.7587419,160755351.5536849,274368227.205057,7127106863.185847,0.0257656781720952,0.9742343218279048,0,0,0,Đạt,2026-06-14
2951,11,3,6,1,2160,175,172,3,2163,7127106863.185847,623100344.0944165,531144731.7210865,91955612.37333,7219062475.559177,0.0796296296296296,0.9203703703703704,0,0,0,Đạt,2026-06-14
2952,12,3,6,1,2163,169,53,116,2279,7219062475.559177,604534388.7443299,187583493.33495203,416950895.40937793,7636013370.968555,0.0245030050855293,0.9754969949144706,0,0,0,Đạt,2026-06-14
2953,1,3,6,2,1577,26,121,-95,1482,2092617130.957093,39036520.735347226,170386725.85066912,-131350205.11532187,1961266925.8417711,0.0767279644895371,0.9232720355104628,0,0,0,Đạt,2026-06-14
2954,2,3,6,2,1482,80,114,-34,1448,1961266925.8417711,121646030.73475794,176031407.46506178,-54385376.73030384,1906881549.1114676,0.0769230769230769,0.9230769230769232,0,0,0,Đạt,2026-06-14
2955,3,3,6,2,1448,194,91,103,1551,1906881549.1114676,211202991.96596536,135112984.35577682,76090007.61018854,1982971556.721656,0.0628453038674033,0.9371546961325968,0,0,0,Đạt,2026-06-14
2956,4,3,6,2,1551,162,35,127,1678,1982971556.721656,243697048.2600337,49548871.38825604,194148176.87177765,2177119733.5934334,0.0225660863958736,0.9774339136041263,0,0,0,Đạt,2026-06-14
2957,5,3,6,2,1678,38,121,-83,1595,2177119733.5934334,52544789.99509923,191869160.7889756,-139324370.79387635,2037795362.799557,0.0721096543504171,0.9278903456495828,0,0,0,Đạt,2026-06-14
2958,6,3,6,2,1595,57,60,-3,1592,2037795362.799557,70959970.46635205,67766785.56327745,3193184.9030745924,2040988547.7026317,0.0376175548589341,0.962382445141066,1,0,0,Cần kiểm tra,2026-06-14
2959,7,3,6,2,1592,155,148,7,1599,2040988547.7026317,187995709.11943007,209659514.1229352,-21663805.00350514,2019324742.6991265,0.092964824120603,0.907035175879397,7,4,0,Cần kiểm tra,2026-06-14
2960,8,3,6,2,1599,85,113,-28,1571,2019324742.6991265,111634348.05685666,178340298.85097894,-66705950.79412228,1952618791.905004,0.0706691682301438,0.9293308317698562,0,0,0,Đạt,2026-06-14
2961,9,3,6,2,1571,148,37,111,1682,1952618791.905004,212695089.95349556,45431368.67524175,167263721.2782538,2119882513.1832576,0.0235518777848504,0.9764481222151496,0,0,0,Đạt,2026-06-14
2962,10,3,6,2,1682,164,164,0,1682,2119882513.1832576,217570346.97510177,227553166.07647964,-9982819.101377876,2109899694.08188,0.0975029726516052,0.9024970273483948,0,0,0,Đạt,2026-06-14
2963,11,3,6,2,1682,151,150,1,1683,2109899694.08188,204273058.7058001,203436444.70199227,836614.0038078129,2110736308.085688,0.089179548156956,0.910820451843044,0,0,0,Đạt,2026-06-14
2964,12,3,6,2,1683,182,47,135,1818,2110736308.085688,265260884.7879166,73645252.72589849,191615632.0620181,2302351940.1477056,0.0279263220439691,0.972073677956031,0,0,0,Đạt,2026-06-14
2965,1,3,6,3,1899,271,124,147,2046,6152807572.361959,931695065.1335818,468804924.1165565,462890141.0170252,6615697713.378984,0.0652975250131648,0.9347024749868352,0,0,0,Đạt,2026-06-14
2966,2,3,6,3,2046,68,156,-88,1958,6615697713.378984,222768793.5388024,604687861.0513567,-381919067.5125543,6233778645.86643,0.0762463343108504,0.9237536656891496,0,0,0,Đạt,2026-06-14
2967,3,3,6,3,1958,161,149,12,1970,6233778645.86643,568803599.2538273,419873730.7006673,148929868.55316,6382708514.41959,0.0760980592441266,0.9239019407558732,0,0,0,Đạt,2026-06-14
2968,4,3,6,3,1970,285,180,105,2075,6382708514.41959,831373416.4443475,661453641.6959822,169919774.74836528,6552628289.167955,0.0913705583756345,0.9086294416243654,0,0,0,Đạt,2026-06-14
2969,5,3,6,3,2075,160,189,-29,2046,6552628289.167955,515883761.0804586,707307435.3071123,-191423674.22665372,6361204614.941301,0.0910843373493976,0.9089156626506024,0,0,0,Đạt,2026-06-14
2970,6,3,6,3,2046,257,139,118,2164,6361204614.941301,728861183.3077384,396894457.5522836,331966725.75545484,6693171340.696756,0.0679374389051808,0.9320625610948192,0,0,0,Đạt,2026-06-14
2971,7,3,6,3,2164,263,50,213,2377,6693171340.696756,687881258.9497068,135780336.91050187,552100922.039205,7245272262.735961,0.0231053604436229,0.9768946395563772,3,0,0,Cần kiểm tra,2026-06-14
2972,8,3,6,3,2377,244,138,106,2483,7245272262.735961,691471777.0117195,416379893.8268847,275091883.1848348,7520364145.920795,0.058056373580143,0.941943626419857,0,0,0,Đạt,2026-06-14
2973,9,3,6,3,2483,269,197,72,2555,7520364145.920795,744394572.0582222,636881746.5484996,107512825.5097226,7627876971.430518,0.0793395086588803,0.9206604913411196,0,0,0,Đạt,2026-06-14
2974,10,3,6,3,2555,72,218,-146,2409,7627876971.430518,225003702.6304533,621090328.1047214,-396086625.47426814,7231790345.95625,0.0853228962818004,0.9146771037181995,0,0,0,Đạt,2026-06-14
2975,11,3,6,3,2409,140,143,-3,2406,7231790345.95625,529491199.060969,492957288.9399627,36533910.12100631,7268324256.077256,0.0593607305936073,0.9406392694063928,0,0,0,Đạt,2026-06-14
2976,12,3,6,3,2406,41,44,-3,2403,7268324256.077256,128729327.29104728,163684422.1608278,-34955094.86978051,7233369161.207476,0.0182876142975893,0.9817123857024106,0,0,0,Đạt,2026-06-14
2977,1,3,6,4,1148,126,41,85,1233,5596251641.909517,505065817.3487827,228338877.919609,276726939.4291737,5872978581.338691,0.0357142857142857,0.9642857142857144,0,0,0,Đạt,2026-06-14
2978,2,3,6,4,1233,39,70,-31,1202,5872978581.338691,196471855.0153307,385109837.1630522,-188637982.1477215,5684340599.190969,0.056772100567721,0.943227899432279,0,0,0,Đạt,2026-06-14
2979,3,3,6,4,1202,157,71,86,1288,5684340599.190969,831510964.4311813,374844647.8916748,456666316.53950655,6141006915.730476,0.0590682196339434,0.9409317803660566,0,0,0,Đạt,2026-06-14
2980,4,3,6,4,1288,27,34,-7,1281,6141006915.730476,138768231.07125482,162595879.58184132,-23827648.5105865,6117179267.21989,0.0263975155279503,0.9736024844720496,0,0,0,Đạt,2026-06-14
2981,5,3,6,4,1281,21,114,-93,1188,6117179267.21989,115176157.80932346,548620588.3245912,-433444430.5152677,5683734836.704622,0.0889929742388758,0.911007025761124,0,0,0,Đạt,2026-06-14
2982,6,3,6,4,1188,145,105,40,1228,5683734836.704622,720293757.3949243,455748946.2494142,264544811.14551008,5948279647.850132,0.0883838383838383,0.9116161616161615,0,0,0,Đạt,2026-06-14
2983,7,3,6,4,1228,49,110,-61,1167,5948279647.850132,275311419.8008264,587059123.5114654,-311747703.71063906,5636531944.139493,0.0895765472312703,0.9104234527687296,0,0,0,Đạt,2026-06-14
2984,8,3,6,4,1167,61,41,20,1187,5636531944.139493,341824676.7099735,185463878.99448517,156360797.71548837,5792892741.854981,0.0351328191945158,0.9648671808054842,0,0,0,Đạt,2026-06-14
2985,9,3,6,4,1187,30,33,-3,1184,5792892741.854981,161212461.55712062,159951308.99919045,1261152.5579301715,5794153894.412911,0.0278011794439764,0.9721988205560236,0,0,0,Đạt,2026-06-14
2986,10,3,6,4,1184,26,38,-12,1172,5794153894.412911,104207997.24482349,154190679.15145636,-49982681.906632885,5744171212.506279,0.0320945945945945,0.9679054054054054,0,0,0,Đạt,2026-06-14
2987,11,3,6,4,1172,76,56,20,1192,5744171212.506279,442795471.742005,313324401.0832095,129471070.65879548,5873642283.165074,0.0477815699658703,0.9522184300341296,0,0,0,Đạt,2026-06-14
2988,12,3,6,4,1192,64,91,-27,1165,5873642283.165074,328218461.5092093,468326851.9510703,-140108390.44186103,5733533892.723213,0.0763422818791946,0.9236577181208052,0,0,0,Đạt,2026-06-14
2989,1,3,6,5,1641,87,43,44,1685,5914908388.482102,341744951.08242446,128732420.8112852,213012530.2711393,6127920918.753242,0.0262035344302254,0.9737964655697744,0,0,0,Đạt,2026-06-14
2990,2,3,6,5,1685,230,70,160,1845,6127920918.753242,910929002.4844096,238985311.8015944,671943690.6828153,6799864609.436057,0.0415430267062314,0.9584569732937686,0,0,0,Đạt,2026-06-14
2991,3,3,6,5,1845,179,166,13,1858,6799864609.436057,586692495.977554,644600747.8333409,-57908251.85578692,6741956357.58027,0.0899728997289972,0.9100271002710028,0,0,0,Đạt,2026-06-14
2992,4,3,6,5,1858,171,62,109,1967,6741956357.58027,713597982.99516,203302091.89205712,510295891.10310286,7252252248.6833725,0.0333692142088266,0.9666307857911732,0,0,0,Đạt,2026-06-14
2993,5,3,6,5,1967,130,124,6,1973,7252252248.6833725,521266684.3820986,505694064.8447664,15572619.537332237,7267824868.220705,0.0630401626842908,0.9369598373157092,0,0,0,Đạt,2026-06-14
2994,6,3,6,5,1973,204,123,81,2054,7267824868.220705,806002490.1196243,452053845.1504416,353948644.96918267,7621773513.189888,0.062341611758743,0.937658388241257,3,0,0,Cần kiểm tra,2026-06-14
2995,7,3,6,5,2054,178,140,38,2092,7621773513.189888,676743365.0445671,545153912.3230383,131589452.72152875,7753362965.911417,0.0681596884128529,0.931840311587147,0,0,0,Đạt,2026-06-14
2996,8,3,6,5,2092,308,44,264,2356,7753362965.911417,1241489804.801272,170237637.45308074,1071252167.3481911,8824615133.259607,0.0210325047801147,0.9789674952198852,0,0,0,Đạt,2026-06-14
2997,9,3,6,5,2356,197,29,168,2524,8824615133.259607,711685098.7557342,103175188.3553924,608509910.4003417,9433125043.659948,0.0123089983022071,0.9876910016977928,0,0,0,Đạt,2026-06-14
2998,10,3,6,5,2524,293,121,172,2696,9433125043.659948,1257638303.6080475,424195467.3335918,833442836.2744559,10266567879.934404,0.0479397781299524,0.9520602218700476,0,0,0,Đạt,2026-06-14
2999,11,3,6,5,2696,120,137,-17,2679,10266567879.934404,401799782.7748985,416666505.68719214,-14866722.912293611,10251701157.02211,0.0508160237388724,0.9491839762611276,0,0,0,Đạt,2026-06-14
3000,12,3,6,5,2679,184,201,-17,2662,10251701157.02211,698511200.8812205,865252974.8681868,-166741773.98696637,10084959383.035145,0.0750279955207166,0.9249720044792832,0,0,0,Đạt,2026-06-14
3001,1,3,6,6,1129,82,109,-27,1102,5570059240.438586,385860872.35846406,501698285.199389,-115837412.84092492,5454221827.597661,0.0965456155890168,0.9034543844109832,0,0,0,Đạt,2026-06-14
3002,2,3,6,6,1102,77,76,1,1103,5454221827.597661,304259658.0395173,339646109.5266761,-35386451.487158835,5418835376.110502,0.0689655172413793,0.9310344827586208,0,0,0,Đạt,2026-06-14
3003,3,3,6,6,1103,53,33,20,1123,5418835376.110502,261848055.87246275,159114003.83060566,102734052.0418571,5521569428.152359,0.0299184043517679,0.970081595648232,0,0,0,Đạt,2026-06-14
3004,4,3,6,6,1123,76,105,-29,1094,5521569428.152359,446323745.69491696,510598779.0793089,-64275033.38439196,5457294394.767967,0.0934995547640249,0.9065004452359752,0,0,0,Đạt,2026-06-14
3005,5,3,6,6,1094,65,49,16,1110,5457294394.767967,300603479.5473013,201213910.3754644,99389569.17183688,5556683963.939804,0.0447897623400365,0.9552102376599634,0,0,0,Đạt,2026-06-14
3006,6,3,6,6,1110,20,28,-8,1102,5556683963.939804,92601357.0648642,114003814.7963495,-21402457.73148529,5535281506.208319,0.0252252252252252,0.9747747747747748,0,0,0,Đạt,2026-06-14
3007,7,3,6,6,1102,128,31,97,1199,5535281506.208319,592018183.7670419,169301050.39477724,422717133.3722647,5957998639.580584,0.028130671506352,0.971869328493648,0,0,0,Đạt,2026-06-14
3008,8,3,6,6,1199,75,95,-20,1179,5957998639.580584,312039627.0816528,433828327.0639548,-121788699.98230197,5836209939.598282,0.0792326939115929,0.920767306088407,0,0,0,Đạt,2026-06-14
3009,9,3,6,6,1179,115,86,29,1208,5836209939.598282,644517165.5809097,396352765.92292166,248164399.65798807,6084374339.256269,0.0729431721798134,0.9270568278201866,0,0,0,Đạt,2026-06-14
3010,10,3,6,6,1208,40,51,-11,1197,6084374339.256269,233633115.314068,289828451.0600054,-56195335.74593747,6028179003.510332,0.0422185430463576,0.9577814569536424,0,0,0,Đạt,2026-06-14
3011,11,3,6,6,1197,126,96,30,1227,6028179003.510332,735287947.6306525,497110007.529075,238177940.10157752,6266356943.61191,0.0802005012531328,0.9197994987468672,0,0,0,Đạt,2026-06-14
3012,12,3,6,6,1227,25,52,-27,1200,6266356943.61191,136434254.90668297,300423261.75503856,-163989006.8483556,6102367936.763555,0.0423797881010594,0.9576202118989404,0,0,0,Đạt,2026-06-14
3013,1,3,6,7,1090,118,59,59,1149,3483088451.019354,388200960.0874844,200872953.0251115,187328007.0623729,3670416458.081727,0.0541284403669724,0.9458715596330276,0,0,0,Đạt,2026-06-14
3014,2,3,6,7,1149,15,12,3,1152,3670416458.081727,42210391.42190167,36241080.741728805,5969310.680172868,3676385768.7619,0.010443864229765,0.9895561357702348,0,0,0,Đạt,2026-06-14
3015,3,3,6,7,1152,57,88,-31,1121,3676385768.7619,191202862.57784015,317569908.6351978,-126367046.05735764,3550018722.7045417,0.0763888888888889,0.9236111111111112,0,0,0,Đạt,2026-06-14
3016,4,3,6,7,1121,15,101,-86,1035,3550018722.7045417,54958431.42599243,315631818.56424505,-260673387.13825265,3289345335.566289,0.0900981266726137,0.9099018733273864,0,0,0,Đạt,2026-06-14
3017,5,3,6,7,1035,41,73,-32,1003,3289345335.566289,156175942.497606,239806332.81320223,-83630390.31559625,3205714945.250693,0.0705314009661835,0.9294685990338164,7,0,0,Cần kiểm tra,2026-06-14
3018,6,3,6,7,1003,98,76,22,1025,3205714945.250693,316060397.6518955,285447433.8291596,30612963.822735965,3236327909.0734286,0.0757726819541375,0.9242273180458624,0,0,0,Đạt,2026-06-14
3019,7,3,6,7,1025,115,27,88,1113,3236327909.0734286,304932269.8034094,84528389.23627006,220403880.56713933,3456731789.640568,0.0263414634146341,0.9736585365853658,0,0,0,Đạt,2026-06-14
3020,8,3,6,7,1113,62,107,-45,1068,3456731789.640568,218329227.0231292,395416590.9123289,-177087363.88919973,3279644425.751368,0.096136567834681,0.903863432165319,0,0,0,Đạt,2026-06-14
3021,9,3,6,7,1068,45,19,26,1094,3279644425.751368,146739891.97996646,60291247.71329297,86448644.26667349,3366093070.0180416,0.0177902621722846,0.9822097378277154,0,0,0,Đạt,2026-06-14
3022,10,3,6,7,1094,81,20,61,1155,3366093070.0180416,299077866.10677284,51769778.95564718,247308087.15112567,3613401157.169168,0.0182815356489945,0.9817184643510056,0,0,0,Đạt,2026-06-14
3023,11,3,6,7,1155,140,101,39,1194,3613401157.169168,453897926.0039572,279722911.8191904,174175014.18476677,3787576171.3539343,0.0874458874458874,0.9125541125541126,0,0,0,Đạt,2026-06-14
3024,12,3,6,7,1194,51,43,8,1202,3787576171.3539343,170776877.13940084,156551325.43616176,14225551.703239083,3801801723.057173,0.0360134003350083,0.9639865996649916,0,0,0,Đạt,2026-06-14
3025,1,3,7,1,193,7,8,-1,192,99773004.58345307,4248444.564836622,3502053.7710791985,746390.7937574238,100519395.37721051,0.0414507772020725,0.9585492227979274,0,0,0,Đạt,2026-06-14
3026,2,3,7,1,192,16,4,12,204,100519395.37721051,7429180.671418365,2270377.153857868,5158803.517560497,105678198.894771,0.0208333333333333,0.9791666666666666,0,0,0,Đạt,2026-06-14
3027,3,3,7,1,204,27,6,21,225,105678198.894771,16453966.195133368,3285903.73371459,13168062.461418778,118846261.3561898,0.0294117647058823,0.9705882352941176,0,0,0,Đạt,2026-06-14
3028,4,3,7,1,225,2,10,-8,217,118846261.3561898,1089119.544841261,4512167.258496624,-3423047.713655364,115423213.64253442,0.0444444444444444,0.9555555555555556,0,0,0,Đạt,2026-06-14
3029,5,3,7,1,217,30,21,9,226,115423213.64253442,12853168.22233582,11715012.633837271,1138155.5884985477,116561369.23103295,0.0967741935483871,0.9032258064516128,0,0,0,Đạt,2026-06-14
3030,6,3,7,1,226,29,11,18,244,116561369.23103295,16336197.738410495,6086710.081609855,10249487.656800644,126810856.8878336,0.0486725663716814,0.9513274336283186,0,0,0,Đạt,2026-06-14
3031,7,3,7,1,244,11,7,4,248,126810856.8878336,6048333.796890266,4136389.8388888063,1911943.95800146,128722800.84583507,0.0286885245901639,0.971311475409836,0,0,0,Đạt,2026-06-14
3032,8,3,7,1,248,2,18,-16,232,128722800.84583507,1104523.588908249,10487638.514535137,-9383114.925626889,119339685.9202082,0.0725806451612903,0.9274193548387096,0,0,0,Đạt,2026-06-14
3033,9,3,7,1,232,4,11,-7,225,119339685.9202082,2022956.6292861556,4818547.545728483,-2795590.916442328,116544095.00376584,0.0474137931034482,0.9525862068965516,0,0,0,Đạt,2026-06-14
3034,10,3,7,1,225,16,3,13,238,116544095.00376584,8629217.815907117,1658822.1884153888,6970395.627491728,123514490.63125758,0.0133333333333333,0.9866666666666668,0,0,0,Đạt,2026-06-14
3035,11,3,7,1,238,33,11,22,260,123514490.63125758,16250364.021025645,5384310.67442717,10866053.346598472,134380543.97785604,0.0462184873949579,0.953781512605042,0,0,0,Đạt,2026-06-14
3036,12,3,7,1,260,11,23,-12,248,134380543.97785604,6431566.442475831,10733341.11109555,-4301774.668619718,130078769.30923632,0.0884615384615384,0.9115384615384616,0,0,0,Đạt,2026-06-14
3037,1,3,7,2,105,6,9,-3,102,283245621.92916816,14100722.176218435,24761379.05771667,-10660656.881498234,272584965.04766995,0.0857142857142857,0.9142857142857144,0,0,0,Đạt,2026-06-14
3038,2,3,7,2,102,9,5,4,106,272584965.04766995,20854949.62721701,12360103.565830627,8494846.061386378,281079811.10905635,0.0490196078431372,0.9509803921568628,0,0,0,Đạt,2026-06-14
3039,3,3,7,2,106,14,5,9,115,281079811.10905635,40062528.66025454,11866836.36226114,28195692.2979934,309275503.4070498,0.0471698113207547,0.9528301886792452,0,0,0,Đạt,2026-06-14
3040,4,3,7,2,115,13,8,5,120,309275503.4070498,35432252.296370074,22612987.437690254,12819264.858679816,322094768.2657296,0.0695652173913043,0.9304347826086956,0,0,0,Đạt,2026-06-14
3041,5,3,7,2,120,8,2,6,126,322094768.2657296,18887052.33246627,5574104.611324998,13312947.721141271,335407715.9868709,0.0166666666666666,0.9833333333333332,0,0,0,Đạt,2026-06-14
3042,6,3,7,2,126,18,2,16,142,335407715.9868709,39416471.54839604,6319541.46698027,33096930.08141577,368504646.06828666,0.0158730158730158,0.9841269841269842,0,0,0,Đạt,2026-06-14
3043,7,3,7,2,142,14,9,5,147,368504646.06828666,44688972.79861335,28391820.912540164,16297151.886073183,384801797.9543598,0.0633802816901408,0.9366197183098592,0,0,0,Đạt,2026-06-14
3044,8,3,7,2,147,15,3,12,159,384801797.9543598,46055930.99340294,8813592.35221123,37242338.64119171,422044136.5955516,0.0204081632653061,0.979591836734694,0,0,0,Đạt,2026-06-14
3045,9,3,7,2,159,13,12,1,160,422044136.5955516,31781711.32473064,31802957.850349087,-21246.52561844513,422022890.0699331,0.0754716981132075,0.9245283018867924,0,0,0,Đạt,2026-06-14
3046,10,3,7,2,160,12,3,9,169,422022890.0699331,34042133.49079827,8587744.259461438,25454389.231336832,447477279.30127,0.01875,0.98125,7,0,0,Cần kiểm tra,2026-06-14
3047,11,3,7,2,169,13,11,2,171,447477279.30127,39298991.17623417,33227452.50909605,6071538.667138122,453548817.9684081,0.0650887573964497,0.9349112426035504,0,0,0,Đạt,2026-06-14
3048,12,3,7,2,171,3,3,0,171,453548817.9684081,8517804.025565416,9372026.74369076,-854222.7181253452,452694595.2502827,0.0175438596491228,0.9824561403508772,0,0,0,Đạt,2026-06-14
3049,1,3,7,3,90,1,5,-4,86,314678442.82669854,4035336.905764745,18945567.49683899,-14910230.591074243,299768212.2356243,0.0555555555555555,0.9444444444444444,0,0,0,Đạt,2026-06-14
3050,2,3,7,3,86,5,8,-3,83,299768212.2356243,18465844.467280462,32159955.14817576,-13694110.680895297,286074101.55472904,0.0930232558139534,0.9069767441860466,0,0,0,Đạt,2026-06-14
3051,3,3,7,3,83,5,4,1,84,286074101.55472904,19100204.980225872,11796652.642582595,7303552.337643277,293377653.8923723,0.0481927710843373,0.9518072289156626,2,0,0,Cần kiểm tra,2026-06-14
3052,4,3,7,3,84,9,4,5,89,293377653.8923723,28978780.426242463,16749258.237012813,12229522.189229652,305607176.081602,0.0476190476190476,0.9523809523809524,0,0,0,Đạt,2026-06-14
3053,5,3,7,3,89,3,8,-5,84,305607176.081602,8487190.567145972,33284395.36545085,-24797204.79830488,280809971.2832971,0.0898876404494382,0.9101123595505618,0,0,0,Đạt,2026-06-14
3054,6,3,7,3,84,4,5,-1,83,280809971.2832971,13268162.942783007,15910817.009029578,-2642654.066246571,278167317.2170505,0.0595238095238095,0.9404761904761904,0,0,0,Đạt,2026-06-14
3055,7,3,7,3,83,8,7,1,84,278167317.2170505,23662264.59176599,25062607.540967517,-1400342.9492015245,276766974.267849,0.0843373493975903,0.9156626506024096,0,0,0,Đạt,2026-06-14
3056,8,3,7,3,84,9,1,8,92,276766974.267849,33841134.810074784,3812059.71443685,30029075.09563793,306796049.36348695,0.0119047619047619,0.988095238095238,0,0,0,Đạt,2026-06-14
3057,9,3,7,3,92,1,6,-5,87,306796049.36348695,3852759.562403101,22973393.004655223,-19120633.44225212,287675415.92123485,0.0652173913043478,0.9347826086956522,0,0,0,Đạt,2026-06-14
3058,10,3,7,3,87,12,1,11,98,287675415.92123485,39021122.70607863,3852680.656359717,35168442.04971892,322843857.97095376,0.0114942528735632,0.9885057471264368,0,0,0,Đạt,2026-06-14
3059,11,3,7,3,98,4,3,1,99,322843857.97095376,14896188.655321063,11438420.457833417,3457768.1974876486,326301626.1684414,0.0306122448979591,0.9693877551020408,0,0,0,Đạt,2026-06-14
3060,12,3,7,3,99,11,3,8,107,326301626.1684414,34499632.73120951,11880176.821762173,22619455.90944733,348921082.0778887,0.0303030303030303,0.9696969696969696,0,0,0,Đạt,2026-06-14
3061,1,3,7,4,140,7,4,3,143,481098601.6563028,24313443.115523364,15861551.490064636,8451891.625458729,489550493.2817615,0.0285714285714285,0.9714285714285714,4,4,0,Cần kiểm tra,2026-06-14
3062,2,3,7,4,143,3,9,-6,137,489550493.2817615,10544381.060607336,26721452.61009314,-16177071.549485805,473373421.7322757,0.0629370629370629,0.9370629370629372,0,0,0,Đạt,2026-06-14
3063,3,3,7,4,137,20,11,9,146,473373421.7322757,66430035.141732365,32208251.419975247,34221783.721757114,507595205.4540328,0.0802919708029197,0.9197080291970804,0,0,0,Đạt,2026-06-14
3064,4,3,7,4,146,18,13,5,151,507595205.4540328,60439210.88494313,44947918.91260224,15491291.97234089,523086497.4263737,0.0890410958904109,0.910958904109589,0,0,0,Đạt,2026-06-14
3065,5,3,7,4,151,12,4,8,159,523086497.4263737,38994768.85791932,14401086.339653518,24593682.5182658,547680179.9446396,0.0264900662251655,0.9735099337748344,0,0,0,Đạt,2026-06-14
3066,6,3,7,4,159,7,3,4,163,547680179.9446396,20602154.576694798,11077505.476080984,9524649.10061381,557204829.0452534,0.0188679245283018,0.981132075471698,2,0,0,Cần kiểm tra,2026-06-14
3067,7,3,7,4,163,21,6,15,178,557204829.0452534,72576910.91269323,21218525.38378922,51358385.52890401,608563214.5741574,0.0368098159509202,0.9631901840490796,0,0,0,Đạt,2026-06-14
3068,8,3,7,4,178,9,4,5,183,608563214.5741574,32534403.37697428,12402967.079119287,20131436.29785499,628694650.8720124,0.0224719101123595,0.9775280898876404,0,0,0,Đạt,2026-06-14
3069,9,3,7,4,183,4,11,-7,176,628694650.8720124,16067494.793905633,32314315.78815523,-16246820.9942496,612447829.8777628,0.0601092896174863,0.9398907103825136,0,0,0,Đạt,2026-06-14
3070,10,3,7,4,176,3,14,-11,165,612447829.8777628,10304852.346146218,56141459.98438554,-45836607.63823933,566611222.2395234,0.0795454545454545,0.9204545454545454,0,0,0,Đạt,2026-06-14
3071,11,3,7,4,165,17,12,5,170,566611222.2395234,48931115.86055241,41068201.10200189,7862914.758550517,574474136.9980739,0.0727272727272727,0.9272727272727272,0,0,0,Đạt,2026-06-14
3072,12,3,7,4,170,2,2,0,170,574474136.9980739,7447897.914971815,7656139.047371704,-208241.1323998887,574265895.865674,0.0117647058823529,0.9882352941176472,0,0,0,Đạt,2026-06-14
3073,1,3,7,5,88,10,8,2,90,83302827.23085622,10325696.369726343,6233376.90718356,4092319.462542785,87395146.69339901,0.0909090909090909,0.9090909090909092,0,0,0,Đạt,2026-06-14
3074,2,3,7,5,90,2,2,0,90,87395146.69339901,1660332.4917677692,1702591.9974429633,-42259.50567519409,87352887.18772382,0.0222222222222222,0.9777777777777776,0,0,0,Đạt,2026-06-14
3075,3,3,7,5,90,6,8,-2,88,87352887.18772382,4922470.436983151,8079360.467568052,-3156890.0305849006,84195997.15713891,0.0888888888888888,0.9111111111111112,0,0,0,Đạt,2026-06-14
3076,4,3,7,5,88,12,2,10,98,84195997.15713891,13587893.750184238,2168688.067524623,11419205.682659617,95615202.83979852,0.0227272727272727,0.9772727272727272,0,0,0,Đạt,2026-06-14
3077,5,3,7,5,98,2,1,1,99,95615202.83979852,1536997.672060222,895616.6041704365,641381.0678897854,96256583.9076883,0.010204081632653,0.9897959183673468,0,0,0,Đạt,2026-06-14
3078,6,3,7,5,99,8,3,5,104,96256583.9076883,8043091.54281048,2623616.6575784325,5419474.885232048,101676058.79292037,0.0303030303030303,0.9696969696969696,0,0,0,Đạt,2026-06-14
3079,7,3,7,5,104,4,2,2,106,101676058.79292037,3651638.0335791935,1864054.3922706773,1787583.6413085165,103463642.43422888,0.0192307692307692,0.9807692307692308,0,0,0,Đạt,2026-06-14
3080,8,3,7,5,106,2,3,-1,105,103463642.43422888,1557131.334652024,3184119.257370369,-1626987.9227183457,101836654.51151052,0.0283018867924528,0.9716981132075472,0,0,0,Đạt,2026-06-14
3081,9,3,7,5,105,8,3,5,110,101836654.51151052,6468723.786917057,2940927.6014356096,3527796.1854814477,105364450.69699197,0.0285714285714285,0.9714285714285714,0,0,0,Đạt,2026-06-14
3082,10,3,7,5,110,6,4,2,112,105364450.69699197,5390534.863931765,3824016.481067219,1566518.382864546,106930969.07985651,0.0363636363636363,0.9636363636363636,0,0,0,Đạt,2026-06-14
3083,11,3,7,5,112,13,9,4,116,106930969.07985651,10687869.164491449,9576913.071769584,1110956.0927218627,108041925.17257838,0.0803571428571428,0.9196428571428572,0,0,0,Đạt,2026-06-14
3084,12,3,7,5,116,15,3,12,128,108041925.17257838,15146181.100981897,2864302.3869904764,12281878.71399142,120323803.8865698,0.0258620689655172,0.9741379310344828,0,0,0,Đạt,2026-06-14
3085,1,3,7,6,124,13,10,3,127,354996410.71226674,38912436.03170606,32514048.39584322,6398387.635862839,361394798.3481296,0.0806451612903225,0.9193548387096774,0,0,0,Đạt,2026-06-14
3086,2,3,7,6,127,13,8,5,132,361394798.3481296,33283905.267395023,19451079.118373696,13832826.149021327,375227624.4971509,0.0629921259842519,0.937007874015748,0,0,0,Đạt,2026-06-14
3087,3,3,7,6,132,1,10,-9,123,375227624.4971509,2349554.4870598568,25876882.142553333,-23527327.655493475,351700296.8416574,0.0757575757575757,0.9242424242424242,0,0,0,Đạt,2026-06-14
3088,4,3,7,6,123,12,2,10,133,351700296.8416574,37605521.4697055,4781580.323468047,32823941.14623745,384524237.9878948,0.016260162601626,0.983739837398374,0,0,0,Đạt,2026-06-14
3089,5,3,7,6,133,11,4,7,140,384524237.9878948,26606242.711439505,10111740.619291982,16494502.092147524,401018740.0800424,0.0300751879699248,0.9699248120300752,0,0,0,Đạt,2026-06-14
3090,6,3,7,6,140,8,8,0,140,401018740.0800424,20130125.748468462,18680288.16036137,1449837.5881070904,402468577.6681495,0.0571428571428571,0.9428571428571428,0,0,0,Đạt,2026-06-14
3091,7,3,7,6,140,6,7,-1,139,402468577.6681495,17557371.07022624,19563168.18933251,-2005797.1191062704,400462780.5490432,0.05,0.95,0,0,0,Đạt,2026-06-14
3092,8,3,7,6,139,4,12,-8,131,400462780.5490432,11276509.59185723,39747678.81354,-28471169.221682765,371991611.3273604,0.0863309352517985,0.9136690647482014,0,0,0,Đạt,2026-06-14
3093,9,3,7,6,131,9,9,0,131,371991611.3273604,30696424.705272894,25789983.552455816,4906441.152817082,376898052.4801775,0.0687022900763358,0.931297709923664,0,0,0,Đạt,2026-06-14
3094,10,3,7,6,131,14,3,11,142,376898052.4801775,41055431.587461695,8239093.074525749,32816338.512935944,409714390.9931134,0.0229007633587786,0.9770992366412212,0,0,0,Đạt,2026-06-14
3095,11,3,7,6,142,8,12,-4,138,409714390.9931134,26929734.949102703,35917241.89881609,-8987506.949713383,400726884.0434,0.0845070422535211,0.9154929577464788,0,0,0,Đạt,2026-06-14
3096,12,3,7,6,138,16,11,5,143,400726884.0434,44276322.46350255,28471166.48947662,15805155.974025927,416532040.0174259,0.0797101449275362,0.9202898550724636,0,0,0,Đạt,2026-06-14
3097,1,3,7,7,150,7,7,0,150,623192541.3848053,33647745.949312784,25343565.581009097,8304180.368303686,631496721.753109,0.0466666666666666,0.9533333333333334,0,0,0,Đạt,2026-06-14
3098,2,3,7,7,150,8,4,4,154,631496721.753109,33633299.27699492,16023952.005426696,17609347.271568224,649106069.0246772,0.0266666666666666,0.9733333333333334,0,0,0,Đạt,2026-06-14
3099,3,3,7,7,154,13,10,3,157,649106069.0246772,59706250.58876575,48679807.77097279,11026442.81779296,660132511.8424702,0.0649350649350649,0.935064935064935,0,0,0,Đạt,2026-06-14
3100,4,3,7,7,157,14,4,10,167,660132511.8424702,65237757.650786944,18505388.95611425,46732368.69467269,706864880.5371429,0.0254777070063694,0.9745222929936306,0,0,0,Đạt,2026-06-14
3101,5,3,7,7,167,21,11,10,177,706864880.5371429,97941119.51000509,50531048.82801333,47410070.68199174,754274951.2191346,0.0658682634730539,0.934131736526946,0,0,0,Đạt,2026-06-14
3102,6,3,7,7,177,8,15,-7,170,754274951.2191346,33296954.449243844,69497876.76490259,-36200922.31565875,718074028.9034758,0.0847457627118644,0.9152542372881356,0,0,0,Đạt,2026-06-14
3103,7,3,7,7,170,8,12,-4,166,718074028.9034758,35838657.31083543,43869284.63695417,-8030627.326118745,710043401.577357,0.0705882352941176,0.9294117647058824,0,0,0,Đạt,2026-06-14
3104,8,3,7,7,166,2,1,1,167,710043401.577357,9890608.216416406,4936918.686766664,4953689.529649742,714997091.1070068,0.0060240963855421,0.993975903614458,0,0,0,Đạt,2026-06-14
3105,9,3,7,7,167,6,7,-1,166,714997091.1070068,29167360.671078827,33867405.468896225,-4700044.797817398,710297046.3091894,0.0419161676646706,0.9580838323353292,0,0,0,Đạt,2026-06-14
3106,10,3,7,7,166,12,7,5,171,710297046.3091894,43990955.25806538,29906333.639377184,14084621.618688196,724381667.9278777,0.0421686746987951,0.9578313253012049,0,0,0,Đạt,2026-06-14
3107,11,3,7,7,171,10,5,5,176,724381667.9278777,48489881.66263184,24560174.90686948,23929706.75576236,748311374.68364,0.0292397660818713,0.9707602339181288,0,0,0,Đạt,2026-06-14
3108,12,3,7,7,176,3,7,-4,172,748311374.68364,12119083.758381529,30346062.86645032,-18226979.10806879,730084395.5755712,0.0397727272727272,0.9602272727272728,0,0,0,Đạt,2026-06-14
3109,1,3,8,1,47,5,2,3,50,169000461.10370106,20099689.36054212,8228229.754294437,11871459.606247682,180871920.70994875,0.0425531914893617,0.9574468085106383,0,0,0,Đạt,2026-06-14
3110,2,3,8,1,50,2,4,-2,48,180871920.70994875,5899081.148167929,16441337.028483404,-10542255.880315475,170329664.82963327,0.08,0.92,0,0,0,Đạt,2026-06-14
3111,3,3,8,1,48,1,4,-3,45,170329664.82963327,4109309.324389205,15939403.490480255,-11830094.166091053,158499570.6635422,0.0833333333333333,0.9166666666666666,0,0,0,Đạt,2026-06-14
3112,4,3,8,1,45,3,4,-1,44,158499570.6635422,11298105.127523309,16745416.016639749,-5447310.889116438,153052259.77442577,0.0888888888888888,0.9111111111111112,0,0,0,Đạt,2026-06-14
3113,5,3,8,1,44,2,0,2,46,153052259.77442577,6724875.485836343,0.0,6724875.485836343,159777135.26026213,0.0,1.0,0,0,0,Đạt,2026-06-14
3114,6,3,8,1,46,4,4,0,46,159777135.26026213,13785918.990497626,16452190.507919198,-2666271.5174215715,157110863.74284056,0.0869565217391304,0.9130434782608696,0,0,0,Đạt,2026-06-14
3115,7,3,8,1,46,2,3,-1,45,157110863.74284056,7087451.153310969,11290951.39281651,-4203500.2395055415,152907363.50333503,0.0652173913043478,0.9347826086956522,8,0,0,Cần kiểm tra,2026-06-14
3116,8,3,8,1,45,5,3,2,47,152907363.50333503,16136987.963240478,10844875.464702252,5292112.498538226,158199476.00187325,0.0666666666666666,0.9333333333333332,0,0,0,Đạt,2026-06-14
3117,9,3,8,1,47,3,4,-1,46,158199476.00187325,9429795.738158677,12692340.63153075,-3262544.893372076,154936931.10850117,0.0851063829787234,0.9148936170212766,0,0,0,Đạt,2026-06-14
3118,10,3,8,1,46,6,2,4,50,154936931.10850117,18150599.92482024,7996398.283515758,10154201.641304478,165091132.74980563,0.0434782608695652,0.9565217391304348,0,0,0,Đạt,2026-06-14
3119,11,3,8,1,50,0,2,-2,48,165091132.74980563,0.0,6335885.267069885,-6335885.267069885,158755247.48273575,0.04,0.96,0,0,0,Đạt,2026-06-14
3120,12,3,8,1,48,3,1,2,50,158755247.48273575,11060061.678398654,4241139.251087715,6818922.427310939,165574169.9100467,0.0208333333333333,0.9791666666666666,0,0,0,Đạt,2026-06-14
3121,1,3,8,2,42,2,3,-1,41,117307280.15243413,5941008.335582189,9353274.510689296,-3412266.1751071066,113895013.977327,0.0714285714285714,0.9285714285714286,0,0,0,Đạt,2026-06-14
3122,2,3,8,2,41,4,3,1,42,113895013.977327,9270459.25340814,9120069.132129325,150390.12127881497,114045404.0986058,0.073170731707317,0.926829268292683,0,0,0,Đạt,2026-06-14
3123,3,3,8,2,42,3,2,1,43,114045404.0986058,8241578.240846279,4856098.41547862,3385479.82536766,117430883.92397349,0.0476190476190476,0.9523809523809524,0,0,0,Đạt,2026-06-14
3124,4,3,8,2,43,3,4,-1,42,117430883.92397349,7431846.099349754,10325318.875025555,-2893472.7756758016,114537411.14829768,0.0930232558139534,0.9069767441860466,0,0,0,Đạt,2026-06-14
3125,5,3,8,2,42,2,2,0,42,114537411.14829768,4759675.073005969,5126097.919877724,-366422.8468717551,114170988.30142592,0.0476190476190476,0.9523809523809524,0,0,0,Đạt,2026-06-14
3126,6,3,8,2,42,4,3,1,43,114170988.30142592,13204430.831948996,7494093.661962505,5710337.169986492,119881325.4714124,0.0714285714285714,0.9285714285714286,0,0,0,Đạt,2026-06-14
3127,7,3,8,2,43,0,4,-4,39,119881325.4714124,0.0,13227655.29469524,-13227655.29469524,106653670.17671716,0.0930232558139534,0.9069767441860466,0,0,0,Đạt,2026-06-14
3128,8,3,8,2,39,4,3,1,40,106653670.17671716,10567434.848678429,8951781.065074284,1615653.783604145,108269323.9603213,0.0769230769230769,0.9230769230769232,0,0,0,Đạt,2026-06-14
3129,9,3,8,2,40,3,2,1,41,108269323.9603213,8480839.134977276,6266368.313905643,2214470.821071632,110483794.78139292,0.05,0.95,0,0,0,Đạt,2026-06-14
3130,10,3,8,2,41,4,0,4,45,110483794.78139292,11768862.363839917,0.0,11768862.363839917,122252657.14523286,0.0,1.0,0,0,0,Đạt,2026-06-14
3131,11,3,8,2,45,4,3,1,46,122252657.14523286,11896242.270582275,8477956.17900298,3418286.091579296,125670943.23681214,0.0666666666666666,0.9333333333333332,0,0,0,Đạt,2026-06-14
3132,12,3,8,2,46,6,2,4,50,125670943.23681214,15447209.3294144,6499887.966845393,8947321.362569008,134618264.59938115,0.0434782608695652,0.9565217391304348,0,0,0,Đạt,2026-06-14
3133,1,3,8,3,98,6,5,1,99,158971835.98787326,10492632.894632684,8518059.596840505,1974573.2977921795,160946409.28566542,0.0510204081632653,0.9489795918367347,0,0,0,Đạt,2026-06-14
3134,2,3,8,3,99,3,2,1,100,160946409.28566542,5558389.972562166,3384861.037577303,2173528.934984863,163119938.2206503,0.0202020202020202,0.9797979797979798,0,0,0,Đạt,2026-06-14
3135,3,3,8,3,100,8,6,2,102,163119938.2206503,14585329.70084035,10135035.31923901,4450294.381601341,167570232.60225162,0.06,0.94,0,0,0,Đạt,2026-06-14
3136,4,3,8,3,102,7,9,-2,100,167570232.60225162,11437250.024948772,16389088.070221337,-4951838.0452725645,162618394.55697906,0.088235294117647,0.9117647058823528,0,0,0,Đạt,2026-06-14
3137,5,3,8,3,100,9,5,4,104,162618394.55697906,15599544.301918635,7253099.477991155,8346444.823927482,170964839.38090655,0.05,0.95,0,0,0,Đạt,2026-06-14
3138,6,3,8,3,104,14,9,5,109,170964839.38090655,21603965.21547494,13843806.475136824,7760158.740338117,178724998.12124467,0.0865384615384615,0.9134615384615384,0,0,0,Đạt,2026-06-14
3139,7,3,8,3,109,7,3,4,113,178724998.12124467,9651345.942434669,4809568.932129696,4841777.0103049725,183566775.1315497,0.0275229357798165,0.9724770642201834,0,0,0,Đạt,2026-06-14
3140,8,3,8,3,113,13,9,4,117,183566775.1315497,18532543.92193289,14079556.948928162,4452986.973004732,188019762.1045544,0.079646017699115,0.9203539823008848,0,0,0,Đạt,2026-06-14
3141,9,3,8,3,117,2,5,-3,114,188019762.1045544,2657907.0010195444,7270643.728934342,-4612736.727914797,183407025.3766396,0.0427350427350427,0.9572649572649572,0,0,0,Đạt,2026-06-14
3142,10,3,8,3,114,14,2,12,126,183407025.3766396,25043640.93728644,3662744.665823373,21380896.271463063,204787921.64810264,0.0175438596491228,0.9824561403508772,0,0,0,Đạt,2026-06-14
3143,11,3,8,3,126,8,4,4,130,204787921.64810264,10690132.393298184,7357212.579745734,3332919.8135524485,208120841.46165508,0.0317460317460317,0.9682539682539684,0,0,0,Đạt,2026-06-14
3144,12,3,8,3,130,7,7,0,130,208120841.46165508,11177777.18248774,12469169.646249449,-1291392.4637617096,206829448.99789336,0.0538461538461538,0.946153846153846,3,0,0,Cần kiểm tra,2026-06-14
3145,1,3,8,4,46,3,4,-1,45,173022389.07897335,9688797.462647846,13932465.693545576,-4243668.23089773,168778720.84807563,0.0869565217391304,0.9130434782608696,0,0,0,Đạt,2026-06-14
3146,2,3,8,4,45,2,3,-1,44,168778720.84807563,7011139.730313949,12762672.206821827,-5751532.476507878,163027188.37156776,0.0666666666666666,0.9333333333333332,0,0,0,Đạt,2026-06-14
3147,3,3,8,4,44,4,1,3,47,163027188.37156776,13341602.576339826,3828334.835948173,9513267.740391651,172540456.1119594,0.0227272727272727,0.9772727272727272,0,0,0,Đạt,2026-06-14
3148,4,3,8,4,47,1,4,-3,44,172540456.1119594,4082200.435060929,12977451.825553227,-8895251.390492298,163645204.7214671,0.0851063829787234,0.9148936170212766,5,0,0,Cần kiểm tra,2026-06-14
3149,5,3,8,4,44,3,0,3,47,163645204.7214671,11215024.920651814,0.0,11215024.920651814,174860229.64211893,0.0,1.0,0,0,0,Đạt,2026-06-14
3150,6,3,8,4,47,1,3,-2,45,174860229.64211893,3013234.928473471,10840132.606770972,-7826897.678297501,167033331.96382144,0.0638297872340425,0.9361702127659576,0,0,0,Đạt,2026-06-14
3151,7,3,8,4,45,4,1,3,48,167033331.96382144,16460464.492041178,4422426.526130153,12038037.965911023,179071369.92973247,0.0222222222222222,0.9777777777777776,0,0,0,Đạt,2026-06-14
3152,8,3,8,4,48,6,1,5,53,179071369.92973247,25073749.730562896,4181457.1118820207,20892292.61868088,199963662.5484133,0.0208333333333333,0.9791666666666666,0,0,0,Đạt,2026-06-14
3153,9,3,8,4,53,3,1,2,55,199963662.5484133,10350121.298616877,4162855.250991666,6187266.047625208,206150928.59603852,0.0188679245283018,0.981132075471698,0,0,0,Đạt,2026-06-14
3154,10,3,8,4,55,6,3,3,58,206150928.59603852,23872141.753015272,12946129.705461858,10926012.047553414,217076940.643592,0.0545454545454545,0.9454545454545454,0,0,0,Đạt,2026-06-14
3155,11,3,8,4,58,0,4,-4,54,217076940.643592,0.0,15841657.815654509,-15841657.815654509,201235282.82793745,0.0689655172413793,0.9310344827586208,0,0,0,Đạt,2026-06-14
3156,12,3,8,4,54,0,0,0,54,201235282.82793745,0.0,0.0,0.0,201235282.82793745,0.0,1.0,0,0,0,Đạt,2026-06-14
3157,1,3,8,5,76,6,6,0,76,208421350.097944,18979056.531606164,13200750.772758618,5778305.758847546,214199655.8567915,0.0789473684210526,0.9210526315789472,0,0,0,Đạt,2026-06-14
3158,2,3,8,5,76,4,5,-1,75,214199655.8567915,9010999.620959291,11955612.103967171,-2944612.483007882,211255043.3737836,0.0657894736842105,0.9342105263157896,0,0,0,Đạt,2026-06-14
3159,3,3,8,5,75,4,1,3,78,211255043.3737836,11927444.926732631,2672315.90714091,9255129.019591725,220510172.3933753,0.0133333333333333,0.9866666666666668,0,0,0,Đạt,2026-06-14
3160,4,3,8,5,78,11,7,4,82,220510172.3933753,25372060.846487585,19607353.057044923,5764707.789442662,226274880.182818,0.0897435897435897,0.9102564102564102,0,0,0,Đạt,2026-06-14
3161,5,3,8,5,82,5,3,2,84,226274880.182818,14397866.096620737,7459969.497766587,6937896.59885415,233212776.78167212,0.0365853658536585,0.9634146341463414,0,0,0,Đạt,2026-06-14
3162,6,3,8,5,84,4,4,0,84,233212776.78167212,10427016.74608017,9706560.091958672,720456.6541214976,233933233.43579364,0.0476190476190476,0.9523809523809524,0,0,0,Đạt,2026-06-14
3163,7,3,8,5,84,12,4,8,92,233933233.43579364,35845579.13436567,11627161.379891757,24218417.754473917,258151651.1902676,0.0476190476190476,0.9523809523809524,0,0,0,Đạt,2026-06-14
3164,8,3,8,5,92,2,2,0,92,258151651.1902676,6449224.8373083845,4449558.445749214,1999666.3915591703,260151317.58182675,0.0217391304347826,0.9782608695652174,0,0,0,Đạt,2026-06-14
3165,9,3,8,5,92,9,1,8,100,260151317.58182675,19761663.90040085,2779895.999756732,16981767.90064412,277133085.48247087,0.0108695652173913,0.9891304347826086,0,0,0,Đạt,2026-06-14
3166,10,3,8,5,100,3,8,-5,95,277133085.48247087,7635721.995584032,24914990.50625276,-17279268.510668732,259853816.97180212,0.08,0.92,0,0,0,Đạt,2026-06-14
3167,11,3,8,5,95,3,6,-3,92,259853816.97180212,6774290.236414737,19718967.176624328,-12944676.94020959,246909140.03159252,0.0631578947368421,0.936842105263158,0,0,0,Đạt,2026-06-14
3168,12,3,8,5,92,4,7,-3,89,246909140.03159252,9132443.608712597,18868806.84881046,-9736363.240097864,237172776.79149467,0.0760869565217391,0.9239130434782608,0,0,0,Đạt,2026-06-14
3169,1,3,8,6,79,3,2,1,80,63167029.50009853,2442399.901859388,1790050.1621788903,652349.7396804979,63819379.23977903,0.0253164556962025,0.9746835443037974,0,0,0,Đạt,2026-06-14
3170,2,3,8,6,80,4,6,-2,78,63819379.23977903,2727363.969866961,4677732.217924685,-1950368.2480577244,61869010.9917213,0.075,0.925,0,0,0,Đạt,2026-06-14
3171,3,3,8,6,78,4,5,-1,77,61869010.9917213,3207259.673942293,3486168.064852403,-278908.39091011,61590102.60081119,0.0641025641025641,0.935897435897436,0,0,0,Đạt,2026-06-14
3172,4,3,8,6,77,8,2,6,83,61590102.60081119,6981330.631210356,1758470.330875791,5222860.300334565,66812962.90114576,0.0259740259740259,0.974025974025974,0,0,0,Đạt,2026-06-14
3173,5,3,8,6,83,3,6,-3,80,66812962.90114576,2276886.072509212,4448271.058447838,-2171384.985938626,64641577.91520713,0.072289156626506,0.927710843373494,0,0,0,Đạt,2026-06-14
3174,6,3,8,6,80,5,7,-2,78,64641577.91520713,4351012.755162805,4901158.736029875,-550145.9808670701,64091431.93434006,0.0875,0.9125,0,0,0,Đạt,2026-06-14
3175,7,3,8,6,78,9,7,2,80,64091431.93434006,7941548.899555469,4888999.963351494,3052548.936203975,67143980.87054403,0.0897435897435897,0.9102564102564102,0,0,0,Đạt,2026-06-14
3176,8,3,8,6,80,5,6,-1,79,67143980.87054403,3915785.427948657,3951534.8199146073,-35749.39196595084,67108231.47857808,0.075,0.925,0,0,0,Đạt,2026-06-14
3177,9,3,8,6,79,1,6,-5,74,67108231.47857808,835108.922722162,5292759.408823024,-4457650.486100862,62650580.99247722,0.0759493670886076,0.9240506329113924,0,0,0,Đạt,2026-06-14
3178,10,3,8,6,74,9,6,3,77,62650580.99247722,6094015.07245146,4709949.502399198,1384065.5700522624,64034646.56252949,0.081081081081081,0.9189189189189187,0,0,0,Đạt,2026-06-14
3179,11,3,8,6,77,4,3,1,78,64034646.56252949,3749970.818745312,2011047.4403998512,1738923.378345461,65773569.94087495,0.0389610389610389,0.961038961038961,0,0,0,Đạt,2026-06-14
3180,12,3,8,6,78,1,2,-1,77,65773569.94087495,735505.571221596,1426810.9792431588,-691305.4080215628,65082264.53285339,0.0256410256410256,0.9743589743589745,0,0,0,Đạt,2026-06-14
3181,1,3,8,7,97,10,5,5,102,408624035.7618828,43648952.46780482,20506467.584733605,23142484.88307121,431766520.644954,0.0515463917525773,0.9484536082474226,0,0,0,Đạt,2026-06-14
3182,2,3,8,7,102,13,1,12,114,431766520.644954,48926390.437687,5017740.038841542,43908650.39884545,475675171.0437994,0.0098039215686274,0.9901960784313726,0,0,0,Đạt,2026-06-14
3183,3,3,8,7,114,10,5,5,119,475675171.0437994,42867705.94608797,23726174.522798624,19141531.423289347,494816702.4670888,0.043859649122807,0.956140350877193,6,8,3,Cần kiểm tra,2026-06-14
3184,4,3,8,7,119,16,3,13,132,494816702.4670888,72138070.99698995,12614294.088164149,59523776.9088258,554340479.3759146,0.0252100840336134,0.9747899159663864,0,0,0,Đạt,2026-06-14
3185,5,3,8,7,132,19,10,9,141,554340479.3759146,83470474.88400184,47954528.43707813,35515946.4469237,589856425.8228383,0.0757575757575757,0.9242424242424242,0,0,0,Đạt,2026-06-14
3186,6,3,8,7,141,16,11,5,146,589856425.8228383,68456981.35684985,53442728.96400768,15014252.392842166,604870678.2156805,0.0780141843971631,0.9219858156028368,0,0,0,Đạt,2026-06-14
3187,7,3,8,7,146,3,5,-2,144,604870678.2156805,10123369.522722645,23134773.28161169,-13011403.758889046,591859274.4567914,0.0342465753424657,0.9657534246575342,0,0,0,Đạt,2026-06-14
3188,8,3,8,7,144,5,2,3,147,591859274.4567914,18116003.78837803,9321404.799597789,8794598.988780241,600653873.4455717,0.0138888888888888,0.9861111111111112,0,0,0,Đạt,2026-06-14
3189,9,3,8,7,147,11,9,2,149,600653873.4455717,42930362.884430416,36900649.19866677,6029713.685763642,606683587.1313353,0.0612244897959183,0.9387755102040816,0,0,0,Đạt,2026-06-14
3190,10,3,8,7,149,10,3,7,156,606683587.1313353,41023068.88705816,10156564.054237451,30866504.8328207,637550091.9641559,0.0201342281879194,0.9798657718120806,0,0,0,Đạt,2026-06-14
3191,11,3,8,7,156,16,6,10,166,637550091.9641559,79035201.07665578,22104746.56434204,56930454.51231374,694480546.4764696,0.0384615384615384,0.9615384615384616,0,0,0,Đạt,2026-06-14
3192,12,3,8,7,166,6,4,2,168,694480546.4764696,28115720.49093257,13546519.232177608,14569201.25875496,709049747.7352246,0.0240963855421686,0.9759036144578314,0,0,0,Đạt,2026-06-14
3193,1,3,9,1,170,14,9,5,175,6439696203.095959,519029471.6073745,272969789.87184346,246059681.73553103,6685755884.83149,0.0529411764705882,0.9470588235294116,0,0,0,Đạt,2026-06-14
3194,2,3,9,1,175,22,14,8,183,6685755884.83149,870236250.2224637,514774663.6683112,355461586.55415255,7041217471.385642,0.08,0.92,0,0,0,Đạt,2026-06-14
3195,3,3,9,1,183,23,5,18,201,7041217471.385642,813139900.6773424,187310693.72996888,625829206.9473735,7667046678.333015,0.0273224043715847,0.9726775956284152,0,0,0,Đạt,2026-06-14
3196,4,3,9,1,201,12,7,5,206,7667046678.333015,507388844.7642754,269368435.5410156,238020409.22325972,7905067087.556275,0.0348258706467661,0.965174129353234,0,0,0,Đạt,2026-06-14
3197,5,3,9,1,206,30,14,16,222,7905067087.556275,1075695252.2502503,550426582.8393571,525268669.4108932,8430335756.967169,0.0679611650485436,0.9320388349514565,0,0,0,Đạt,2026-06-14
3198,6,3,9,1,222,22,6,16,238,8430335756.967169,997339460.488044,233497651.61060408,763841808.8774399,9194177565.844608,0.027027027027027,0.972972972972973,0,0,0,Đạt,2026-06-14
3199,7,3,9,1,238,5,9,-4,234,9194177565.844608,189087584.26808867,340714693.5457401,-151627109.27765146,9042550456.566956,0.0378151260504201,0.96218487394958,0,0,0,Đạt,2026-06-14
3200,8,3,9,1,234,20,13,7,241,9042550456.566956,661640130.7399312,555963797.90794,105676332.8319912,9148226789.398949,0.0555555555555555,0.9444444444444444,1,0,0,Cần kiểm tra,2026-06-14
3201,9,3,9,1,241,29,21,8,249,9148226789.398949,1120166584.2842002,679709464.8056245,440457119.4785757,9588683908.877523,0.0871369294605809,0.9128630705394192,0,0,0,Đạt,2026-06-14
3202,10,3,9,1,249,21,18,3,252,9588683908.877523,912624123.6391268,566079402.5609608,346544721.078166,9935228629.955692,0.072289156626506,0.927710843373494,0,0,0,Đạt,2026-06-14
3203,11,3,9,1,252,35,21,14,266,9935228629.955692,1064975078.2094152,859142079.0320102,205832999.177405,10141061629.133097,0.0833333333333333,0.9166666666666666,0,0,0,Đạt,2026-06-14
3204,12,3,9,1,266,29,9,20,286,10141061629.133097,1261552591.5091393,394625814.1130752,866926777.396064,11007988406.52916,0.0338345864661654,0.9661654135338346,0,0,0,Đạt,2026-06-14
3205,1,3,9,2,185,17,5,12,197,17035498313.091146,1654772279.9487774,544335807.9817204,1110436471.967057,18145934785.058205,0.027027027027027,0.972972972972973,0,0,0,Đạt,2026-06-14
3206,2,3,9,2,197,11,14,-3,194,18145934785.058205,996241650.6748556,1452425065.348956,-456183414.6741005,17689751370.384106,0.0710659898477157,0.9289340101522844,0,0,0,Đạt,2026-06-14
3207,3,3,9,2,194,10,12,-2,192,17689751370.384106,899270570.7993727,1319105723.6969037,-419835152.89753103,17269916217.486576,0.0618556701030927,0.9381443298969072,0,0,0,Đạt,2026-06-14
3208,4,3,9,2,192,9,10,-1,191,17269916217.486576,966917745.2115884,870499067.6766171,96418677.53497124,17366334895.021545,0.0520833333333333,0.9479166666666666,0,0,0,Đạt,2026-06-14
3209,5,3,9,2,191,27,4,23,214,17366334895.021545,2258298264.6463866,328410691.97455573,1929887572.671831,19296222467.69337,0.0209424083769633,0.9790575916230366,0,0,0,Đạt,2026-06-14
3210,6,3,9,2,214,8,17,-9,205,19296222467.69337,748049251.0838096,1475603900.2781413,-727554649.1943316,18568667818.499043,0.0794392523364486,0.9205607476635514,0,0,0,Đạt,2026-06-14
3211,7,3,9,2,205,23,9,14,219,18568667818.499043,1963503247.787729,689990607.4901078,1273512640.2976213,19842180458.796665,0.0439024390243902,0.9560975609756096,0,0,0,Đạt,2026-06-14
3212,8,3,9,2,219,5,10,-5,214,19842180458.796665,521503026.2267919,1098615569.892432,-577112543.6656401,19265067915.131023,0.045662100456621,0.954337899543379,0,0,0,Đạt,2026-06-14
3213,9,3,9,2,214,14,6,8,222,19265067915.131023,1136232730.197729,544706895.4714296,591525834.7262995,19856593749.857323,0.02803738317757,0.97196261682243,0,0,0,Đạt,2026-06-14
3214,10,3,9,2,222,9,3,6,228,19856593749.857323,859567315.5823915,302472175.85785025,557095139.7245412,20413688889.581863,0.0135135135135135,0.9864864864864864,0,0,0,Đạt,2026-06-14
3215,11,3,9,2,228,17,16,1,229,20413688889.581863,1833081021.534308,1503966035.1001933,329114986.43411493,20742803876.01598,0.0701754385964912,0.9298245614035088,0,0,0,Đạt,2026-06-14
3216,12,3,9,2,229,9,18,-9,220,20742803876.01598,905642172.6511462,1340723386.3880188,-435081213.7368727,20307722662.279102,0.0786026200873362,0.9213973799126638,0,0,0,Đạt,2026-06-14
3217,1,3,9,3,168,13,14,-1,167,14462936355.377537,1107154645.369259,1314872565.1428025,-207717919.77354336,14255218435.603992,0.0833333333333333,0.9166666666666666,0,0,0,Đạt,2026-06-14
3218,2,3,9,3,167,7,10,-3,164,14255218435.603992,639503482.4228163,978265139.3801092,-338761656.95729303,13916456778.6467,0.059880239520958,0.940119760479042,0,0,0,Đạt,2026-06-14
3219,3,3,9,3,164,9,10,-1,163,13916456778.6467,823596999.2190568,772163986.8923352,51433012.32672167,13967889790.97342,0.0609756097560975,0.9390243902439024,0,0,0,Đạt,2026-06-14
3220,4,3,9,3,163,21,2,19,182,13967889790.97342,2083383411.4287164,155328267.47447404,1928055143.9542425,15895944934.927664,0.0122699386503067,0.9877300613496932,0,0,0,Đạt,2026-06-14
3221,5,3,9,3,182,16,7,9,191,15895944934.927664,1188455733.223358,704900140.2140299,483555593.009328,16379500527.936993,0.0384615384615384,0.9615384615384616,0,0,0,Đạt,2026-06-14
3222,6,3,9,3,191,2,6,-4,187,16379500527.936993,139342917.66275498,526221085.7477771,-386878168.0850221,15992622359.85197,0.031413612565445,0.9685863874345548,8,0,5,Cần kiểm tra,2026-06-14
3223,7,3,9,3,187,10,2,8,195,15992622359.85197,971204119.0821866,156681246.7199637,814522872.3622229,16807145232.214191,0.0106951871657754,0.9893048128342246,0,0,0,Đạt,2026-06-14
3224,8,3,9,3,195,3,18,-15,180,16807145232.214191,303720154.3066591,1531542660.6493392,-1227822506.34268,15579322725.871511,0.0923076923076923,0.9076923076923076,0,0,0,Đạt,2026-06-14
3225,9,3,9,3,180,25,10,15,195,15579322725.871511,2268767603.8996468,928360226.2661552,1340407377.6334915,16919730103.505005,0.0555555555555555,0.9444444444444444,0,0,0,Đạt,2026-06-14
3226,10,3,9,3,195,9,4,5,200,16919730103.505005,763140393.6370414,317367270.882061,445773122.7549805,17365503226.259987,0.0205128205128205,0.9794871794871794,0,0,0,Đạt,2026-06-14
3227,11,3,9,3,200,7,19,-12,188,17365503226.259987,585463762.1653477,1395937372.684649,-810473610.5193013,16555029615.740686,0.095,0.905,0,0,0,Đạt,2026-06-14
3228,12,3,9,3,188,17,9,8,196,16555029615.740686,1672493668.8071358,714514363.216571,957979305.5905648,17513008921.331253,0.0478723404255319,0.952127659574468,0,0,0,Đạt,2026-06-14
3229,1,3,9,4,187,21,9,12,199,11984493839.295362,1406677614.8132217,479732974.5829067,926944640.2303149,12911438479.525677,0.0481283422459893,0.9518716577540108,0,0,0,Đạt,2026-06-14
3230,2,3,9,4,199,17,12,5,204,12911438479.525677,1214944889.1425257,793277414.6453288,421667474.4971969,13333105954.022873,0.0603015075376884,0.9396984924623116,0,0,0,Đạt,2026-06-14
3231,3,3,9,4,204,18,16,2,206,13333105954.022873,1044293846.2515332,886223016.0827034,158070830.1688298,13491176784.191702,0.0784313725490196,0.9215686274509804,0,0,0,Đạt,2026-06-14
3232,4,3,9,4,206,20,3,17,223,13491176784.191702,1505563922.5668323,230614209.0273441,1274949713.5394883,14766126497.73119,0.0145631067961165,0.9854368932038836,0,0,0,Đạt,2026-06-14
3233,5,3,9,4,223,12,17,-5,218,14766126497.73119,766784276.3832886,1169426590.0265484,-402642313.64325976,14363484184.08793,0.0762331838565022,0.9237668161434978,0,0,0,Đạt,2026-06-14
3234,6,3,9,4,218,20,12,8,226,14363484184.08793,1233829112.315271,871884868.9263034,361944243.3889673,14725428427.476898,0.055045871559633,0.944954128440367,0,0,0,Đạt,2026-06-14
3235,7,3,9,4,226,28,13,15,241,14725428427.476898,1954703944.286915,812198833.8426628,1142505110.4442525,15867933537.92115,0.0575221238938053,0.9424778761061948,0,0,0,Đạt,2026-06-14
3236,8,3,9,4,241,8,14,-6,235,15867933537.92115,541715638.8869578,1073369190.3040152,-531653551.4170575,15336279986.504091,0.0580912863070539,0.941908713692946,0,0,0,Đạt,2026-06-14
3237,9,3,9,4,235,19,18,1,236,15336279986.504091,1341286535.30748,1262522461.1683657,78764074.13911462,15415044060.643208,0.076595744680851,0.9234042553191488,0,0,0,Đạt,2026-06-14
3238,10,3,9,4,236,13,16,-3,233,15415044060.643208,930535010.6210574,831661795.4867653,98873215.13429213,15513917275.7775,0.0677966101694915,0.9322033898305084,0,0,0,Đạt,2026-06-14
3239,11,3,9,4,233,30,12,18,251,15513917275.7775,2094703867.358363,758795882.6575177,1335907984.7008452,16849825260.478346,0.0515021459227467,0.9484978540772532,0,0,0,Đạt,2026-06-14
3240,12,3,9,4,251,19,14,5,256,16849825260.478346,1351336590.1105227,979268252.9286757,372068337.1818472,17221893597.660194,0.0557768924302788,0.9442231075697212,0,0,0,Đạt,2026-06-14
3241,1,3,9,5,95,10,5,5,100,8482058550.704013,893076679.690997,368932540.5971761,524144139.09382087,9006202689.797834,0.0526315789473684,0.9473684210526316,0,0,0,Đạt,2026-06-14
3242,2,3,9,5,100,8,5,3,103,9006202689.797834,818249577.9446558,435655266.21059793,382594311.7340578,9388797001.531893,0.05,0.95,0,0,0,Đạt,2026-06-14
3243,3,3,9,5,103,1,1,0,103,9388797001.531893,95311289.0201848,78743746.65351892,16567542.366665885,9405364543.89856,0.0097087378640776,0.9902912621359224,0,0,0,Đạt,2026-06-14
3244,4,3,9,5,103,14,8,6,109,9405364543.89856,1298452062.205381,715569712.7360973,582882349.4692833,9988246893.367844,0.0776699029126213,0.9223300970873788,0,0,0,Đạt,2026-06-14
3245,5,3,9,5,109,11,6,5,114,9988246893.367844,868564401.1672276,552433133.585336,316131267.58189166,10304378160.949736,0.055045871559633,0.944954128440367,0,0,0,Đạt,2026-06-14
3246,6,3,9,5,114,16,10,6,120,10304378160.949736,1602701274.0194998,921051327.8616302,681649946.1578696,10986028107.107603,0.087719298245614,0.912280701754386,0,0,0,Đạt,2026-06-14
3247,7,3,9,5,120,5,8,-3,117,10986028107.107603,476960469.0516717,750864578.1655805,-273904109.1139088,10712123997.993696,0.0666666666666666,0.9333333333333332,0,0,0,Đạt,2026-06-14
3248,8,3,9,5,117,15,2,13,130,10712123997.993696,1081470890.8396666,144696484.2094507,936774406.630216,11648898404.623913,0.017094017094017,0.9829059829059827,0,0,0,Đạt,2026-06-14
3249,9,3,9,5,130,14,8,6,136,11648898404.623913,1172163344.3720722,635925825.0580642,536237519.314008,12185135923.937922,0.0615384615384615,0.9384615384615383,0,0,0,Đạt,2026-06-14
3250,10,3,9,5,136,14,12,2,138,12185135923.937922,1009238305.8231384,1163781714.8591335,-154543409.03599524,12030592514.901926,0.088235294117647,0.9117647058823528,0,0,0,Đạt,2026-06-14
3251,11,3,9,5,138,12,5,7,145,12030592514.901926,1065472679.6022748,446332948.194107,619139731.4081676,12649732246.310093,0.036231884057971,0.9637681159420288,0,0,0,Đạt,2026-06-14
3252,12,3,9,5,145,9,13,-4,141,12649732246.310093,941703273.5794132,998332774.8405682,-56629501.26115489,12593102745.04894,0.0896551724137931,0.9103448275862068,0,0,0,Đạt,2026-06-14
3253,1,3,9,6,171,8,10,-2,169,11040792991.60434,414376974.5750572,675705868.3782694,-261328893.80321229,10779464097.801126,0.0584795321637426,0.9415204678362572,0,0,0,Đạt,2026-06-14
3254,2,3,9,6,169,9,4,5,174,10779464097.801126,624799335.6144378,265311780.5005473,359487555.1138905,11138951652.915016,0.0236686390532544,0.9763313609467456,0,0,0,Đạt,2026-06-14
3255,3,3,9,6,174,8,9,-1,173,11138951652.915016,428428876.88585305,545529310.6480039,-117100433.76215088,11021851219.152864,0.0517241379310344,0.9482758620689656,0,0,0,Đạt,2026-06-14
3256,4,3,9,6,173,8,11,-3,170,11021851219.152864,437788914.1220039,788752406.3803495,-350963492.2583456,10670887726.89452,0.0635838150289017,0.9364161849710982,0,0,0,Đạt,2026-06-14
3257,5,3,9,6,170,2,11,-9,161,10670887726.89452,114234358.85584363,843018226.1091578,-728783867.2533141,9942103859.641205,0.0647058823529411,0.9352941176470588,0,0,0,Đạt,2026-06-14
3258,6,3,9,6,161,20,4,16,177,9942103859.641205,1177676097.087026,277715589.8083692,899960507.2786567,10842064366.91986,0.0248447204968944,0.9751552795031057,0,0,0,Đạt,2026-06-14
3259,7,3,9,6,177,1,7,-6,171,10842064366.91986,55782167.32840079,362725577.3969156,-306943410.0685148,10535120956.851349,0.03954802259887,0.96045197740113,0,0,0,Đạt,2026-06-14
3260,8,3,9,6,171,9,5,4,175,10535120956.851349,515156097.9564028,344115040.09327734,171041057.86312544,10706162014.714472,0.0292397660818713,0.9707602339181288,0,0,0,Đạt,2026-06-14
3261,9,3,9,6,175,3,4,-1,174,10706162014.714472,207421089.33191863,272865898.3416972,-65444809.0097785,10640717205.704693,0.0228571428571428,0.9771428571428572,0,0,0,Đạt,2026-06-14
3262,10,3,9,6,174,13,5,8,182,10640717205.704693,932057804.3775976,273771739.7043985,658286064.6731989,11299003270.377892,0.028735632183908,0.971264367816092,0,0,0,Đạt,2026-06-14
3263,11,3,9,6,182,23,13,10,192,11299003270.377892,1587690485.6714296,761333676.4349514,826356809.2364782,12125360079.61437,0.0714285714285714,0.9285714285714286,0,0,0,Đạt,2026-06-14
3264,12,3,9,6,192,11,10,1,193,12125360079.61437,731386578.0200785,732873592.433067,-1487014.4129884243,12123873065.201382,0.0520833333333333,0.9479166666666666,0,0,0,Đạt,2026-06-14
3265,1,3,9,7,130,5,10,-5,125,11164770188.50601,372043220.4501304,948026808.6261294,-575983588.1759989,10588786600.330011,0.0769230769230769,0.9230769230769232,0,0,0,Đạt,2026-06-14
3266,2,3,9,7,125,5,12,-7,118,10588786600.330011,406809985.33562255,1020135889.2273548,-613325903.8917322,9975460696.438278,0.096,0.904,0,0,0,Đạt,2026-06-14
3267,3,3,9,7,118,14,9,5,123,9975460696.438278,1400744730.5038772,829932668.337399,570812062.1664782,10546272758.604755,0.0762711864406779,0.923728813559322,0,0,0,Đạt,2026-06-14
3268,4,3,9,7,123,9,10,-1,122,10546272758.604755,838033970.2351125,1005126877.411472,-167092907.17635953,10379179851.428396,0.08130081300813,0.91869918699187,10,2,0,Cần kiểm tra,2026-06-14
3269,5,3,9,7,122,11,10,1,123,10379179851.428396,801988570.0937467,955267580.8355,-153279010.74175322,10225900840.686644,0.081967213114754,0.918032786885246,0,0,0,Đạt,2026-06-14
3270,6,3,9,7,123,4,2,2,125,10225900840.686644,347956849.3670034,158859849.63572282,189096999.73128057,10414997840.417925,0.016260162601626,0.983739837398374,0,0,0,Đạt,2026-06-14
3271,7,3,9,7,125,12,12,0,125,10414997840.417925,1032971557.298908,841717366.1903585,191254191.1085496,10606252031.526474,0.096,0.904,0,0,0,Đạt,2026-06-14
3272,8,3,9,7,125,1,1,0,125,10606252031.526474,85984104.25267218,99014060.16980848,-13029955.917136312,10593222075.609337,0.008,0.992,1,0,0,Cần kiểm tra,2026-06-14
3273,9,3,9,7,125,15,9,6,131,10593222075.609337,1273619770.9578538,769848472.3693218,503771298.588532,11096993374.197868,0.072,0.928,0,0,0,Đạt,2026-06-14
3274,10,3,9,7,131,11,7,4,135,11096993374.197868,913198380.3369071,704024654.0212018,209173726.31570545,11306167100.513577,0.0534351145038167,0.9465648854961832,0,0,0,Đạt,2026-06-14
3275,11,3,9,7,135,6,7,-1,134,11306167100.513577,487908480.6379571,596791939.0652162,-108883458.42725907,11197283642.086315,0.0518518518518518,0.9481481481481482,0,0,0,Đạt,2026-06-14
3276,12,3,9,7,134,4,4,0,134,11197283642.086315,374813883.8254659,349411345.12376803,25402538.70169789,11222686180.788012,0.0298507462686567,0.9701492537313432,0,0,0,Đạt,2026-06-14
3277,1,3,10,1,21,1,1,0,21,2085064466.323292,93274156.5160842,93650833.66095702,-376677.1448728293,2084687789.178419,0.0476190476190476,0.9523809523809524,0,0,0,Đạt,2026-06-14
3278,2,3,10,1,21,2,1,1,22,2084687789.178419,213846002.6606441,103598587.86081518,110247414.79982892,2194935203.978248,0.0476190476190476,0.9523809523809524,0,0,0,Đạt,2026-06-14
3279,3,3,10,1,22,0,1,-1,21,2194935203.978248,0.0,87669015.32535961,-87669015.32535961,2107266188.6528883,0.0454545454545454,0.9545454545454546,0,0,0,Đạt,2026-06-14
3280,4,3,10,1,21,0,1,-1,20,2107266188.6528883,0.0,110765286.38346408,-110765286.38346408,1996500902.2694244,0.0476190476190476,0.9523809523809524,0,0,0,Đạt,2026-06-14
3281,5,3,10,1,20,1,1,0,20,1996500902.2694244,90163661.91422428,85907416.92925651,4256244.984967753,2000757147.254392,0.05,0.95,0,0,0,Đạt,2026-06-14
3282,6,3,10,1,20,1,1,0,20,2000757147.254392,93031527.0492531,90575717.06245624,2455809.986796871,2003212957.241189,0.05,0.95,0,0,0,Đạt,2026-06-14
3283,7,3,10,1,20,1,0,1,21,2003212957.241189,97287600.12531942,0.0,97287600.12531942,2100500557.3665085,0.0,1.0,0,0,0,Đạt,2026-06-14
3284,8,3,10,1,21,2,0,2,23,2100500557.3665085,194265314.15315413,0.0,194265314.15315413,2294765871.519663,0.0,1.0,0,0,0,Đạt,2026-06-14
3285,9,3,10,1,23,2,1,1,24,2294765871.519663,162105574.61601487,117793360.01963416,44312214.59638071,2339078086.116044,0.0434782608695652,0.9565217391304348,0,0,0,Đạt,2026-06-14
3286,10,3,10,1,24,1,1,0,24,2339078086.116044,114921907.80150974,88524913.07534347,26396994.726166263,2365475080.84221,0.0416666666666666,0.9583333333333334,0,0,0,Đạt,2026-06-14
3287,11,3,10,1,24,1,2,-1,23,2365475080.84221,111117447.29609282,166969150.85469747,-55851703.55860464,2309623377.283605,0.0833333333333333,0.9166666666666666,0,0,0,Đạt,2026-06-14
3288,12,3,10,1,23,1,1,0,23,2309623377.283605,107934595.72729628,104983560.30861574,2951035.4186805338,2312574412.702286,0.0434782608695652,0.9565217391304348,0,0,0,Đạt,2026-06-14
3289,1,3,10,2,35,0,2,-2,33,2235316438.7117524,0.0,132155280.4144852,-132155280.4144852,2103161158.2972672,0.0571428571428571,0.9428571428571428,0,0,0,Đạt,2026-06-14
3290,2,3,10,2,33,3,1,2,35,2103161158.2972672,190764081.6305917,55694150.659965344,135069930.97062635,2238231089.267894,0.0303030303030303,0.9696969696969696,0,0,0,Đạt,2026-06-14
3291,3,3,10,2,35,2,2,0,35,2238231089.267894,138056510.59807548,151847274.35147038,-13790763.753394902,2224440325.5144987,0.0571428571428571,0.9428571428571428,0,0,0,Đạt,2026-06-14
3292,4,3,10,2,35,0,1,-1,34,2224440325.5144987,0.0,73219339.13842438,-73219339.13842438,2151220986.3760743,0.0285714285714285,0.9714285714285714,0,0,0,Đạt,2026-06-14
3293,5,3,10,2,34,0,0,0,34,2151220986.3760743,0.0,0.0,0.0,2151220986.3760743,0.0,1.0,0,0,0,Đạt,2026-06-14
3294,6,3,10,2,34,3,1,2,36,2151220986.3760743,171999279.1530336,72989469.34564374,99009809.80738989,2250230796.183464,0.0294117647058823,0.9705882352941176,0,0,0,Đạt,2026-06-14
3295,7,3,10,2,36,4,2,2,38,2250230796.183464,239375688.9806716,112782402.36395644,126593286.61671512,2376824082.800179,0.0555555555555555,0.9444444444444444,0,0,0,Đạt,2026-06-14
3296,8,3,10,2,38,1,1,0,38,2376824082.800179,54602012.44858517,51989956.94473093,2612055.503854237,2379436138.3040333,0.0263157894736842,0.9736842105263158,0,0,0,Đạt,2026-06-14
3297,9,3,10,2,38,5,1,4,42,2379436138.3040333,295337296.97186744,55245700.43263661,240091596.5392308,2619527734.843264,0.0263157894736842,0.9736842105263158,0,0,0,Đạt,2026-06-14
3298,10,3,10,2,42,4,3,1,43,2619527734.843264,222410267.62151596,168383240.96991232,54027026.65160361,2673554761.494868,0.0714285714285714,0.9285714285714286,0,0,0,Đạt,2026-06-14
3299,11,3,10,2,43,1,1,0,43,2673554761.494868,51776473.24244572,51391215.06324681,385258.1791989133,2673940019.6740665,0.0232558139534883,0.9767441860465116,0,0,0,Đạt,2026-06-14
3300,12,3,10,2,43,3,2,1,44,2673940019.6740665,173981116.58433804,108442712.50371322,65538404.08062482,2739478423.754691,0.0465116279069767,0.9534883720930232,0,0,0,Đạt,2026-06-14
3301,1,3,10,3,23,2,0,2,25,263205341.56096736,26146625.09071212,0.0,26146625.09071212,289351966.65167946,0.0,1.0,0,0,0,Đạt,2026-06-14
3302,2,3,10,3,25,1,1,0,25,289351966.65167946,12694115.190543674,10009990.968815358,2684124.221728316,292036090.8734078,0.04,0.96,0,0,0,Đạt,2026-06-14
3303,3,3,10,3,25,3,0,3,28,292036090.8734078,33326921.7720001,0.0,33326921.7720001,325363012.64540786,0.0,1.0,0,0,0,Đạt,2026-06-14
3304,4,3,10,3,28,1,2,-1,27,325363012.64540786,13652904.663052913,22839978.59850981,-9187073.9354569,316175938.709951,0.0714285714285714,0.9285714285714286,0,0,0,Đạt,2026-06-14
3305,5,3,10,3,27,3,1,2,29,316175938.709951,32599223.93402641,11505836.91463574,21093387.01939067,337269325.7293416,0.037037037037037,0.962962962962963,0,0,0,Đạt,2026-06-14
3306,6,3,10,3,29,0,0,0,29,337269325.7293416,0.0,0.0,0.0,337269325.7293416,0.0,1.0,0,0,0,Đạt,2026-06-14
3307,7,3,10,3,29,3,1,2,31,337269325.7293416,32389739.254028264,9363903.19566308,23025836.058365185,360295161.7877068,0.0344827586206896,0.9655172413793104,0,0,0,Đạt,2026-06-14
3308,8,3,10,3,31,0,2,-2,29,360295161.7877068,0.0,19668823.39401243,-19668823.39401243,340626338.39369434,0.064516129032258,0.935483870967742,0,0,0,Đạt,2026-06-14
3309,9,3,10,3,29,3,2,1,30,340626338.39369434,30751545.42295582,22493179.34027887,8258366.082676947,348884704.4763713,0.0689655172413793,0.9310344827586208,0,0,0,Đạt,2026-06-14
3310,10,3,10,3,30,3,2,1,31,348884704.4763713,36373783.93465,18616621.8425325,17757162.092117496,366641866.5684888,0.0666666666666666,0.9333333333333332,0,0,0,Đạt,2026-06-14
3311,11,3,10,3,31,3,2,1,32,366641866.5684888,39319421.68673711,26722321.665975608,12597100.020761505,379238966.5892503,0.064516129032258,0.935483870967742,0,0,0,Đạt,2026-06-14
3312,12,3,10,3,32,3,3,0,32,379238966.5892503,35546567.02382596,36384292.59666544,-837725.5728394836,378401241.0164108,0.09375,0.90625,0,0,0,Đạt,2026-06-14
3313,1,3,10,4,32,2,2,0,32,2882127714.929612,172206102.86427444,166171140.5695372,6034962.29473725,2888162677.224349,0.0625,0.9375,0,0,0,Đạt,2026-06-14
3314,2,3,10,4,32,4,0,4,36,2888162677.224349,344279759.127376,0.0,344279759.127376,3232442436.3517256,0.0,1.0,0,0,0,Đạt,2026-06-14
3315,3,3,10,4,36,2,1,1,37,3232442436.3517256,158066068.73395103,91069324.54706216,66996744.18688887,3299439180.5386143,0.0277777777777777,0.9722222222222222,0,0,0,Đạt,2026-06-14
3316,4,3,10,4,37,5,2,3,40,3299439180.5386143,449971928.7773227,209675692.64272,240296236.1346027,3539735416.673217,0.054054054054054,0.945945945945946,0,0,0,Đạt,2026-06-14
3317,5,3,10,4,40,4,3,1,41,3539735416.673217,370756669.8811364,294650743.54907984,76105926.33205658,3615841343.005273,0.075,0.925,0,0,0,Đạt,2026-06-14
3318,6,3,10,4,41,3,1,2,43,3615841343.005273,238689084.23263252,106476711.34330577,132212372.8893268,3748053715.8946,0.024390243902439,0.975609756097561,0,0,0,Đạt,2026-06-14
3319,7,3,10,4,43,4,2,2,45,3748053715.8946,386361960.1302989,182547693.04256037,203814267.08773857,3951867982.9823375,0.0465116279069767,0.9534883720930232,0,0,0,Đạt,2026-06-14
3320,8,3,10,4,45,3,4,-1,44,3951867982.9823375,248582050.16145787,380028029.392324,-131445979.2308661,3820422003.751473,0.0888888888888888,0.9111111111111112,0,0,0,Đạt,2026-06-14
3321,9,3,10,4,44,3,3,0,44,3820422003.751473,312750126.5910902,300921181.94411504,11828944.64697516,3832250948.398448,0.0681818181818181,0.931818181818182,0,0,0,Đạt,2026-06-14
3322,10,3,10,4,44,6,1,5,49,3832250948.398448,550374332.6823443,94486910.80573563,455887421.8766087,4288138370.275056,0.0227272727272727,0.9772727272727272,0,0,0,Đạt,2026-06-14
3323,11,3,10,4,49,3,0,3,52,4288138370.275056,277309530.8659473,0.0,277309530.8659473,4565447901.141004,0.0,1.0,0,0,0,Đạt,2026-06-14
3324,12,3,10,4,52,5,3,2,54,4565447901.141004,470134036.70847374,312035021.23895884,158099015.4695149,4723546916.610518,0.0576923076923076,0.9423076923076924,0,0,0,Đạt,2026-06-14
3325,1,3,10,5,21,0,0,0,21,332083835.12178403,0.0,0.0,0.0,332083835.12178403,0.0,1.0,0,0,0,Đạt,2026-06-14
3326,2,3,10,5,21,0,0,0,21,332083835.12178403,0.0,0.0,0.0,332083835.12178403,0.0,1.0,0,0,0,Đạt,2026-06-14
3327,3,3,10,5,21,0,2,-2,19,332083835.12178403,0.0,37090190.537699,-37090190.537699,294993644.58408505,0.0952380952380952,0.9047619047619048,0,0,0,Đạt,2026-06-14
3328,4,3,10,5,19,1,1,0,19,294993644.58408505,15730375.13239749,14270637.9860288,1459737.1463686898,296453381.7304537,0.0526315789473684,0.9473684210526316,0,0,0,Đạt,2026-06-14
3329,5,3,10,5,19,2,1,1,20,296453381.7304537,30938651.79843332,17354804.0578392,13583847.740594124,310037229.4710479,0.0526315789473684,0.9473684210526316,0,0,0,Đạt,2026-06-14
3330,6,3,10,5,20,0,1,-1,19,310037229.4710479,0.0,17077857.66276126,-17077857.66276126,292959371.8082866,0.05,0.95,0,0,0,Đạt,2026-06-14
3331,7,3,10,5,19,1,0,1,20,292959371.8082866,18933466.37327441,0.0,18933466.37327441,311892838.181561,0.0,1.0,0,0,0,Đạt,2026-06-14
3332,8,3,10,5,20,1,1,0,20,311892838.181561,13024477.862463605,14019932.243605562,-995454.3811419568,310897383.80041903,0.05,0.95,0,0,0,Đạt,2026-06-14
3333,9,3,10,5,20,2,1,1,21,310897383.80041903,26593388.78470933,18560556.811333794,8032831.97337554,318930215.7737946,0.05,0.95,0,0,0,Đạt,2026-06-14
3334,10,3,10,5,21,2,1,1,22,318930215.7737946,37848746.38430101,17441463.052204806,20407283.332096208,339337499.1058908,0.0476190476190476,0.9523809523809524,0,0,0,Đạt,2026-06-14
3335,11,3,10,5,22,0,0,0,22,339337499.1058908,0.0,0.0,0.0,339337499.1058908,0.0,1.0,0,0,0,Đạt,2026-06-14
3336,12,3,10,5,22,1,0,1,23,339337499.1058908,17911969.416887403,0.0,17911969.416887403,357249468.5227782,0.0,1.0,0,0,0,Đạt,2026-06-14
3337,1,3,10,6,38,4,2,2,40,604842949.8494986,64665312.93188086,25875258.940440893,38790053.99143997,643633003.8409386,0.0526315789473684,0.9473684210526316,0,0,0,Đạt,2026-06-14
3338,2,3,10,6,40,5,2,3,43,643633003.8409386,76898495.27072585,35948528.88119354,40949966.38953231,684582970.2304709,0.05,0.95,5,0,0,Cần kiểm tra,2026-06-14
3339,3,3,10,6,43,1,2,-1,42,684582970.2304709,18456687.3461482,36588277.60528024,-18131590.25913204,666451379.9713389,0.0465116279069767,0.9534883720930232,0,0,0,Đạt,2026-06-14
3340,4,3,10,6,42,4,1,3,45,666451379.9713389,60286531.7753559,17949712.638112452,42336819.13724345,708788199.1085823,0.0238095238095238,0.9761904761904762,0,0,0,Đạt,2026-06-14
3341,5,3,10,6,45,1,3,-2,43,708788199.1085823,16874602.11887163,44539612.82987214,-27665010.71100051,681123188.3975817,0.0666666666666666,0.9333333333333332,0,0,0,Đạt,2026-06-14
3342,6,3,10,6,43,1,2,-1,42,681123188.3975817,12891814.541366816,26871072.90244238,-13979258.361075563,667143930.0365062,0.0465116279069767,0.9534883720930232,0,0,0,Đạt,2026-06-14
3343,7,3,10,6,42,5,1,4,46,667143930.0365062,82879774.02687341,16017531.367198093,66862242.65967532,734006172.6961815,0.0238095238095238,0.9761904761904762,0,0,0,Đạt,2026-06-14
3344,8,3,10,6,46,6,3,3,49,734006172.6961815,84519553.23087989,55952563.04435568,28566990.18652421,762573162.8827057,0.0652173913043478,0.9347826086956522,0,0,0,Đạt,2026-06-14
3345,9,3,10,6,49,2,1,1,50,762573162.8827057,37402873.44395112,13093275.083139786,24309598.360811338,786882761.243517,0.0204081632653061,0.979591836734694,0,0,0,Đạt,2026-06-14
3346,10,3,10,6,50,4,4,0,50,786882761.243517,72108895.56756534,62254791.8939542,9854103.673611142,796736864.9171282,0.08,0.92,0,0,0,Đạt,2026-06-14
3347,11,3,10,6,50,4,2,2,52,796736864.9171282,69297972.60897148,37634746.59298135,31663226.015990123,828400090.9331183,0.04,0.96,0,0,0,Đạt,2026-06-14
3348,12,3,10,6,52,5,0,5,57,828400090.9331183,72028561.373218,0.0,72028561.373218,900428652.3063364,0.0,1.0,0,0,0,Đạt,2026-06-14
3349,1,3,10,7,16,1,1,0,16,1018377470.8821028,61531694.81213973,56462916.1279325,5068778.684207223,1023446249.56631,0.0625,0.9375,0,0,0,Đạt,2026-06-14
3350,2,3,10,7,16,1,0,1,17,1023446249.56631,56599271.89748993,0.0,56599271.89748993,1080045521.4638,0.0,1.0,3,0,0,Cần kiểm tra,2026-06-14
3351,3,3,10,7,17,0,0,0,17,1080045521.4638,0.0,0.0,0.0,1080045521.4638,0.0,1.0,0,0,0,Đạt,2026-06-14
3352,4,3,10,7,17,1,0,1,18,1080045521.4638,76200076.53937861,0.0,76200076.53937861,1156245598.0031786,0.0,1.0,0,0,0,Đạt,2026-06-14
3353,5,3,10,7,18,2,0,2,20,1156245598.0031786,150871486.76516047,0.0,150871486.76516047,1307117084.7683392,0.0,1.0,4,0,0,Cần kiểm tra,2026-06-14
3354,6,3,10,7,20,1,1,0,20,1307117084.7683392,55073034.12468738,66985135.82360511,-11912101.698917724,1295204983.0694215,0.05,0.95,0,0,0,Đạt,2026-06-14
3355,7,3,10,7,20,0,1,-1,19,1295204983.0694215,0.0,54218819.2972476,-54218819.2972476,1240986163.772174,0.05,0.95,0,0,0,Đạt,2026-06-14
3356,8,3,10,7,19,1,0,1,20,1240986163.772174,66794808.4518246,0.0,66794808.4518246,1307780972.2239983,0.0,1.0,0,0,0,Đạt,2026-06-14
3357,9,3,10,7,20,0,0,0,20,1307780972.2239983,0.0,0.0,0.0,1307780972.2239983,0.0,1.0,0,0,0,Đạt,2026-06-14
3358,10,3,10,7,20,0,0,0,20,1307780972.2239983,0.0,0.0,0.0,1307780972.2239983,0.0,1.0,7,10,0,Cần kiểm tra,2026-06-14
3359,11,3,10,7,20,2,0,2,22,1307780972.2239983,144463002.3326707,0.0,144463002.3326707,1452243974.5566692,0.0,1.0,0,0,0,Đạt,2026-06-14
3360,12,3,10,7,22,1,1,0,22,1452243974.5566692,58927120.05046143,54517837.97316068,4409282.07730075,1456653256.63397,0.0454545454545454,0.9545454545454546,0,0,0,Đạt,2026-06-14
3361,1,3,11,1,1943,117,108,9,1952,7133029932.747434,449671822.4752531,328459298.0193789,121212524.4558742,7254242457.203308,0.0555841482243952,0.9444158517756048,0,0,0,Đạt,2026-06-14
3362,2,3,11,1,1952,220,123,97,2049,7254242457.203308,715315854.829482,403093159.2329853,312222695.59649664,7566465152.799805,0.0630122950819672,0.9369877049180328,0,0,0,Đạt,2026-06-14
3363,3,3,11,1,2049,290,143,147,2196,7566465152.799805,1098540720.3242347,502747476.5422591,595793243.7819756,8162258396.58178,0.0697901415324548,0.9302098584675452,0,0,0,Đạt,2026-06-14
3364,4,3,11,1,2196,226,119,107,2303,8162258396.58178,916317963.6652056,439781313.5843121,476536650.0808935,8638795046.662674,0.0541894353369763,0.9458105646630236,0,0,0,Đạt,2026-06-14
3365,5,3,11,1,2303,61,143,-82,2221,8638795046.662674,267495407.21339303,624972746.7926718,-357477339.5792787,8281317707.083395,0.062092922275293,0.9379070777247068,0,0,0,Đạt,2026-06-14
3366,6,3,11,1,2221,224,164,60,2281,8281317707.083395,795591342.9040685,619064874.4240673,176526468.4800012,8457844175.563396,0.0738406123367852,0.9261593876632148,0,0,0,Đạt,2026-06-14
3367,7,3,11,1,2281,336,51,285,2566,8457844175.563396,1052593864.1537209,163064911.22663268,889528952.9270881,9347373128.490484,0.0223586146427005,0.9776413853572994,0,0,0,Đạt,2026-06-14
3368,8,3,11,1,2566,332,71,261,2827,9347373128.490484,991948163.4084522,301732264.2905069,690215899.1179452,10037589027.608427,0.0276695245518316,0.9723304754481684,0,0,0,Đạt,2026-06-14
3369,9,3,11,1,2827,244,164,80,2907,10037589027.608427,900324598.0606934,717315990.601843,183008607.4588504,10220597635.06728,0.0580120268836222,0.9419879731163778,0,0,0,Đạt,2026-06-14
3370,10,3,11,1,2907,376,76,300,3207,10220597635.06728,1186222776.425032,256444548.22399187,929778228.2010404,11150375863.26832,0.0261437908496732,0.9738562091503268,0,0,0,Đạt,2026-06-14
3371,11,3,11,1,3207,76,292,-216,2991,11150375863.26832,256422345.6266276,1089182992.4386904,-832760646.8120629,10317615216.456257,0.0910508263174306,0.9089491736825692,0,0,0,Đạt,2026-06-14
3372,12,3,11,1,2991,441,111,330,3321,10317615216.456257,1441121928.7580562,434896047.0672988,1006225881.6907572,11323841098.147017,0.037111334002006,0.962888665997994,0,0,0,Đạt,2026-06-14
3373,1,3,11,2,1964,64,28,36,2000,9411767920.784391,345372281.6202242,156251584.08204308,189120697.5381811,9600888618.322577,0.0142566191446028,0.9857433808553973,0,0,0,Đạt,2026-06-14
3374,2,3,11,2,2000,69,36,33,2033,9600888618.322577,331439991.65313745,206037008.347162,125402983.30597544,9726291601.62855,0.018,0.982,6,0,0,Cần kiểm tra,2026-06-14
3375,3,3,11,2,2033,243,143,100,2133,9726291601.62855,997468875.067629,759068336.1106677,238400538.95696127,9964692140.58551,0.0703393999016232,0.9296606000983768,0,0,0,Đạt,2026-06-14
3376,4,3,11,2,2133,44,79,-35,2098,9964692140.58551,208594186.99703845,382640204.20962673,-174046017.21258828,9790646123.372925,0.037037037037037,0.962962962962963,0,0,0,Đạt,2026-06-14
3377,5,3,11,2,2098,268,45,223,2321,9790646123.372925,1040767128.3229952,225329350.7674891,815437777.5555062,10606083900.928429,0.0214489990467111,0.9785510009532888,0,0,0,Đạt,2026-06-14
3378,6,3,11,2,2321,33,189,-156,2165,10606083900.928429,168965294.93990487,1033711176.0284688,-864745881.0885639,9741338019.839865,0.0814304179233089,0.918569582076691,0,0,0,Đạt,2026-06-14
3379,7,3,11,2,2165,147,151,-4,2161,9741338019.839865,751149229.9302461,622264742.3721633,128884487.55808282,9870222507.397947,0.0697459584295612,0.9302540415704388,0,0,0,Đạt,2026-06-14
3380,8,3,11,2,2161,177,106,71,2232,9870222507.397947,783180498.2325156,439728927.0633663,343451571.1691493,10213674078.567097,0.0490513651087459,0.950948634891254,0,0,0,Đạt,2026-06-14
3381,9,3,11,2,2232,45,35,10,2242,10213674078.567097,207132363.43185636,151235316.00388232,55897047.427974015,10269571125.995071,0.0156810035842293,0.9843189964157706,0,0,0,Đạt,2026-06-14
3382,10,3,11,2,2242,81,211,-130,2112,10269571125.995071,377586132.8425231,834776972.1008579,-457190839.2583348,9812380286.736736,0.0941123996431757,0.9058876003568244,0,0,0,Đạt,2026-06-14
3383,11,3,11,2,2112,277,98,179,2291,9812380286.736736,1226137447.2604144,486427507.6408493,739709939.619565,10552090226.3563,0.0464015151515151,0.9535984848484848,0,0,0,Đạt,2026-06-14
3384,12,3,11,2,2291,235,44,191,2482,10552090226.3563,1212863665.71341,246210756.41795507,966652909.2954547,11518743135.651754,0.0192055870798777,0.9807944129201224,0,0,0,Đạt,2026-06-14
3385,1,3,11,3,1074,118,93,25,1099,2762975939.2040286,295524739.068668,280918261.0389197,14606478.02974832,2777582417.233777,0.0865921787709497,0.9134078212290504,0,0,0,Đạt,2026-06-14
3386,2,3,11,3,1099,87,27,60,1159,2777582417.233777,253113682.8613714,74209675.39620091,178904007.4651705,2956486424.6989474,0.024567788898999,0.9754322111010008,0,0,0,Đạt,2026-06-14
3387,3,3,11,3,1159,118,72,46,1205,2956486424.6989474,342782046.97255707,182592954.0392235,160189092.93333358,3116675517.632281,0.0621225194132873,0.9378774805867128,0,0,0,Đạt,2026-06-14
3388,4,3,11,3,1205,106,88,18,1223,3116675517.632281,222254244.48169336,261133931.98656815,-38879687.504874825,3077795830.127406,0.0730290456431535,0.9269709543568464,0,0,0,Đạt,2026-06-14
3389,5,3,11,3,1223,102,54,48,1271,3077795830.127406,253865518.20813996,113120715.52716018,140744802.68097973,3218540632.808386,0.044153720359771,0.955846279640229,0,0,0,Đạt,2026-06-14
3390,6,3,11,3,1271,146,93,53,1324,3218540632.808386,436614696.2019368,236739405.4342346,199875290.76770225,3418415923.576088,0.073170731707317,0.926829268292683,0,0,0,Đạt,2026-06-14
3391,7,3,11,3,1324,20,107,-87,1237,3418415923.576088,53758067.02575856,281357765.368896,-227599698.34313744,3190816225.2329507,0.0808157099697885,0.9191842900302116,0,0,0,Đạt,2026-06-14
3392,8,3,11,3,1237,150,43,107,1344,3190816225.2329507,416008940.31167936,123561783.11500584,292447157.1966735,3483263382.429624,0.0347615198059822,0.9652384801940178,0,0,0,Đạt,2026-06-14
3393,9,3,11,3,1344,198,52,146,1490,3483263382.429624,470552514.9463275,126796777.71512309,343755737.2312044,3827019119.6608286,0.0386904761904761,0.9613095238095238,0,0,0,Đạt,2026-06-14
3394,10,3,11,3,1490,85,138,-53,1437,3827019119.6608286,202393161.55588472,305161722.2408706,-102768560.68498588,3724250558.9758425,0.0926174496644295,0.9073825503355704,0,0,0,Đạt,2026-06-14
3395,11,3,11,3,1437,109,45,64,1501,3724250558.9758425,266151407.5996573,136070073.35376546,130081334.24589184,3854331893.221735,0.0313152400835073,0.9686847599164928,0,0,0,Đạt,2026-06-14
3396,12,3,11,3,1501,189,23,166,1667,3854331893.221735,557951282.5242938,62945447.307032496,495005835.2172613,4349337728.438995,0.0153231179213857,0.9846768820786144,0,0,0,Đạt,2026-06-14
3397,1,3,11,4,934,115,60,55,989,3095250232.012713,449853203.7482951,162548835.33780983,287304368.41048527,3382554600.423198,0.0642398286937901,0.9357601713062098,0,0,0,Đạt,2026-06-14
3398,2,3,11,4,989,125,41,84,1073,3382554600.423198,343686506.7316834,147626637.89325103,196059868.83843237,3578614469.2616305,0.0414560161779575,0.9585439838220424,0,0,0,Đạt,2026-06-14
3399,3,3,11,4,1073,32,42,-10,1063,3578614469.2616305,99773783.84496348,158492606.5518054,-58718822.70684193,3519895646.5547886,0.0391425908667288,0.9608574091332712,0,0,0,Đạt,2026-06-14
3400,4,3,11,4,1063,153,101,52,1115,3519895646.5547886,458404758.2039214,285072468.7973688,173332289.4065526,3693227935.961341,0.0950141110065851,0.9049858889934148,0,0,0,Đạt,2026-06-14
3401,5,3,11,4,1115,92,17,75,1190,3693227935.961341,327111165.13772243,57181588.03722903,269929577.10049343,3963157513.061835,0.0152466367713004,0.9847533632286996,0,0,0,Đạt,2026-06-14
3402,6,3,11,4,1190,159,66,93,1283,3963157513.061835,535111101.1518103,181966466.0806356,353144635.0711747,4316302148.13301,0.0554621848739495,0.9445378151260504,0,0,0,Đạt,2026-06-14
3403,7,3,11,4,1283,28,110,-82,1201,4316302148.13301,106950866.9215217,307269256.90779644,-200318389.98627475,4115983758.146735,0.0857365549493374,0.9142634450506624,0,0,0,Đạt,2026-06-14
3404,8,3,11,4,1201,161,47,114,1315,4115983758.146735,460542305.4662343,144399965.56905302,316142339.8971813,4432126098.043917,0.0391340549542048,0.9608659450457951,0,0,0,Đạt,2026-06-14
3405,9,3,11,4,1315,170,46,124,1439,4432126098.043917,504715099.1996936,149246826.9747875,355468272.2249061,4787594370.268823,0.0349809885931559,0.965019011406844,0,0,0,Đạt,2026-06-14
3406,10,3,11,4,1439,39,106,-67,1372,4787594370.268823,141369624.74871436,282668496.3133793,-141298871.56466493,4646295498.704158,0.0736622654621264,0.9263377345378736,0,0,0,Đạt,2026-06-14
3407,11,3,11,4,1372,26,50,-24,1348,4646295498.704158,70061854.88505894,172066058.80316702,-102004203.91810808,4544291294.78605,0.0364431486880466,0.9635568513119532,0,0,0,Đạt,2026-06-14
3408,12,3,11,4,1348,191,14,177,1525,4544291294.78605,739407684.3806732,52173217.62803853,687234466.7526346,5231525761.538685,0.0103857566765578,0.9896142433234422,0,0,0,Đạt,2026-06-14
3409,1,3,11,5,1045,19,72,-53,992,2564006722.2323265,42489252.219536684,146499585.64019954,-104010333.42066284,2459996388.811664,0.0688995215311004,0.9311004784688997,0,0,0,Đạt,2026-06-14
3410,2,3,11,5,992,60,63,-3,989,2459996388.811664,143162797.71783942,132862761.15812504,10300036.559714392,2470296425.371378,0.063508064516129,0.936491935483871,0,0,0,Đạt,2026-06-14
3411,3,3,11,5,989,61,10,51,1040,2470296425.371378,164753244.5013967,20865323.34824323,143887921.15315345,2614184346.5245314,0.0101112234580384,0.9898887765419616,0,0,0,Đạt,2026-06-14
3412,4,3,11,5,1040,126,33,93,1133,2614184346.5245314,359181904.1259777,70119093.60508679,289062810.5208909,2903247157.0454226,0.0317307692307692,0.9682692307692308,0,0,0,Đạt,2026-06-14
3413,5,3,11,5,1133,96,69,27,1160,2903247157.0454226,260441209.56873253,185510169.3489452,74931040.21978733,2978178197.2652097,0.0609002647837599,0.93909973521624,0,0,0,Đạt,2026-06-14
3414,6,3,11,5,1160,94,59,35,1195,2978178197.2652097,197663797.5530888,142199269.08212385,55464528.47096497,3033642725.7361746,0.0508620689655172,0.9491379310344829,0,0,0,Đạt,2026-06-14
3415,7,3,11,5,1195,33,47,-14,1181,3033642725.7361746,96042190.96222344,93936642.710787,2105548.2514364123,3035748273.987611,0.0393305439330543,0.9606694560669456,0,0,0,Đạt,2026-06-14
3416,8,3,11,5,1181,170,115,55,1236,3035748273.987611,411211516.4671081,251137316.31843483,160074200.14867324,3195822474.136284,0.0973751058425063,0.9026248941574936,0,0,0,Đạt,2026-06-14
3417,9,3,11,5,1236,90,15,75,1311,3195822474.136284,257411051.42603844,32045621.287718654,225365430.1383198,3421187904.274604,0.012135922330097,0.9878640776699028,0,0,0,Đạt,2026-06-14
3418,10,3,11,5,1311,46,53,-7,1304,3421187904.274604,93793209.0176684,154703107.96878278,-60909898.95111439,3360278005.3234897,0.0404271548436308,0.9595728451563692,0,0,0,Đạt,2026-06-14
3419,11,3,11,5,1304,178,65,113,1417,3360278005.3234897,489350563.1202975,182363105.22106943,306987457.8992281,3667265463.222718,0.0498466257668711,0.9501533742331288,0,0,0,Đạt,2026-06-14
3420,12,3,11,5,1417,31,90,-59,1358,3667265463.222718,75968682.56001838,248238086.1118851,-172269403.5518667,3494996059.670851,0.0635144671841919,0.936485532815808,0,0,0,Đạt,2026-06-14
3421,1,3,11,6,1964,82,126,-44,1920,8662797976.253899,316051171.7718274,552853358.2220602,-236802186.4502328,8425995789.803666,0.0641547861507128,0.9358452138492872,0,0,0,Đạt,2026-06-14
3422,2,3,11,6,1920,210,112,98,2018,8425995789.803666,831750862.4650521,583510582.9281735,248240279.5368786,8674236069.340546,0.0583333333333333,0.9416666666666668,0,0,0,Đạt,2026-06-14
3423,3,3,11,6,2018,169,72,97,2115,8674236069.340546,823297923.4843756,299399126.2403392,523898797.2440365,9198134866.58458,0.0356788899900891,0.9643211100099108,0,0,0,Đạt,2026-06-14
3424,4,3,11,6,2115,67,110,-43,2072,9198134866.58458,314167589.4581671,506884506.0931142,-192716916.63494712,9005417949.949635,0.0520094562647754,0.9479905437352246,0,0,0,Đạt,2026-06-14
3425,5,3,11,6,2072,211,168,43,2115,9005417949.949635,884051475.292576,828753743.6716688,55297731.62090719,9060715681.57054,0.081081081081081,0.9189189189189187,0,0,0,Đạt,2026-06-14
3426,6,3,11,6,2115,310,108,202,2317,9060715681.57054,1198097064.6687384,467279684.0636047,730817380.6051338,9791533062.175674,0.051063829787234,0.948936170212766,0,0,0,Đạt,2026-06-14
3427,7,3,11,6,2317,260,217,43,2360,9791533062.175674,1226718498.121594,1100428633.9592316,126289864.16236234,9917822926.338036,0.093655589123867,0.9063444108761328,0,0,0,Đạt,2026-06-14
3428,8,3,11,6,2360,333,62,271,2631,9917822926.338036,1284034485.54961,239408372.3936965,1044626113.1559136,10962449039.493952,0.0262711864406779,0.973728813559322,0,0,0,Đạt,2026-06-14
3429,9,3,11,6,2631,166,105,61,2692,10962449039.493952,641362038.5903748,377896133.8861265,263465904.7042483,11225914944.1982,0.0399087799315849,0.9600912200684152,0,0,0,Đạt,2026-06-14
3430,10,3,11,6,2692,207,161,46,2738,11225914944.1982,753883200.0388488,679262197.6013842,74621002.4374646,11300535946.635664,0.0598068350668647,0.9401931649331352,0,0,0,Đạt,2026-06-14
3431,11,3,11,6,2738,169,53,116,2854,11300535946.635664,707504706.9439155,215665652.58381832,491839054.3600972,11792375000.995762,0.0193571950328707,0.9806428049671292,0,0,0,Đạt,2026-06-14
3432,12,3,11,6,2854,396,107,289,3143,11792375000.995762,1787823875.7487128,382803554.1849034,1405020321.5638094,13197395322.55957,0.0374912403644008,0.9625087596355992,0,0,0,Đạt,2026-06-14
3433,1,3,11,7,1337,162,60,102,1439,6467191292.045541,774064646.3807831,267609404.3840452,506455241.9967378,6973646534.042278,0.0448765893792071,0.9551234106207928,0,0,0,Đạt,2026-06-14
3434,2,3,11,7,1439,167,102,65,1504,6973646534.042278,659591800.3605239,539042063.6372261,120549736.72329783,7094196270.765576,0.0708825573314801,0.9291174426685198,0,0,0,Đạt,2026-06-14
3435,3,3,11,7,1504,57,76,-19,1485,7094196270.765576,257871218.74872288,301752664.9169716,-43881446.16824874,7050314824.597327,0.050531914893617,0.949468085106383,0,0,0,Đạt,2026-06-14
3436,4,3,11,7,1485,117,107,10,1495,7050314824.597327,499768677.2319983,550911296.0493991,-51142618.81740081,6999172205.779926,0.072053872053872,0.927946127946128,0,0,0,Đạt,2026-06-14
3437,5,3,11,7,1495,79,24,55,1550,6999172205.779926,362910631.0395869,134465620.65193644,228445010.3876504,7227617216.167577,0.0160535117056856,0.9839464882943144,0,0,0,Đạt,2026-06-14
3438,6,3,11,7,1550,190,148,42,1592,7227617216.167577,1023676340.1839128,814776998.2566334,208899341.92727947,7436516558.094856,0.0954838709677419,0.904516129032258,0,0,0,Đạt,2026-06-14
3439,7,3,11,7,1592,35,87,-52,1540,7436516558.094856,182916231.7719673,478903352.5544884,-295987120.78252107,7140529437.312335,0.0546482412060301,0.9453517587939698,0,0,0,Đạt,2026-06-14
3440,8,3,11,7,1540,33,132,-99,1441,7140529437.312335,171914914.6635785,552493023.6891125,-380578109.025534,6759951328.286801,0.0857142857142857,0.9142857142857144,0,0,0,Đạt,2026-06-14
3441,9,3,11,7,1441,108,33,75,1516,6759951328.286801,433107747.5943973,185345224.54029927,247762523.05409804,7007713851.340899,0.0229007633587786,0.9770992366412212,0,0,0,Đạt,2026-06-14
3442,10,3,11,7,1516,180,81,99,1615,7007713851.340899,944727320.155648,400521865.2459384,544205454.9097096,7551919306.250609,0.0534300791556728,0.9465699208443272,0,0,0,Đạt,2026-06-14
3443,11,3,11,7,1615,95,65,30,1645,7551919306.250609,513975384.29904366,316168419.4441789,197806964.8548648,7749726271.105474,0.0402476780185758,0.959752321981424,0,0,0,Đạt,2026-06-14
3444,12,3,11,7,1645,101,27,74,1719,7749726271.105474,433906925.3000053,113469740.63814318,320437184.66186213,8070163455.767337,0.0164133738601823,0.9835866261398176,0,0,0,Đạt,2026-06-14
3445,1,3,12,1,1751,225,97,128,1879,1829915540.973661,214329072.4074414,106623472.098744,107705600.30869742,1937621141.2823584,0.0553969160479725,0.9446030839520274,0,0,0,Đạt,2026-06-14
3446,2,3,12,1,1879,251,179,72,1951,1937621141.2823584,273113052.0530578,183912533.62481543,89200518.42824236,2026821659.7106009,0.0952634379989356,0.9047365620010644,0,0,0,Đạt,2026-06-14
3447,3,3,12,1,1951,142,155,-13,1938,2026821659.7106009,171926755.58699444,158286901.69216,13639853.894834427,2040461513.6054356,0.0794464377242439,0.920553562275756,0,0,0,Đạt,2026-06-14
3448,4,3,12,1,1938,132,114,18,1956,2040461513.6054356,164456328.6709856,107187170.63212416,57269158.03886144,2097730671.644297,0.0588235294117647,0.9411764705882352,0,0,0,Đạt,2026-06-14
3449,5,3,12,1,1956,251,63,188,2144,2097730671.644297,256982796.1012636,76283863.42276949,180698932.67849413,2278429604.322791,0.0322085889570552,0.9677914110429447,0,0,0,Đạt,2026-06-14
3450,6,3,12,1,2144,282,176,106,2250,2278429604.322791,251570156.9231867,195006958.0447602,56563198.87842649,2334992803.2012177,0.0820895522388059,0.917910447761194,0,0,0,Đạt,2026-06-14
3451,7,3,12,1,2250,205,123,82,2332,2334992803.2012177,252879583.69225717,137874176.89054927,115005406.80170786,2449998210.0029254,0.0546666666666666,0.9453333333333334,0,0,0,Đạt,2026-06-14
3452,8,3,12,1,2332,57,154,-97,2235,2449998210.0029254,63174543.840139546,180806168.7579497,-117631624.9178102,2332366585.0851154,0.0660377358490566,0.9339622641509434,0,0,0,Đạt,2026-06-14
3453,9,3,12,1,2235,94,192,-98,2137,2332366585.0851154,93394378.52962092,227478024.98324093,-134083646.45362002,2198282938.6314955,0.0859060402684563,0.9140939597315436,0,0,0,Đạt,2026-06-14
3454,10,3,12,1,2137,204,209,-5,2132,2198282938.6314955,193601087.51813772,217982727.4201134,-24381639.90197566,2173901298.72952,0.0978006551240056,0.9021993448759944,0,0,0,Đạt,2026-06-14
3455,11,3,12,1,2132,120,121,-1,2131,2173901298.72952,126056543.10785425,116590736.47175348,9465806.636100767,2183367105.3656206,0.0567542213883677,0.9432457786116324,0,0,0,Đạt,2026-06-14
3456,12,3,12,1,2131,186,68,118,2249,2183367105.3656206,197905713.0220823,64858645.90989059,133047067.1121917,2316414172.4778123,0.031909901454716,0.968090098545284,0,0,0,Đạt,2026-06-14
3457,1,3,12,2,966,123,13,110,1076,1838919888.622108,257481480.8349289,22060200.134582024,235421280.7003469,2074341169.3224547,0.0134575569358178,0.9865424430641822,0,0,0,Đạt,2026-06-14
3458,2,3,12,2,1076,36,87,-51,1025,2074341169.3224547,78439559.73724754,179148521.67510855,-100708961.937861,1973632207.3845935,0.0808550185873605,0.9191449814126396,0,0,0,Đạt,2026-06-14
3459,3,3,12,2,1025,102,46,56,1081,1973632207.3845935,215245204.6269774,86254870.29262745,128990334.33434996,2102622541.718944,0.0448780487804878,0.9551219512195122,0,0,0,Đạt,2026-06-14
3460,4,3,12,2,1081,159,71,88,1169,2102622541.718944,344376096.5428771,130322614.6589351,214053481.883942,2316676023.6028857,0.0656799259944495,0.9343200740055504,0,0,0,Đạt,2026-06-14
3461,5,3,12,2,1169,41,83,-42,1127,2316676023.6028857,76515743.92527933,184924590.93719003,-108408847.01191068,2208267176.590975,0.0710008554319931,0.9289991445680068,3,2,0,Cần kiểm tra,2026-06-14
3462,6,3,12,2,1127,98,19,79,1206,2208267176.590975,199793846.4405296,33907984.82655316,165885861.6139764,2374153038.204952,0.0168589174800354,0.9831410825199643,9,0,0,Cần kiểm tra,2026-06-14
3463,7,3,12,2,1206,145,62,83,1289,2374153038.204952,278051093.27555174,104961972.38459048,173089120.89096126,2547242159.0959125,0.0514096185737976,0.9485903814262024,0,0,0,Đạt,2026-06-14
3464,8,3,12,2,1289,145,119,26,1315,2547242159.0959125,232378753.5048984,203516376.3440768,28862377.160821617,2576104536.256734,0.0923196276183087,0.9076803723816912,0,0,0,Đạt,2026-06-14
3465,9,3,12,2,1315,96,77,19,1334,2576104536.256734,203166327.43598256,166797124.4224718,36369203.01351079,2612473739.2702446,0.0585551330798479,0.941444866920152,0,0,0,Đạt,2026-06-14
3466,10,3,12,2,1334,139,56,83,1417,2612473739.2702446,289886366.99233097,97503767.34427854,192382599.6480524,2804856338.918297,0.0419790104947526,0.9580209895052474,0,0,0,Đạt,2026-06-14
3467,11,3,12,2,1417,60,23,37,1454,2804856338.918297,107826253.40454042,48787724.57642914,59038528.82811128,2863894867.746408,0.0162314749470712,0.9837685250529288,0,0,0,Đạt,2026-06-14
3468,12,3,12,2,1454,145,55,90,1544,2863894867.746408,328721370.2055758,112659208.95970498,216062161.24587083,3079957028.992279,0.0378266850068775,0.9621733149931224,0,0,0,Đạt,2026-06-14
3469,1,3,12,3,1710,139,164,-25,1685,7214892781.406134,688657176.0400314,673927651.4038904,14729524.636141062,7229622306.042274,0.095906432748538,0.904093567251462,0,0,0,Đạt,2026-06-14
3470,2,3,12,3,1685,150,111,39,1724,7229622306.042274,583558764.6795018,550473470.8493445,33085293.83015728,7262707599.872432,0.0658753709198813,0.9341246290801188,2,0,0,Cần kiểm tra,2026-06-14
3471,3,3,12,3,1724,20,30,-10,1714,7262707599.872432,99363224.59914584,122198467.99426538,-22835243.395119533,7239872356.477312,0.0174013921113689,0.9825986078886312,0,0,0,Đạt,2026-06-14
3472,4,3,12,3,1714,23,23,0,1714,7239872356.477312,89193478.57204089,78267751.3055313,10925727.266509593,7250798083.743822,0.013418903150525,0.9865810968494748,0,0,0,Đạt,2026-06-14
3473,5,3,12,3,1714,182,134,48,1762,7250798083.743822,787011223.5094904,457060804.6115689,329950418.89792144,7580748502.641744,0.0781796966161026,0.9218203033838972,0,0,0,Đạt,2026-06-14
3474,6,3,12,3,1762,88,160,-72,1690,7580748502.641744,301034903.27567726,768997944.4193656,-467963041.1436884,7112785461.498055,0.0908059023836549,0.9091940976163452,0,0,0,Đạt,2026-06-14
3475,7,3,12,3,1690,58,74,-16,1674,7112785461.498055,275539444.30307,362965965.6053586,-87426521.30228859,7025358940.195766,0.0437869822485207,0.9562130177514792,0,0,0,Đạt,2026-06-14
3476,8,3,12,3,1674,61,95,-34,1640,7025358940.195766,229117194.85411343,365565581.80966055,-136448386.9555471,6888910553.240219,0.0567502986857825,0.9432497013142176,0,0,0,Đạt,2026-06-14
3477,9,3,12,3,1640,221,81,140,1780,6888910553.240219,804049089.6742666,363462321.2285321,440586768.4457345,7329497321.685953,0.049390243902439,0.9506097560975608,0,0,0,Đạt,2026-06-14
3478,10,3,12,3,1780,64,109,-45,1735,7329497321.685953,300021778.4710123,493518068.0164338,-193496289.54542157,7136001032.140532,0.0612359550561797,0.9387640449438204,0,0,0,Đạt,2026-06-14
3479,11,3,12,3,1735,36,78,-42,1693,7136001032.140532,178309408.03673843,345319629.71638733,-167010221.6796489,6968990810.460882,0.0449567723342939,0.955043227665706,0,0,0,Đạt,2026-06-14
3480,12,3,12,3,1693,247,110,137,1830,6968990810.460882,954441761.4557458,531553929.9487894,422887831.5069564,7391878641.967838,0.0649734199645599,0.93502658003544,0,0,0,Đạt,2026-06-14
3481,1,3,12,4,1016,140,55,85,1101,2443896132.5258904,269472810.93339586,117042583.70808016,152430227.2253157,2596326359.751206,0.0541338582677165,0.9458661417322834,0,0,0,Đạt,2026-06-14
3482,2,3,12,4,1101,77,99,-22,1079,2596326359.751206,204640669.12358028,256920186.5250862,-52279517.40150592,2544046842.3497,0.0899182561307901,0.9100817438692098,0,0,0,Đạt,2026-06-14
3483,3,3,12,4,1079,36,101,-65,1014,2544046842.3497,90714449.341809,216731865.29813427,-126017415.95632528,2418029426.393375,0.0936051899907321,0.9063948100092678,0,0,0,Đạt,2026-06-14
3484,4,3,12,4,1014,143,94,49,1063,2418029426.393375,354580192.1866356,207172179.6110177,147408012.5756179,2565437438.9689927,0.0927021696252465,0.9072978303747534,0,0,0,Đạt,2026-06-14
3485,5,3,12,4,1063,146,87,59,1122,2565437438.9689927,315992590.6349561,231800119.88414735,84192470.75080875,2649629909.7198014,0.0818438381937911,0.9181561618062088,0,0,0,Đạt,2026-06-14
3486,6,3,12,4,1122,82,37,45,1167,2649629909.7198014,210353252.21534768,100501136.53347369,109852115.681874,2759482025.401675,0.0329768270944741,0.967023172905526,0,0,0,Đạt,2026-06-14
3487,7,3,12,4,1167,109,68,41,1208,2759482025.401675,299386021.03303486,146114460.50948793,153271560.52354693,2912753585.9252224,0.0582690659811482,0.9417309340188518,0,0,0,Đạt,2026-06-14
3488,8,3,12,4,1208,134,41,93,1301,2912753585.9252224,313720419.0096427,82719933.97476608,231000485.03487664,3143754070.960099,0.0339403973509933,0.9660596026490066,0,0,0,Đạt,2026-06-14
3489,9,3,12,4,1301,106,92,14,1315,3143754070.960099,303314628.9523688,224534411.27953365,78780217.67283514,3222534288.6329346,0.0707148347425057,0.9292851652574944,0,0,0,Đạt,2026-06-14
3490,10,3,12,4,1315,108,100,8,1323,3222534288.6329346,224888076.30040452,234805200.2129463,-9917123.912541747,3212617164.7203927,0.0760456273764258,0.9239543726235742,0,0,0,Đạt,2026-06-14
3491,11,3,12,4,1323,98,131,-33,1290,3212617164.7203927,221543097.5409884,345426598.7326963,-123883501.19170792,3088733663.5286846,0.0990173847316704,0.9009826152683296,0,0,0,Đạt,2026-06-14
3492,12,3,12,4,1290,144,39,105,1395,3088733663.5286846,377541480.9028855,81563978.02937992,295977502.8735056,3384711166.40219,0.0302325581395348,0.9697674418604652,0,0,0,Đạt,2026-06-14
3493,1,3,12,5,1829,211,168,43,1872,4924202488.287541,647602738.8149525,460882352.1094592,186720386.70549327,5110922874.993034,0.0918534718425369,0.9081465281574632,0,0,0,Đạt,2026-06-14
3494,2,3,12,5,1872,146,102,44,1916,5110922874.993034,409392482.4512761,223065684.59161907,186326797.85965705,5297249672.852692,0.0544871794871794,0.9455128205128204,0,0,0,Đạt,2026-06-14
3495,3,3,12,5,1916,149,120,29,1945,5297249672.852692,417298641.5451014,308267352.7325958,109031288.8125056,5406280961.665197,0.0626304801670146,0.9373695198329854,0,0,0,Đạt,2026-06-14
3496,4,3,12,5,1945,144,63,81,2026,5406280961.665197,442925551.8295576,146833909.22509986,296091642.60445774,5702372604.269655,0.0323907455012853,0.9676092544987148,0,0,0,Đạt,2026-06-14
3497,5,3,12,5,2026,26,169,-143,1883,5702372604.269655,81217691.49385016,426074052.69925416,-344856361.205404,5357516243.064251,0.0834155972359328,0.9165844027640672,0,0,0,Đạt,2026-06-14
3498,6,3,12,5,1883,269,51,218,2101,5357516243.064251,781084326.584914,152111834.32128704,628972492.2636269,5986488735.327878,0.0270844397238449,0.9729155602761552,0,0,0,Đạt,2026-06-14
3499,7,3,12,5,2101,199,114,85,2186,5986488735.327878,440471003.7686232,314028045.52824205,126442958.24038112,6112931693.568259,0.054259876249405,0.9457401237505948,0,0,0,Đạt,2026-06-14
3500,8,3,12,5,2186,184,145,39,2225,6112931693.568259,540464865.5494,451473427.3511979,88991438.19820207,6201923131.766461,0.066331198536139,0.9336688014638608,0,0,0,Đạt,2026-06-14
3501,9,3,12,5,2225,251,193,58,2283,6201923131.766461,730011877.8932381,545759919.5294887,184251958.36374936,6386175090.130211,0.0867415730337078,0.913258426966292,0,0,0,Đạt,2026-06-14
3502,10,3,12,5,2283,163,200,-37,2246,6386175090.130211,519915756.928052,443549311.73882574,76366445.18922627,6462541535.319437,0.0876040297853701,0.9123959702146298,0,0,0,Đạt,2026-06-14
3503,11,3,12,5,2246,83,198,-115,2131,6462541535.319437,264522601.33827123,558488912.8408107,-293966311.5025394,6168575223.816897,0.0881567230632235,0.9118432769367764,0,0,0,Đạt,2026-06-14
3504,12,3,12,5,2131,32,94,-62,2069,6168575223.816897,98070436.72738454,299732744.4414796,-201662307.7140951,5966912916.102802,0.0441107461285781,0.955889253871422,0,0,0,Đạt,2026-06-14
3505,1,3,12,6,893,130,42,88,981,2184406526.3701544,254972517.33657184,102915207.70560975,152057309.63096207,2336463836.0011163,0.0470324748040313,0.9529675251959686,0,0,0,Đạt,2026-06-14
3506,2,3,12,6,981,120,73,47,1028,2336463836.0011163,246846458.69291395,207467460.127606,39378998.565307975,2375842834.5664244,0.0744138634046891,0.9255861365953107,0,0,0,Đạt,2026-06-14
3507,3,3,12,6,1028,124,95,29,1057,2375842834.5664244,338550965.277652,220771329.0054899,117779636.27216214,2493622470.8385863,0.0924124513618677,0.9075875486381324,0,0,0,Đạt,2026-06-14
3508,4,3,12,6,1057,101,44,57,1114,2493622470.8385863,226630326.8839889,115997702.89849104,110632623.98549782,2604255094.8240843,0.0416272469252601,0.9583727530747398,0,0,0,Đạt,2026-06-14
3509,5,3,12,6,1114,46,105,-59,1055,2604255094.8240843,122996898.94694896,231813047.8067512,-108816148.85980225,2495438945.964282,0.0942549371633752,0.9057450628366248,0,0,0,Đạt,2026-06-14
3510,6,3,12,6,1055,102,64,38,1093,2495438945.964282,280888149.56244475,180826481.50069147,100061668.06175327,2595500614.026036,0.0606635071090047,0.9393364928909952,0,0,0,Đạt,2026-06-14
3511,7,3,12,6,1093,55,83,-28,1065,2595500614.026036,124661587.996741,240415356.50373843,-115753768.50699742,2479746845.5190377,0.0759377859103385,0.9240622140896616,0,0,0,Đạt,2026-06-14
3512,8,3,12,6,1065,136,58,78,1143,2479746845.5190377,288214247.3400911,141885700.8582218,146328546.4818693,2626075392.000907,0.0544600938967136,0.9455399061032864,0,0,0,Đạt,2026-06-14
3513,9,3,12,6,1143,23,32,-9,1134,2626075392.000907,55181720.97421072,91524809.57455508,-36343088.60034435,2589732303.400563,0.0279965004374453,0.9720034995625548,0,0,0,Đạt,2026-06-14
3514,10,3,12,6,1134,134,28,106,1240,2589732303.400563,389020936.5912833,58420070.19387119,330600866.3974121,2920333169.797975,0.0246913580246913,0.9753086419753086,0,0,0,Đạt,2026-06-14
3515,11,3,12,6,1240,104,52,52,1292,2920333169.797975,269675614.2543064,110429133.20169818,159246481.0526082,3079579650.850583,0.0419354838709677,0.9580645161290322,0,0,0,Đạt,2026-06-14
3516,12,3,12,6,1292,78,38,40,1332,3079579650.850583,221930946.0641637,85639201.60554649,136291744.45861727,3215871395.3092003,0.0294117647058823,0.9705882352941176,0,0,0,Đạt,2026-06-14
3517,1,3,12,7,1155,149,101,48,1203,2230571286.6622844,302077493.6922945,208192234.65683317,93885259.03546134,2324456545.697746,0.0874458874458874,0.9125541125541126,0,0,0,Đạt,2026-06-14
3518,2,3,12,7,1203,119,97,22,1225,2324456545.697746,236145112.9090133,168292479.1679278,67852633.7410855,2392309179.438832,0.0806317539484621,0.9193682460515378,0,0,0,Đạt,2026-06-14
3519,3,3,12,7,1225,21,121,-100,1125,2392309179.438832,48328680.52171305,198772789.1465778,-150444108.62486476,2241865070.8139668,0.0987755102040816,0.9012244897959184,0,0,0,Đạt,2026-06-14
3520,4,3,12,7,1125,33,61,-28,1097,2241865070.8139668,64365683.07552651,106809983.81692591,-42444300.7413994,2199420770.0725675,0.0542222222222222,0.9457777777777778,0,0,0,Đạt,2026-06-14
3521,5,3,12,7,1097,138,49,89,1186,2199420770.0725675,243773455.7750912,82176305.13990726,161597150.63518393,2361017920.7077518,0.0446672743846855,0.9553327256153143,0,0,0,Đạt,2026-06-14
3522,6,3,12,7,1186,70,57,13,1199,2361017920.7077518,130187607.31438304,116646977.1513919,13540630.162991136,2374558550.8707423,0.0480607082630691,0.9519392917369308,0,0,0,Đạt,2026-06-14
3523,7,3,12,7,1199,179,35,144,1343,2374558550.8707423,400353747.5367742,74849232.5201732,325504515.016601,2700063065.8873434,0.0291909924937447,0.9708090075062552,0,0,0,Đạt,2026-06-14
3524,8,3,12,7,1343,171,65,106,1449,2700063065.8873434,337121070.53834486,143826440.26094025,193294630.2774046,2893357696.164748,0.0483991064780342,0.9516008935219658,0,0,0,Đạt,2026-06-14
3525,9,3,12,7,1449,171,99,72,1521,2893357696.164748,299780455.4915374,193074198.97231957,106706256.51921783,3000063952.683966,0.0683229813664596,0.9316770186335404,9,0,0,Cần kiểm tra,2026-06-14
3526,10,3,12,7,1521,99,67,32,1553,3000063952.683966,178151193.2809792,110072789.51088996,68078403.77008922,3068142356.454056,0.0440499671268902,0.9559500328731098,0,0,0,Đạt,2026-06-14
3527,11,3,12,7,1553,73,120,-47,1506,3068142356.454056,122755840.14256942,276001369.8254051,-153245529.6828357,2914896826.77122,0.077269800386349,0.922730199613651,0,0,0,Đạt,2026-06-14
3528,12,3,12,7,1506,135,55,80,1586,2914896826.77122,238567732.4835437,120616058.518297,117951673.96524672,3032848500.7364664,0.0365205843293492,0.9634794156706508,0,0,0,Đạt,2026-06-14
3529,1,3,13,1,50,7,4,3,53,3028523667.672493,479351628.9924019,199320821.9425711,280030807.0498308,3308554474.7223244,0.08,0.92,0,0,0,Đạt,2026-06-14
3530,2,3,13,1,53,1,5,-4,49,3308554474.7223244,67000768.22874262,314515397.34108824,-247514629.1123456,3061039845.6099787,0.0943396226415094,0.9056603773584906,3,4,0,Cần kiểm tra,2026-06-14
3531,3,3,13,1,49,6,1,5,54,3061039845.6099787,394999833.67607534,50598363.22884376,344401470.4472316,3405441316.0572104,0.0204081632653061,0.979591836734694,0,0,0,Đạt,2026-06-14
3532,4,3,13,1,54,1,4,-3,51,3405441316.0572104,61565743.866022095,281203471.3488354,-219637727.4828133,3185803588.574397,0.074074074074074,0.925925925925926,0,0,0,Đạt,2026-06-14
3533,5,3,13,1,51,4,1,3,54,3185803588.574397,229006794.67673668,67655957.7679779,161350836.9087588,3347154425.483156,0.0196078431372549,0.9803921568627452,0,0,0,Đạt,2026-06-14
3534,6,3,13,1,54,5,2,3,57,3347154425.483156,309643816.57995194,128316306.52726044,181327510.0526915,3528481935.535847,0.037037037037037,0.962962962962963,0,0,0,Đạt,2026-06-14
3535,7,3,13,1,57,7,3,4,61,3528481935.535847,429213891.7493105,186893482.6443896,242320409.1049209,3770802344.640768,0.0526315789473684,0.9473684210526316,0,0,0,Đạt,2026-06-14
3536,8,3,13,1,61,4,0,4,65,3770802344.640768,211630823.9913073,0.0,211630823.9913073,3982433168.6320753,0.0,1.0,0,0,0,Đạt,2026-06-14
3537,9,3,13,1,65,1,4,-3,62,3982433168.6320753,64517602.29687204,236896678.18234465,-172379075.8854726,3810054092.7466025,0.0615384615384615,0.9384615384615383,0,0,0,Đạt,2026-06-14
3538,10,3,13,1,62,6,1,5,67,3810054092.7466025,368189942.4645193,48695286.97707191,319494655.4874474,4129548748.23405,0.0161290322580645,0.9838709677419356,0,0,0,Đạt,2026-06-14
3539,11,3,13,1,67,4,1,3,70,4129548748.23405,279957784.957816,63588592.94445997,216369192.01335603,4345917940.247406,0.0149253731343283,0.9850746268656716,0,0,0,Đạt,2026-06-14
3540,12,3,13,1,70,3,1,2,72,4345917940.247406,216003258.9398507,53722622.76217196,162280636.17767873,4508198576.425085,0.0142857142857142,0.9857142857142858,2,0,0,Cần kiểm tra,2026-06-14
3541,1,3,13,2,41,3,3,0,41,3903064181.3307104,246464317.31412223,242716242.7288881,3748074.585234165,3906812255.9159446,0.073170731707317,0.926829268292683,0,0,0,Đạt,2026-06-14
3542,2,3,13,2,41,2,3,-1,40,3906812255.9159446,203226238.84520888,309661042.2874175,-106434803.4422086,3800377452.473736,0.073170731707317,0.926829268292683,0,0,0,Đạt,2026-06-14
3543,3,3,13,2,40,1,1,0,40,3800377452.473736,107344381.75580828,93802190.12244454,13542191.63336374,3813919644.1071,0.025,0.975,0,0,0,Đạt,2026-06-14
3544,4,3,13,2,40,4,3,1,41,3813919644.1071,368593079.35247177,333690503.57945186,34902575.77301991,3848822219.8801193,0.075,0.925,0,0,0,Đạt,2026-06-14
3545,5,3,13,2,41,1,1,0,41,3848822219.8801193,86923536.82267682,108091724.1474173,-21168187.324740484,3827654032.555379,0.024390243902439,0.975609756097561,0,0,0,Đạt,2026-06-14
3546,6,3,13,2,41,2,1,1,42,3827654032.555379,178800190.22945434,102321685.35679504,76478504.8726593,3904132537.428038,0.024390243902439,0.975609756097561,0,0,0,Đạt,2026-06-14
3547,7,3,13,2,42,1,1,0,42,3904132537.428038,91701368.7414118,82622121.16220944,9079247.579202354,3913211785.00724,0.0238095238095238,0.9761904761904762,4,2,4,Cần kiểm tra,2026-06-14
3548,8,3,13,2,42,4,2,2,44,3913211785.00724,400894734.6793184,181088780.59232476,219805954.08699363,4133017739.094234,0.0476190476190476,0.9523809523809524,0,0,0,Đạt,2026-06-14
3549,9,3,13,2,44,3,2,1,45,4133017739.094234,244472889.08501163,194072917.76662832,50399971.318383306,4183417710.412617,0.0454545454545454,0.9545454545454546,0,0,0,Đạt,2026-06-14
3550,10,3,13,2,45,4,4,0,45,4183417710.412617,318124412.05337733,306128342.0120428,11996070.04133457,4195413780.453952,0.0888888888888888,0.9111111111111112,0,0,0,Đạt,2026-06-14
3551,11,3,13,2,45,2,3,-1,44,4195413780.453952,208197154.50062096,269352502.3619423,-61155347.86132133,4134258432.5926304,0.0666666666666666,0.9333333333333332,0,0,0,Đạt,2026-06-14
3552,12,3,13,2,44,4,4,0,44,4134258432.5926304,346728492.7803515,360017857.1791629,-13289364.3988114,4120969068.193819,0.0909090909090909,0.9090909090909092,0,0,0,Đạt,2026-06-14
3553,1,3,13,3,63,2,2,0,63,5634108211.124535,148402431.81069133,194011557.90121457,-45609126.09052324,5588499085.034012,0.0317460317460317,0.9682539682539684,0,0,0,Đạt,2026-06-14
3554,2,3,13,3,63,4,3,1,64,5588499085.034012,346027090.4472409,314523129.78907514,31503960.658165757,5620003045.692178,0.0476190476190476,0.9523809523809524,0,0,0,Đạt,2026-06-14
3555,3,3,13,3,64,3,1,2,66,5620003045.692178,268609298.0948432,72081057.80693379,196528240.28790945,5816531285.980087,0.015625,0.984375,0,0,0,Đạt,2026-06-14
3556,4,3,13,3,66,7,3,4,70,5816531285.980087,505759621.63753,283684924.8375165,222074696.80001357,6038605982.780101,0.0454545454545454,0.9545454545454546,0,0,0,Đạt,2026-06-14
3557,5,3,13,3,70,6,3,3,73,6038605982.780101,514132471.9646938,268619258.9944969,245513212.9701969,6284119195.750298,0.0428571428571428,0.9571428571428572,0,0,0,Đạt,2026-06-14
3558,6,3,13,3,73,1,3,-2,71,6284119195.750298,81833535.89934406,313163627.34530455,-231330091.4459605,6052789104.3043375,0.0410958904109589,0.9589041095890412,0,0,0,Đạt,2026-06-14
3559,7,3,13,3,71,8,2,6,77,6052789104.3043375,661118820.8346881,191786783.0724303,469332037.76225775,6522121142.066595,0.028169014084507,0.971830985915493,0,0,0,Đạt,2026-06-14
3560,8,3,13,3,77,7,2,5,82,6522121142.066595,519548285.4889986,209764639.28292108,309783646.2060775,6831904788.272673,0.0259740259740259,0.974025974025974,0,0,0,Đạt,2026-06-14
3561,9,3,13,3,82,5,1,4,86,6831904788.272673,388761253.1203879,84807908.89144205,303953344.22894585,7135858132.501618,0.0121951219512195,0.9878048780487804,0,0,0,Đạt,2026-06-14
3562,10,3,13,3,86,2,4,-2,84,7135858132.501618,194176305.44125757,347524525.98473287,-153348220.54347533,6982509911.958143,0.0465116279069767,0.9534883720930232,0,0,0,Đạt,2026-06-14
3563,11,3,13,3,84,1,5,-4,80,6982509911.958143,73917526.19766214,404167748.87138575,-330250222.6737236,6652259689.28442,0.0595238095238095,0.9404761904761904,0,0,0,Đạt,2026-06-14
3564,12,3,13,3,80,1,6,-5,75,6652259689.28442,90470586.3339805,501025488.8306077,-410554902.4966272,6241704786.787793,0.075,0.925,0,0,0,Đạt,2026-06-14
3565,1,3,13,4,64,8,0,8,72,5252270586.439854,783874479.600578,0.0,783874479.600578,6036145066.040432,0.0,1.0,0,0,0,Đạt,2026-06-14
3566,2,3,13,4,72,8,3,5,77,6036145066.040432,576011649.8510371,232908225.782688,343103424.0683491,6379248490.108781,0.0416666666666666,0.9583333333333334,0,0,0,Đạt,2026-06-14
3567,3,3,13,4,77,4,2,2,79,6379248490.108781,309384268.171755,152934762.95734167,156449505.21441334,6535697995.3231945,0.0259740259740259,0.974025974025974,0,0,0,Đạt,2026-06-14
3568,4,3,13,4,79,7,7,0,79,6535697995.3231945,576147165.2813952,668475704.6149509,-92328539.3335557,6443369455.989639,0.0886075949367088,0.9113924050632912,0,0,0,Đạt,2026-06-14
3569,5,3,13,4,79,3,6,-3,76,6443369455.989639,239671486.54472825,439237762.42748034,-199566275.8827521,6243803180.106887,0.0759493670886076,0.9240506329113924,0,0,0,Đạt,2026-06-14
3570,6,3,13,4,76,2,1,1,77,6243803180.106887,134113579.3809169,80347082.57542339,53766496.805493504,6297569676.91238,0.0131578947368421,0.986842105263158,0,0,0,Đạt,2026-06-14
3571,7,3,13,4,77,5,5,0,77,6297569676.91238,457008372.2392191,464744581.3239111,-7736209.084692001,6289833467.827688,0.0649350649350649,0.935064935064935,0,0,0,Đạt,2026-06-14
3572,8,3,13,4,77,2,6,-4,73,6289833467.827688,139844094.37707907,449584406.4740509,-309740312.0969718,5980093155.730717,0.0779220779220779,0.922077922077922,0,0,0,Đạt,2026-06-14
3573,9,3,13,4,73,1,3,-2,71,5980093155.730717,73579220.45187312,258916801.2253712,-185337580.7734981,5794755574.957218,0.0410958904109589,0.9589041095890412,0,0,0,Đạt,2026-06-14
3574,10,3,13,4,71,3,6,-3,68,5794755574.957218,283959485.11043507,486961230.7955,-203001745.6850649,5591753829.272153,0.0845070422535211,0.9154929577464788,0,0,0,Đạt,2026-06-14
3575,11,3,13,4,68,5,1,4,72,5591753829.272153,469770673.18767065,96175703.18639342,373594970.0012772,5965348799.27343,0.0147058823529411,0.9852941176470588,0,0,0,Đạt,2026-06-14
3576,12,3,13,4,72,0,2,-2,70,5965348799.27343,0.0,145332426.61027217,-145332426.61027217,5820016372.663157,0.0277777777777777,0.9722222222222222,0,0,0,Đạt,2026-06-14
3577,1,3,13,5,53,2,1,1,54,2347620539.998119,87984780.88925613,39550945.13633726,48433835.75291888,2396054375.7510376,0.0188679245283018,0.981132075471698,0,0,0,Đạt,2026-06-14
3578,2,3,13,5,54,3,2,1,55,2396054375.7510376,112793171.09861828,87608082.99764597,25185088.10097229,2421239463.85201,0.037037037037037,0.962962962962963,0,0,0,Đạt,2026-06-14
3579,3,3,13,5,55,0,2,-2,53,2421239463.85201,0.0,92017902.9097358,-92017902.9097358,2329221560.942274,0.0363636363636363,0.9636363636363636,0,0,0,Đạt,2026-06-14
3580,4,3,13,5,53,1,4,-3,50,2329221560.942274,48563375.58570175,171932482.98779622,-123369107.40209448,2205852453.54018,0.0754716981132075,0.9245283018867924,0,0,0,Đạt,2026-06-14
3581,5,3,13,5,50,3,3,0,50,2205852453.54018,153344358.11828977,113853960.1723971,39490397.94589266,2245342851.4860725,0.06,0.94,0,0,0,Đạt,2026-06-14
3582,6,3,13,5,50,1,3,-2,48,2245342851.4860725,44343808.81395054,155632579.6870437,-111288770.87309316,2134054080.6129797,0.06,0.94,0,0,0,Đạt,2026-06-14
3583,7,3,13,5,48,7,3,4,52,2134054080.6129797,304386203.87415266,137067854.68695366,167318349.187199,2301372429.8001785,0.0625,0.9375,0,0,0,Đạt,2026-06-14
3584,8,3,13,5,52,4,0,4,56,2301372429.8001785,153861858.04800192,0.0,153861858.04800192,2455234287.8481803,0.0,1.0,0,0,0,Đạt,2026-06-14
3585,9,3,13,5,56,1,5,-4,52,2455234287.8481803,38126984.45760188,235716490.8705389,-197589506.41293705,2257644781.435243,0.0892857142857142,0.9107142857142856,0,0,0,Đạt,2026-06-14
3586,10,3,13,5,52,4,2,2,54,2257644781.435243,152829934.17618418,79630104.42018022,73199829.75600396,2330844611.191247,0.0384615384615384,0.9615384615384616,0,0,0,Đạt,2026-06-14
3587,11,3,13,5,54,3,4,-1,53,2330844611.191247,117122716.75645898,158096188.57774103,-40973471.82128205,2289871139.369965,0.074074074074074,0.925925925925926,0,0,0,Đạt,2026-06-14
3588,12,3,13,5,53,1,1,0,53,2289871139.369965,52359575.29776618,50133466.96091535,2226108.3368508294,2292097247.706816,0.0188679245283018,0.981132075471698,0,0,0,Đạt,2026-06-14
3589,1,3,13,6,51,5,0,5,56,2728901252.9737844,276784279.848718,0.0,276784279.848718,3005685532.8225026,0.0,1.0,0,0,0,Đạt,2026-06-14
3590,2,3,13,6,56,2,3,-1,55,3005685532.8225026,115099619.80740172,143146664.1674709,-28047044.36006917,2977638488.4624333,0.0535714285714285,0.9464285714285714,0,0,0,Đạt,2026-06-14
3591,3,3,13,6,55,3,5,-2,53,2977638488.4624333,149311910.8266456,217506040.58846024,-68194129.76181462,2909444358.7006187,0.0909090909090909,0.9090909090909092,0,0,0,Đạt,2026-06-14
3592,4,3,13,6,53,2,3,-1,52,2909444358.7006187,89113345.1266443,137391712.83501866,-48278367.708374366,2861165990.992244,0.0566037735849056,0.9433962264150944,0,0,0,Đạt,2026-06-14
3593,5,3,13,6,52,2,2,0,52,2861165990.992244,114031421.4288129,125780705.94333136,-11749284.514518457,2849416706.477726,0.0384615384615384,0.9615384615384616,0,0,0,Đạt,2026-06-14
3594,6,3,13,6,52,0,1,-1,51,2849416706.477726,0.0,60960736.74520697,-60960736.74520697,2788455969.732519,0.0192307692307692,0.9807692307692308,0,0,0,Đạt,2026-06-14
3595,7,3,13,6,51,6,1,5,56,2788455969.732519,261522501.61352485,49751546.442058414,211770955.17146644,3000226924.903985,0.0196078431372549,0.9803921568627452,0,0,0,Đạt,2026-06-14
3596,8,3,13,6,56,5,4,1,57,3000226924.903985,268034271.40865943,174480639.45384273,93553631.9548167,3093780556.8588023,0.0714285714285714,0.9285714285714286,0,0,0,Đạt,2026-06-14
3597,9,3,13,6,57,2,3,-1,56,3093780556.8588023,116774250.7276004,192039912.7146503,-75265661.98704989,3018514894.8717523,0.0526315789473684,0.9473684210526316,0,0,0,Đạt,2026-06-14
3598,10,3,13,6,56,7,4,3,59,3018514894.8717523,346406705.2302504,212478964.2166275,133927741.01362292,3152442635.885375,0.0714285714285714,0.9285714285714286,5,0,2,Cần kiểm tra,2026-06-14
3599,11,3,13,6,59,3,2,1,60,3152442635.885375,178103850.21455398,119347803.40223832,58756046.81231567,3211198682.6976905,0.0338983050847457,0.9661016949152542,0,0,0,Đạt,2026-06-14
3600,12,3,13,6,60,1,5,-4,56,3211198682.6976905,46791325.08809935,316937252.7318949,-270145927.64379555,2941052755.053895,0.0833333333333333,0.9166666666666666,0,0,0,Đạt,2026-06-14
3601,1,3,13,7,73,9,2,7,80,6919660677.847313,886057998.9525993,180621750.41193625,705436248.540663,7625096926.387976,0.0273972602739726,0.9726027397260274,0,0,0,Đạt,2026-06-14
3602,2,3,13,7,80,8,2,6,86,7625096926.387976,820086519.2663777,177053395.9868591,643033123.2795186,8268130049.667494,0.025,0.975,0,0,0,Đạt,2026-06-14
3603,3,3,13,7,86,2,5,-3,83,8268130049.667494,176071751.59743673,395856929.2615504,-219785177.66411364,8048344872.00338,0.0581395348837209,0.9418604651162792,0,0,0,Đạt,2026-06-14
3604,4,3,13,7,83,4,6,-2,81,8048344872.00338,327682283.7013667,476494240.7442006,-148811957.04283386,7899532914.960546,0.072289156626506,0.927710843373494,0,0,0,Đạt,2026-06-14
3605,5,3,13,7,81,8,1,7,88,7899532914.960546,768361473.7454364,113081761.65646096,655279712.0889754,8554812627.04952,0.0123456790123456,0.9876543209876544,0,0,0,Đạt,2026-06-14
3606,6,3,13,7,88,6,7,-1,87,8554812627.04952,668956674.6656784,725695042.6459382,-56738367.980259776,8498074259.069261,0.0795454545454545,0.9204545454545454,0,0,0,Đạt,2026-06-14
3607,7,3,13,7,87,10,3,7,94,8498074259.069261,1067376352.6631092,340437912.0441916,726938440.6189177,9225012699.68818,0.0344827586206896,0.9655172413793104,0,0,0,Đạt,2026-06-14
3608,8,3,13,7,94,1,2,-1,93,9225012699.68818,87710157.9771228,195371109.38889065,-107660951.41176786,9117351748.276411,0.0212765957446808,0.9787234042553192,0,0,0,Đạt,2026-06-14
3609,9,3,13,7,93,10,1,9,102,9117351748.276411,1086797223.98273,94524649.45859356,992272574.5241364,10109624322.800549,0.010752688172043,0.989247311827957,0,0,0,Đạt,2026-06-14
3610,10,3,13,7,102,11,1,10,112,10109624322.800549,1080783114.4743764,91332620.45941298,989450494.0149636,11099074816.81551,0.0098039215686274,0.9901960784313726,0,0,0,Đạt,2026-06-14
3611,11,3,13,7,112,9,4,5,117,11099074816.81551,772751692.2646134,379752494.5686893,392999197.6959241,11492074014.511436,0.0357142857142857,0.9642857142857144,0,0,0,Đạt,2026-06-14
3612,12,3,13,7,117,13,4,9,126,11492074014.511436,1219489762.9774845,389674656.125355,829815106.8521295,12321889121.363564,0.0341880341880341,0.9658119658119658,0,0,0,Đạt,2026-06-14
3613,1,3,14,1,9,0,0,0,9,761667358.1552922,0.0,0.0,0.0,761667358.1552922,0.0,1.0,0,0,0,Đạt,2026-06-14
3614,2,3,14,1,9,0,0,0,9,761667358.1552922,0.0,0.0,0.0,761667358.1552922,0.0,1.0,0,0,0,Đạt,2026-06-14
3615,3,3,14,1,9,0,0,0,9,761667358.1552922,0.0,0.0,0.0,761667358.1552922,0.0,1.0,0,0,0,Đạt,2026-06-14
3616,4,3,14,1,9,0,0,0,9,761667358.1552922,0.0,0.0,0.0,761667358.1552922,0.0,1.0,0,0,0,Đạt,2026-06-14
3617,5,3,14,1,9,0,0,0,9,761667358.1552922,0.0,0.0,0.0,761667358.1552922,0.0,1.0,0,0,0,Đạt,2026-06-14
3618,6,3,14,1,9,1,0,1,10,761667358.1552922,67955328.22794943,0.0,67955328.22794943,829622686.3832415,0.0,1.0,0,0,0,Đạt,2026-06-14
3619,7,3,14,1,10,0,0,0,10,829622686.3832415,0.0,0.0,0.0,829622686.3832415,0.0,1.0,0,0,0,Đạt,2026-06-14
3620,8,3,14,1,10,0,0,0,10,829622686.3832415,0.0,0.0,0.0,829622686.3832415,0.0,1.0,0,0,0,Đạt,2026-06-14
3621,9,3,14,1,10,0,0,0,10,829622686.3832415,0.0,0.0,0.0,829622686.3832415,0.0,1.0,1,0,0,Cần kiểm tra,2026-06-14
3622,10,3,14,1,10,0,0,0,10,829622686.3832415,0.0,0.0,0.0,829622686.3832415,0.0,1.0,0,0,0,Đạt,2026-06-14
3623,11,3,14,1,10,0,0,0,10,829622686.3832415,0.0,0.0,0.0,829622686.3832415,0.0,1.0,0,0,0,Đạt,2026-06-14
3624,12,3,14,1,10,0,0,0,10,829622686.3832415,0.0,0.0,0.0,829622686.3832415,0.0,1.0,0,0,0,Đạt,2026-06-14
3625,1,3,14,2,19,2,1,1,20,1101315086.8356926,97621655.21952908,68439999.01146795,29181656.20806113,1130496743.043754,0.0526315789473684,0.9473684210526316,0,0,0,Đạt,2026-06-14
3626,2,3,14,2,20,1,1,0,20,1130496743.043754,68592337.8857903,57200001.87996031,11392336.00582999,1141889079.049584,0.05,0.95,0,0,0,Đạt,2026-06-14
3627,3,3,14,2,20,1,1,0,20,1141889079.049584,55497805.546647005,66595493.2287842,-11097687.6821372,1130791391.367447,0.05,0.95,0,0,0,Đạt,2026-06-14
3628,4,3,14,2,20,0,0,0,20,1130791391.367447,0.0,0.0,0.0,1130791391.367447,0.0,1.0,0,0,0,Đạt,2026-06-14
3629,5,3,14,2,20,1,0,1,21,1130791391.367447,61644738.86373297,0.0,61644738.86373297,1192436130.2311797,0.0,1.0,0,0,0,Đạt,2026-06-14
3630,6,3,14,2,21,3,1,2,23,1192436130.2311797,151232678.6185517,68475531.23887236,82757147.37967934,1275193277.6108592,0.0476190476190476,0.9523809523809524,0,0,0,Đạt,2026-06-14
3631,7,3,14,2,23,1,2,-1,22,1275193277.6108592,52994365.907712296,131522939.59258571,-78528573.68487342,1196664703.9259858,0.0869565217391304,0.9130434782608696,0,0,0,Đạt,2026-06-14
3632,8,3,14,2,22,1,0,1,23,1196664703.9259858,59388847.3763632,0.0,59388847.3763632,1256053551.302349,0.0,1.0,0,0,0,Đạt,2026-06-14
3633,9,3,14,2,23,2,0,2,25,1256053551.302349,103043001.17407943,0.0,103043001.17407943,1359096552.4764285,0.0,1.0,0,0,0,Đạt,2026-06-14
3634,10,3,14,2,25,0,0,0,25,1359096552.4764285,0.0,0.0,0.0,1359096552.4764285,0.0,1.0,0,0,0,Đạt,2026-06-14
3635,11,3,14,2,25,0,2,-2,23,1359096552.4764285,0.0,94042863.38654809,-94042863.38654809,1265053689.0898805,0.08,0.92,0,0,0,Đạt,2026-06-14
3636,12,3,14,2,23,1,0,1,24,1265053689.0898805,49028458.88490071,0.0,49028458.88490071,1314082147.9747813,0.0,1.0,5,0,0,Cần kiểm tra,2026-06-14
3637,1,3,14,3,17,1,1,0,17,1320588557.225973,83888558.4369594,83381968.58422026,506589.8527391404,1321095147.0787115,0.0588235294117647,0.9411764705882352,0,0,0,Đạt,2026-06-14
3638,2,3,14,3,17,0,0,0,17,1321095147.0787115,0.0,0.0,0.0,1321095147.0787115,0.0,1.0,0,0,0,Đạt,2026-06-14
3639,3,3,14,3,17,1,1,0,17,1321095147.0787115,78713860.30811974,84655672.87772506,-5941812.569605321,1315153334.5091064,0.0588235294117647,0.9411764705882352,0,0,0,Đạt,2026-06-14
3640,4,3,14,3,17,1,1,0,17,1315153334.5091064,64492059.80504064,91280089.16838752,-26788029.363346875,1288365305.1457596,0.0588235294117647,0.9411764705882352,0,0,0,Đạt,2026-06-14
3641,5,3,14,3,17,1,0,1,18,1288365305.1457596,89943424.69080429,0.0,89943424.69080429,1378308729.8365638,0.0,1.0,0,0,0,Đạt,2026-06-14
3642,6,3,14,3,18,1,1,0,18,1378308729.8365638,69105241.31146805,78826969.83051161,-9721728.519043565,1368587001.31752,0.0555555555555555,0.9444444444444444,0,0,0,Đạt,2026-06-14
3643,7,3,14,3,18,1,1,0,18,1368587001.31752,80084077.70425598,87051599.02960102,-6967521.325345039,1361619479.992175,0.0555555555555555,0.9444444444444444,0,0,0,Đạt,2026-06-14
3644,8,3,14,3,18,0,1,-1,17,1361619479.992175,0.0,69961280.41008447,-69961280.41008447,1291658199.5820906,0.0555555555555555,0.9444444444444444,0,0,0,Đạt,2026-06-14
3645,9,3,14,3,17,2,0,2,19,1291658199.5820906,159680420.02701718,0.0,159680420.02701718,1451338619.6091075,0.0,1.0,0,0,0,Đạt,2026-06-14
3646,10,3,14,3,19,2,1,1,20,1451338619.6091075,158450081.6641077,65264885.24272738,93185196.42138034,1544523816.030488,0.0526315789473684,0.9473684210526316,0,0,0,Đạt,2026-06-14
3647,11,3,14,3,20,1,1,0,20,1544523816.030488,91293598.79782924,67097474.41232477,24196124.38550447,1568719940.4159925,0.05,0.95,0,0,0,Đạt,2026-06-14
3648,12,3,14,3,20,0,1,-1,19,1568719940.4159925,0.0,92174009.10439052,-92174009.10439052,1476545931.311602,0.05,0.95,0,0,0,Đạt,2026-06-14
3649,1,3,14,4,14,0,0,0,14,212830844.01662388,0.0,0.0,0.0,212830844.01662388,0.0,1.0,0,0,0,Đạt,2026-06-14
3650,2,3,14,4,14,1,1,0,14,212830844.01662388,17796302.538588975,13524617.327376906,4271685.211212069,217102529.22783595,0.0714285714285714,0.9285714285714286,0,0,0,Đạt,2026-06-14
3651,3,3,14,4,14,1,1,0,14,217102529.22783595,14797196.467142126,15863384.961237932,-1066188.494095806,216036340.73374012,0.0714285714285714,0.9285714285714286,0,0,0,Đạt,2026-06-14
3652,4,3,14,4,14,1,0,1,15,216036340.73374012,12954812.695741326,0.0,12954812.695741326,228991153.42948148,0.0,1.0,0,0,0,Đạt,2026-06-14
3653,5,3,14,4,15,0,0,0,15,228991153.42948148,0.0,0.0,0.0,228991153.42948148,0.0,1.0,0,0,0,Đạt,2026-06-14
3654,6,3,14,4,15,0,0,0,15,228991153.42948148,0.0,0.0,0.0,228991153.42948148,0.0,1.0,0,0,0,Đạt,2026-06-14
3655,7,3,14,4,15,0,0,0,15,228991153.42948148,0.0,0.0,0.0,228991153.42948148,0.0,1.0,0,0,0,Đạt,2026-06-14
3656,8,3,14,4,15,2,1,1,16,228991153.42948148,35645761.46250008,17309422.13699021,18336339.325509872,247327492.75499132,0.0666666666666666,0.9333333333333332,0,0,0,Đạt,2026-06-14
3657,9,3,14,4,16,0,0,0,16,247327492.75499132,0.0,0.0,0.0,247327492.75499132,0.0,1.0,0,0,0,Đạt,2026-06-14
3658,10,3,14,4,16,1,1,0,16,247327492.75499132,15664692.131052963,13914658.210227352,1750033.92082561,249077526.67581692,0.0625,0.9375,0,0,0,Đạt,2026-06-14
3659,11,3,14,4,16,2,0,2,18,249077526.67581692,27443289.842676014,0.0,27443289.842676014,276520816.51849294,0.0,1.0,0,0,0,Đạt,2026-06-14
3660,12,3,14,4,18,2,1,1,19,276520816.51849294,30992606.583196823,14084711.626078866,16907894.95711796,293428711.4756109,0.0555555555555555,0.9444444444444444,0,0,0,Đạt,2026-06-14
3661,1,3,14,5,15,1,1,0,15,542435008.2304229,34725976.80472863,38494295.72728938,-3768318.922560752,538666689.307862,0.0666666666666666,0.9333333333333332,0,0,0,Đạt,2026-06-14
3662,2,3,14,5,15,0,0,0,15,538666689.307862,0.0,0.0,0.0,538666689.307862,0.0,1.0,0,0,0,Đạt,2026-06-14
3663,3,3,14,5,15,1,0,1,16,538666689.307862,40025671.11526892,0.0,40025671.11526892,578692360.423131,0.0,1.0,0,0,0,Đạt,2026-06-14
3664,4,3,14,5,16,0,0,0,16,578692360.423131,0.0,0.0,0.0,578692360.423131,0.0,1.0,0,0,0,Đạt,2026-06-14
3665,5,3,14,5,16,1,0,1,17,578692360.423131,41931140.85646824,0.0,41931140.85646824,620623501.2795992,0.0,1.0,0,0,0,Đạt,2026-06-14
3666,6,3,14,5,17,2,0,2,19,620623501.2795992,74755522.90068354,0.0,74755522.90068354,695379024.1802827,0.0,1.0,0,0,0,Đạt,2026-06-14
3667,7,3,14,5,19,1,0,1,20,695379024.1802827,32292249.14722454,0.0,32292249.14722454,727671273.3275073,0.0,1.0,0,0,0,Đạt,2026-06-14
3668,8,3,14,5,20,1,1,0,20,727671273.3275073,30663789.823004227,41701982.03377784,-11038192.210773611,716633081.1167337,0.05,0.95,0,0,0,Đạt,2026-06-14
3669,9,3,14,5,20,2,0,2,22,716633081.1167337,79536416.48597188,0.0,79536416.48597188,796169497.6027056,0.0,1.0,0,0,0,Đạt,2026-06-14
3670,10,3,14,5,22,1,1,0,22,796169497.6027056,39456794.89743573,37487729.16183738,1969065.7355983555,798138563.3383039,0.0454545454545454,0.9545454545454546,0,0,0,Đạt,2026-06-14
3671,11,3,14,5,22,1,1,0,22,798138563.3383039,30277899.372204736,37660456.619941294,-7382557.247736558,790756006.0905674,0.0454545454545454,0.9545454545454546,0,0,0,Đạt,2026-06-14
3672,12,3,14,5,22,2,1,1,23,790756006.0905674,63688819.39884708,41048409.47893549,22640409.919911597,813396416.010479,0.0454545454545454,0.9545454545454546,0,0,0,Đạt,2026-06-14
3673,1,3,14,6,13,1,0,1,14,619832194.8907375,50492651.098757885,0.0,50492651.098757885,670324845.9894954,0.0,1.0,0,0,0,Đạt,2026-06-14
3674,2,3,14,6,14,0,0,0,14,670324845.9894954,0.0,0.0,0.0,670324845.9894954,0.0,1.0,0,0,0,Đạt,2026-06-14
3675,3,3,14,6,14,1,0,1,15,670324845.9894954,39727266.08613051,0.0,39727266.08613051,710052112.0756259,0.0,1.0,0,0,0,Đạt,2026-06-14
3676,4,3,14,6,15,1,0,1,16,710052112.0756259,46877917.8219971,0.0,46877917.8219971,756930029.897623,0.0,1.0,0,0,0,Đạt,2026-06-14
3677,5,3,14,6,16,0,1,-1,15,756930029.897623,0.0,55011403.42265947,-55011403.42265947,701918626.4749634,0.0625,0.9375,0,0,0,Đạt,2026-06-14
3678,6,3,14,6,15,0,1,-1,14,701918626.4749634,0.0,55378453.970187016,-55378453.970187016,646540172.5047764,0.0666666666666666,0.9333333333333332,0,0,0,Đạt,2026-06-14
3679,7,3,14,6,14,1,0,1,15,646540172.5047764,38192006.98854856,0.0,38192006.98854856,684732179.4933249,0.0,1.0,0,0,0,Đạt,2026-06-14
3680,8,3,14,6,15,0,0,0,15,684732179.4933249,0.0,0.0,0.0,684732179.4933249,0.0,1.0,0,0,0,Đạt,2026-06-14
3681,9,3,14,6,15,1,1,0,15,684732179.4933249,46030691.473092034,51841458.50234898,-5810767.029256947,678921412.4640679,0.0666666666666666,0.9333333333333332,0,0,0,Đạt,2026-06-14
3682,10,3,14,6,15,2,0,2,17,678921412.4640679,110825855.13449138,0.0,110825855.13449138,789747267.5985594,0.0,1.0,0,0,0,Đạt,2026-06-14
3683,11,3,14,6,17,1,1,0,17,789747267.5985594,45584644.94139594,45626350.93922068,-41705.99782474339,789705561.6007346,0.0588235294117647,0.9411764705882352,0,0,0,Đạt,2026-06-14
3684,12,3,14,6,17,1,1,0,17,789705561.6007346,43310262.48583948,42123920.29775576,1186342.1880837155,790891903.7888184,0.0588235294117647,0.9411764705882352,0,0,0,Đạt,2026-06-14
3685,1,3,14,7,10,0,0,0,10,715397731.8908231,0.0,0.0,0.0,715397731.8908231,0.0,1.0,0,0,0,Đạt,2026-06-14
3686,2,3,14,7,10,1,0,1,11,715397731.8908231,68796884.12346546,0.0,68796884.12346546,784194616.0142885,0.0,1.0,0,0,0,Đạt,2026-06-14
3687,3,3,14,7,11,1,1,0,11,784194616.0142885,81566731.0389948,69227249.52664824,12339481.512346566,796534097.5266352,0.0909090909090909,0.9090909090909092,0,0,0,Đạt,2026-06-14
3688,4,3,14,7,11,1,0,1,12,796534097.5266352,64138316.24342147,0.0,64138316.24342147,860672413.7700566,0.0,1.0,0,0,0,Đạt,2026-06-14
3689,5,3,14,7,12,0,0,0,12,860672413.7700566,0.0,0.0,0.0,860672413.7700566,0.0,1.0,0,0,0,Đạt,2026-06-14
3690,6,3,14,7,12,0,0,0,12,860672413.7700566,0.0,0.0,0.0,860672413.7700566,0.0,1.0,0,0,0,Đạt,2026-06-14
3691,7,3,14,7,12,0,0,0,12,860672413.7700566,0.0,0.0,0.0,860672413.7700566,0.0,1.0,0,0,0,Đạt,2026-06-14
3692,8,3,14,7,12,0,0,0,12,860672413.7700566,0.0,0.0,0.0,860672413.7700566,0.0,1.0,0,0,0,Đạt,2026-06-14
3693,9,3,14,7,12,0,0,0,12,860672413.7700566,0.0,0.0,0.0,860672413.7700566,0.0,1.0,0,0,0,Đạt,2026-06-14
3694,10,3,14,7,12,0,0,0,12,860672413.7700566,0.0,0.0,0.0,860672413.7700566,0.0,1.0,0,0,0,Đạt,2026-06-14
3695,11,3,14,7,12,1,1,0,12,860672413.7700566,83394650.05196434,85676332.16588363,-2281682.113919288,858390731.6561373,0.0833333333333333,0.9166666666666666,0,0,0,Đạt,2026-06-14
3696,12,3,14,7,12,0,0,0,12,858390731.6561373,0.0,0.0,0.0,858390731.6561373,0.0,1.0,0,0,0,Đạt,2026-06-14
3697,1,3,15,1,9,0,0,0,9,551948621.7322377,0.0,0.0,0.0,551948621.7322377,0.0,1.0,0,0,0,Đạt,2026-06-14
3698,2,3,15,1,9,0,0,0,9,551948621.7322377,0.0,0.0,0.0,551948621.7322377,0.0,1.0,0,0,0,Đạt,2026-06-14
3699,3,3,15,1,9,0,0,0,9,551948621.7322377,0.0,0.0,0.0,551948621.7322377,0.0,1.0,0,0,0,Đạt,2026-06-14
3700,4,3,15,1,9,0,0,0,9,551948621.7322377,0.0,0.0,0.0,551948621.7322377,0.0,1.0,0,0,0,Đạt,2026-06-14
3701,5,3,15,1,9,0,0,0,9,551948621.7322377,0.0,0.0,0.0,551948621.7322377,0.0,1.0,0,0,0,Đạt,2026-06-14
3702,6,3,15,1,9,1,0,1,10,551948621.7322377,54800876.89274192,0.0,54800876.89274192,606749498.6249796,0.0,1.0,0,0,0,Đạt,2026-06-14
3703,7,3,15,1,10,0,0,0,10,606749498.6249796,0.0,0.0,0.0,606749498.6249796,0.0,1.0,0,0,0,Đạt,2026-06-14
3704,8,3,15,1,10,1,0,1,11,606749498.6249796,57933981.15709967,0.0,57933981.15709967,664683479.7820793,0.0,1.0,0,0,0,Đạt,2026-06-14
3705,9,3,15,1,11,0,0,0,11,664683479.7820793,0.0,0.0,0.0,664683479.7820793,0.0,1.0,0,0,0,Đạt,2026-06-14
3706,10,3,15,1,11,0,1,-1,10,664683479.7820793,0.0,63438841.580455616,-63438841.580455616,601244638.2016237,0.0909090909090909,0.9090909090909092,0,0,0,Đạt,2026-06-14
3707,11,3,15,1,10,0,0,0,10,601244638.2016237,0.0,0.0,0.0,601244638.2016237,0.0,1.0,0,0,0,Đạt,2026-06-14
3708,12,3,15,1,10,1,0,1,11,601244638.2016237,55986641.68034999,0.0,55986641.68034999,657231279.8819736,0.0,1.0,0,0,0,Đạt,2026-06-14
3709,1,3,15,2,7,0,0,0,7,98523193.29262024,0.0,0.0,0.0,98523193.29262024,0.0,1.0,0,0,0,Đạt,2026-06-14
3710,2,3,15,2,7,0,0,0,7,98523193.29262024,0.0,0.0,0.0,98523193.29262024,0.0,1.0,0,0,0,Đạt,2026-06-14
3711,3,3,15,2,7,0,0,0,7,98523193.29262024,0.0,0.0,0.0,98523193.29262024,0.0,1.0,6,0,0,Cần kiểm tra,2026-06-14
3712,4,3,15,2,7,0,0,0,7,98523193.29262024,0.0,0.0,0.0,98523193.29262024,0.0,1.0,0,0,0,Đạt,2026-06-14
3713,5,3,15,2,7,0,0,0,7,98523193.29262024,0.0,0.0,0.0,98523193.29262024,0.0,1.0,0,0,0,Đạt,2026-06-14
3714,6,3,15,2,7,0,0,0,7,98523193.29262024,0.0,0.0,0.0,98523193.29262024,0.0,1.0,0,0,0,Đạt,2026-06-14
3715,7,3,15,2,7,0,0,0,7,98523193.29262024,0.0,0.0,0.0,98523193.29262024,0.0,1.0,0,0,0,Đạt,2026-06-14
3716,8,3,15,2,7,0,0,0,7,98523193.29262024,0.0,0.0,0.0,98523193.29262024,0.0,1.0,0,0,0,Đạt,2026-06-14
3717,9,3,15,2,7,0,0,0,7,98523193.29262024,0.0,0.0,0.0,98523193.29262024,0.0,1.0,0,0,0,Đạt,2026-06-14
3718,10,3,15,2,7,0,0,0,7,98523193.29262024,0.0,0.0,0.0,98523193.29262024,0.0,1.0,0,0,0,Đạt,2026-06-14
3719,11,3,15,2,7,0,0,0,7,98523193.29262024,0.0,0.0,0.0,98523193.29262024,0.0,1.0,0,0,0,Đạt,2026-06-14
3720,12,3,15,2,7,0,0,0,7,98523193.29262024,0.0,0.0,0.0,98523193.29262024,0.0,1.0,0,0,0,Đạt,2026-06-14
3721,1,3,15,3,8,0,0,0,8,135875764.20579666,0.0,0.0,0.0,135875764.20579666,0.0,1.0,0,0,0,Đạt,2026-06-14
3722,2,3,15,3,8,1,0,1,9,135875764.20579666,17372792.981883567,0.0,17372792.981883567,153248557.1876802,0.0,1.0,0,0,0,Đạt,2026-06-14
3723,3,3,15,3,9,0,0,0,9,153248557.1876802,0.0,0.0,0.0,153248557.1876802,0.0,1.0,0,0,0,Đạt,2026-06-14
3724,4,3,15,3,9,0,0,0,9,153248557.1876802,0.0,0.0,0.0,153248557.1876802,0.0,1.0,0,0,0,Đạt,2026-06-14
3725,5,3,15,3,9,0,0,0,9,153248557.1876802,0.0,0.0,0.0,153248557.1876802,0.0,1.0,0,0,0,Đạt,2026-06-14
3726,6,3,15,3,9,1,0,1,10,153248557.1876802,15664201.500690715,0.0,15664201.500690715,168912758.68837094,0.0,1.0,0,0,0,Đạt,2026-06-14
3727,7,3,15,3,10,1,0,1,11,168912758.68837094,17454013.776523504,0.0,17454013.776523504,186366772.46489444,0.0,1.0,0,0,0,Đạt,2026-06-14
3728,8,3,15,3,11,1,0,1,12,186366772.46489444,18187185.46693329,0.0,18187185.46693329,204553957.9318277,0.0,1.0,0,0,0,Đạt,2026-06-14
3729,9,3,15,3,12,0,0,0,12,204553957.9318277,0.0,0.0,0.0,204553957.9318277,0.0,1.0,0,0,0,Đạt,2026-06-14
3730,10,3,15,3,12,0,1,-1,11,204553957.9318277,0.0,13649852.23022952,-13649852.23022952,190904105.7015982,0.0833333333333333,0.9166666666666666,0,0,0,Đạt,2026-06-14
3731,11,3,15,3,11,1,0,1,12,190904105.7015982,16520869.841143712,0.0,16520869.841143712,207424975.5427419,0.0,1.0,0,0,0,Đạt,2026-06-14
3732,12,3,15,3,12,1,0,1,13,207424975.5427419,17070066.67002992,0.0,17070066.67002992,224495042.2127718,0.0,1.0,0,0,0,Đạt,2026-06-14
3733,1,3,15,4,8,1,0,1,9,344009531.776443,38824691.76981859,0.0,38824691.76981859,382834223.5462616,0.0,1.0,0,0,0,Đạt,2026-06-14
3734,2,3,15,4,9,1,0,1,10,382834223.5462616,45096876.87376054,0.0,45096876.87376054,427931100.4200221,0.0,1.0,0,0,0,Đạt,2026-06-14
3735,3,3,15,4,10,1,0,1,11,427931100.4200221,42675739.12446084,0.0,42675739.12446084,470606839.54448295,0.0,1.0,0,0,0,Đạt,2026-06-14
3736,4,3,15,4,11,0,0,0,11,470606839.54448295,0.0,0.0,0.0,470606839.54448295,0.0,1.0,10,9,3,Cần kiểm tra,2026-06-14
3737,5,3,15,4,11,1,0,1,12,470606839.54448295,39387207.44096885,0.0,39387207.44096885,509994046.9854518,0.0,1.0,0,0,0,Đạt,2026-06-14
3738,6,3,15,4,12,0,0,0,12,509994046.9854518,0.0,0.0,0.0,509994046.9854518,0.0,1.0,0,0,0,Đạt,2026-06-14
3739,7,3,15,4,12,1,0,1,13,509994046.9854518,36461770.56528935,0.0,36461770.56528935,546455817.5507412,0.0,1.0,0,0,0,Đạt,2026-06-14
3740,8,3,15,4,13,1,1,0,13,546455817.5507412,42292939.7199492,37113691.03731556,5179248.682633646,551635066.2333748,0.0769230769230769,0.9230769230769232,0,0,0,Đạt,2026-06-14
3741,9,3,15,4,13,1,0,1,14,551635066.2333748,38354012.59699741,0.0,38354012.59699741,589989078.8303722,0.0,1.0,0,0,0,Đạt,2026-06-14
3742,10,3,15,4,14,1,1,0,14,589989078.8303722,50766441.989809856,40575681.864532,10190760.125277856,600179838.9556501,0.0714285714285714,0.9285714285714286,0,0,0,Đạt,2026-06-14
3743,11,3,15,4,14,1,0,1,15,600179838.9556501,40958139.51444973,0.0,40958139.51444973,641137978.4700998,0.0,1.0,0,0,0,Đạt,2026-06-14
3744,12,3,15,4,15,1,1,0,15,641137978.4700998,49098715.88519347,40908926.199910186,8189789.685283281,649327768.1553831,0.0666666666666666,0.9333333333333332,0,0,0,Đạt,2026-06-14
3745,1,3,15,5,5,0,0,0,5,430901520.219618,0.0,0.0,0.0,430901520.219618,0.0,1.0,0,0,0,Đạt,2026-06-14
3746,2,3,15,5,5,0,0,0,5,430901520.219618,0.0,0.0,0.0,430901520.219618,0.0,1.0,0,0,0,Đạt,2026-06-14
3747,3,3,15,5,5,0,0,0,5,430901520.219618,0.0,0.0,0.0,430901520.219618,0.0,1.0,0,0,0,Đạt,2026-06-14
3748,4,3,15,5,5,0,0,0,5,430901520.219618,0.0,0.0,0.0,430901520.219618,0.0,1.0,0,0,0,Đạt,2026-06-14
3749,5,3,15,5,5,0,0,0,5,430901520.219618,0.0,0.0,0.0,430901520.219618,0.0,1.0,0,0,0,Đạt,2026-06-14
3750,6,3,15,5,5,0,0,0,5,430901520.219618,0.0,0.0,0.0,430901520.219618,0.0,1.0,0,0,0,Đạt,2026-06-14
3751,7,3,15,5,5,0,0,0,5,430901520.219618,0.0,0.0,0.0,430901520.219618,0.0,1.0,0,0,0,Đạt,2026-06-14
3752,8,3,15,5,5,0,0,0,5,430901520.219618,0.0,0.0,0.0,430901520.219618,0.0,1.0,0,0,0,Đạt,2026-06-14
3753,9,3,15,5,5,0,0,0,5,430901520.219618,0.0,0.0,0.0,430901520.219618,0.0,1.0,0,0,0,Đạt,2026-06-14
3754,10,3,15,5,5,0,0,0,5,430901520.219618,0.0,0.0,0.0,430901520.219618,0.0,1.0,0,0,0,Đạt,2026-06-14
3755,11,3,15,5,5,0,0,0,5,430901520.219618,0.0,0.0,0.0,430901520.219618,0.0,1.0,0,0,0,Đạt,2026-06-14
3756,12,3,15,5,5,0,0,0,5,430901520.219618,0.0,0.0,0.0,430901520.219618,0.0,1.0,0,0,0,Đạt,2026-06-14
3757,1,3,15,6,5,0,0,0,5,101511463.22829144,0.0,0.0,0.0,101511463.22829144,0.0,1.0,0,0,0,Đạt,2026-06-14
3758,2,3,15,6,5,0,0,0,5,101511463.22829144,0.0,0.0,0.0,101511463.22829144,0.0,1.0,0,0,0,Đạt,2026-06-14
3759,3,3,15,6,5,0,0,0,5,101511463.22829144,0.0,0.0,0.0,101511463.22829144,0.0,1.0,0,0,0,Đạt,2026-06-14
3760,4,3,15,6,5,0,0,0,5,101511463.22829144,0.0,0.0,0.0,101511463.22829144,0.0,1.0,0,0,0,Đạt,2026-06-14
3761,5,3,15,6,5,0,0,0,5,101511463.22829144,0.0,0.0,0.0,101511463.22829144,0.0,1.0,0,0,0,Đạt,2026-06-14
3762,6,3,15,6,5,0,0,0,5,101511463.22829144,0.0,0.0,0.0,101511463.22829144,0.0,1.0,0,0,0,Đạt,2026-06-14
3763,7,3,15,6,5,0,0,0,5,101511463.22829144,0.0,0.0,0.0,101511463.22829144,0.0,1.0,0,0,0,Đạt,2026-06-14
3764,8,3,15,6,5,0,0,0,5,101511463.22829144,0.0,0.0,0.0,101511463.22829144,0.0,1.0,0,0,0,Đạt,2026-06-14
3765,9,3,15,6,5,0,0,0,5,101511463.22829144,0.0,0.0,0.0,101511463.22829144,0.0,1.0,0,0,0,Đạt,2026-06-14
3766,10,3,15,6,5,0,0,0,5,101511463.22829144,0.0,0.0,0.0,101511463.22829144,0.0,1.0,0,0,0,Đạt,2026-06-14
3767,11,3,15,6,5,0,0,0,5,101511463.22829144,0.0,0.0,0.0,101511463.22829144,0.0,1.0,0,0,0,Đạt,2026-06-14
3768,12,3,15,6,5,0,0,0,5,101511463.22829144,0.0,0.0,0.0,101511463.22829144,0.0,1.0,0,0,0,Đạt,2026-06-14
3769,1,3,15,7,7,0,0,0,7,469087788.9376954,0.0,0.0,0.0,469087788.9376954,0.0,1.0,0,0,0,Đạt,2026-06-14
3770,2,3,15,7,7,0,0,0,7,469087788.9376954,0.0,0.0,0.0,469087788.9376954,0.0,1.0,0,0,0,Đạt,2026-06-14
3771,3,3,15,7,7,0,0,0,7,469087788.9376954,0.0,0.0,0.0,469087788.9376954,0.0,1.0,0,0,0,Đạt,2026-06-14
3772,4,3,15,7,7,0,0,0,7,469087788.9376954,0.0,0.0,0.0,469087788.9376954,0.0,1.0,0,0,0,Đạt,2026-06-14
3773,5,3,15,7,7,0,0,0,7,469087788.9376954,0.0,0.0,0.0,469087788.9376954,0.0,1.0,0,0,0,Đạt,2026-06-14
3774,6,3,15,7,7,0,0,0,7,469087788.9376954,0.0,0.0,0.0,469087788.9376954,0.0,1.0,0,0,0,Đạt,2026-06-14
3775,7,3,15,7,7,0,0,0,7,469087788.9376954,0.0,0.0,0.0,469087788.9376954,0.0,1.0,0,0,0,Đạt,2026-06-14
3776,8,3,15,7,7,0,0,0,7,469087788.9376954,0.0,0.0,0.0,469087788.9376954,0.0,1.0,0,0,0,Đạt,2026-06-14
3777,9,3,15,7,7,0,0,0,7,469087788.9376954,0.0,0.0,0.0,469087788.9376954,0.0,1.0,0,0,0,Đạt,2026-06-14
3778,10,3,15,7,7,0,0,0,7,469087788.9376954,0.0,0.0,0.0,469087788.9376954,0.0,1.0,0,0,0,Đạt,2026-06-14
3779,11,3,15,7,7,0,0,0,7,469087788.9376954,0.0,0.0,0.0,469087788.9376954,0.0,1.0,0,0,0,Đạt,2026-06-14
3780,12,3,15,7,7,0,0,0,7,469087788.9376954,0.0,0.0,0.0,469087788.9376954,0.0,1.0,0,0,0,Đạt,2026-06-14
3781,1,4,1,1,253,6,10,-4,249,1137726409.9337826,27989340.1203866,53683830.95796639,-25694490.83757979,1112031919.0962029,0.0395256916996047,0.9604743083003952,0,0,0,Đạt,2026-06-14
3782,2,4,1,1,249,4,9,-5,244,1112031919.0962029,14769008.913070409,39275489.49959928,-24506480.586528867,1087525438.509674,0.036144578313253,0.963855421686747,0,0,0,Đạt,2026-06-14
3783,3,4,1,1,244,9,9,0,244,1087525438.509674,44932742.20483343,41506749.650889255,3425992.553944178,1090951431.0636182,0.0368852459016393,0.9631147540983608,0,0,0,Đạt,2026-06-14
3784,4,4,1,1,244,18,19,-1,243,1090951431.0636182,89296065.32660794,91147371.81585848,-1851306.4892505256,1089100124.5743678,0.0778688524590164,0.9221311475409836,0,0,0,Đạt,2026-06-14
3785,5,4,1,1,243,11,17,-6,237,1089100124.5743678,48283446.67968608,74135702.29848865,-25852255.61880257,1063247868.9555652,0.0699588477366255,0.9300411522633744,0,0,0,Đạt,2026-06-14
3786,6,4,1,1,237,29,21,8,245,1063247868.9555652,126152558.24068168,101126815.07425363,25025743.166428044,1088273612.1219933,0.0886075949367088,0.9113924050632912,0,0,0,Đạt,2026-06-14
3787,7,4,1,1,245,19,17,2,247,1088273612.1219933,101930295.01790322,82020131.71627642,19910163.3016268,1108183775.4236202,0.0693877551020408,0.9306122448979592,0,0,0,Đạt,2026-06-14
3788,8,4,1,1,247,20,20,0,247,1108183775.4236202,79282122.89230898,82358632.33095208,-3076509.438643098,1105107265.9849772,0.0809716599190283,0.9190283400809716,0,0,0,Đạt,2026-06-14
3789,9,4,1,1,247,32,21,11,258,1105107265.9849772,166474430.3175,97596876.64178813,68877553.67571189,1173984819.660689,0.0850202429149797,0.9149797570850202,0,0,0,Đạt,2026-06-14
3790,10,4,1,1,258,37,11,26,284,1173984819.660689,176328883.81151244,50237034.91126862,126091848.90024382,1300076668.5609329,0.0426356589147286,0.9573643410852714,0,0,0,Đạt,2026-06-14
3791,11,4,1,1,284,30,21,9,293,1300076668.5609329,136829580.47150588,95195544.88817044,41634035.58333544,1341710704.1442685,0.0739436619718309,0.926056338028169,0,0,0,Đạt,2026-06-14
3792,12,4,1,1,293,14,8,6,299,1341710704.1442685,68488857.93215558,28905192.59410317,39583665.33805241,1381294369.4823208,0.0273037542662116,0.9726962457337884,0,0,0,Đạt,2026-06-14
3793,1,4,1,2,404,41,31,10,414,1435664929.8551595,162807919.15901497,110328109.08563057,52479810.0733844,1488144739.928544,0.0767326732673267,0.9232673267326732,0,0,0,Đạt,2026-06-14
3794,2,4,1,2,414,21,25,-4,410,1488144739.928544,72175073.62797485,77615697.32098252,-5440623.693007663,1482704116.2355363,0.0603864734299516,0.9396135265700484,0,0,0,Đạt,2026-06-14
3795,3,4,1,2,410,7,17,-10,400,1482704116.2355363,27830276.92651652,66749862.90258475,-38919585.97606823,1443784530.259468,0.0414634146341463,0.9585365853658536,0,0,0,Đạt,2026-06-14
3796,4,4,1,2,400,53,29,24,424,1443784530.259468,218597108.08925143,102653554.86628452,115943553.2229669,1559728083.482435,0.0725,0.9275,0,0,0,Đạt,2026-06-14
3797,5,4,1,2,424,15,26,-11,413,1559728083.482435,47182351.96897052,109828971.91041514,-62646619.94144463,1497081463.5409904,0.0613207547169811,0.9386792452830188,0,0,0,Đạt,2026-06-14
3798,6,4,1,2,413,19,13,6,419,1497081463.5409904,58967898.75827171,47885551.13265245,11082347.625619257,1508163811.1666095,0.0314769975786924,0.9685230024213076,0,0,0,Đạt,2026-06-14
3799,7,4,1,2,419,32,6,26,445,1508163811.1666095,122527060.93939686,17752828.388844404,104774232.55055246,1612938043.717162,0.0143198090692124,0.9856801909307876,0,0,0,Đạt,2026-06-14
3800,8,4,1,2,445,7,23,-16,429,1612938043.717162,20883760.982222416,68310403.69166112,-47426642.709438704,1565511401.007723,0.0516853932584269,0.9483146067415732,0,0,0,Đạt,2026-06-14
3801,9,4,1,2,429,48,25,23,452,1565511401.007723,174918861.46243167,90718051.95621328,84200809.5062184,1649712210.5139415,0.0582750582750582,0.9417249417249416,0,0,0,Đạt,2026-06-14
3802,10,4,1,2,452,13,14,-1,451,1649712210.5139415,52095402.5178859,59375720.08478265,-7280317.566896751,1642431892.9470448,0.0309734513274336,0.9690265486725664,0,0,0,Đạt,2026-06-14
3803,11,4,1,2,451,50,16,34,485,1642431892.9470448,159962658.3554944,47789636.87663832,112173021.47885609,1754604914.425901,0.0354767184035476,0.9645232815964524,0,0,0,Đạt,2026-06-14
3804,12,4,1,2,485,41,14,27,512,1754604914.425901,135704292.0009124,48636860.93354341,87067431.06736898,1841672345.49327,0.0288659793814433,0.9711340206185568,0,0,0,Đạt,2026-06-14
3805,1,4,1,3,606,32,57,-25,581,2115357833.3513668,107306290.69945268,218519668.58806023,-111213377.88860756,2004144455.4627595,0.094059405940594,0.905940594059406,0,0,0,Đạt,2026-06-14
3806,2,4,1,3,581,35,53,-18,563,2004144455.4627595,145373632.32658187,149760977.5398439,-4387345.213262022,1999757110.2494967,0.0912220309810671,0.9087779690189328,0,0,0,Đạt,2026-06-14
3807,3,4,1,3,563,40,25,15,578,1999757110.2494967,147515293.58025512,90110960.1042032,57404333.47605193,2057161443.7255487,0.0444049733570159,0.955595026642984,0,0,0,Đạt,2026-06-14
3808,4,4,1,3,578,43,54,-11,567,2057161443.7255487,159664382.2468839,195744585.4830904,-36080203.2362065,2021081240.4893427,0.0934256055363321,0.9065743944636678,0,0,0,Đạt,2026-06-14
3809,5,4,1,3,567,45,33,12,579,2021081240.4893427,152940694.11594993,93586552.4095478,59354141.70640214,2080435382.1957448,0.0582010582010582,0.941798941798942,0,0,0,Đạt,2026-06-14
3810,6,4,1,3,579,12,20,-8,571,2080435382.1957448,38703896.05140232,67096418.08124296,-28392522.029840637,2052042860.165904,0.0345423143350604,0.9654576856649396,0,0,0,Đạt,2026-06-14
3811,7,4,1,3,571,75,29,46,617,2052042860.165904,312786367.9823086,103854253.261427,208932114.72088164,2260974974.886785,0.0507880910683012,0.9492119089316988,0,0,0,Đạt,2026-06-14
3812,8,4,1,3,617,55,30,25,642,2260974974.886785,184474464.74552625,124712542.8737386,59761921.87178765,2320736896.758573,0.0486223662884927,0.9513776337115072,0,0,0,Đạt,2026-06-14
3813,9,4,1,3,642,52,37,15,657,2320736896.758573,196864607.8701721,116755839.18052728,80108768.68964484,2400845665.448218,0.057632398753894,0.942367601246106,0,0,0,Đạt,2026-06-14
3814,10,4,1,3,657,51,33,18,675,2400845665.448218,207072166.0869287,120832080.40469491,86240085.68223378,2487085751.130452,0.0502283105022831,0.9497716894977168,0,0,0,Đạt,2026-06-14
3815,11,4,1,3,675,52,33,19,694,2487085751.130452,206497491.2355528,92959967.34690765,113537523.88864513,2600623275.019097,0.0488888888888888,0.9511111111111112,0,0,0,Đạt,2026-06-14
3816,12,4,1,3,694,32,19,13,707,2600623275.019097,118507364.98160252,58290382.8816821,60216982.09992044,2660840257.119017,0.0273775216138328,0.9726224783861672,0,0,0,Đạt,2026-06-14
3817,1,4,1,4,306,39,5,34,340,1426997961.5799444,200160928.41072255,26344696.091752656,173816232.31896994,1600814193.8989143,0.0163398692810457,0.9836601307189542,0,0,0,Đạt,2026-06-14
3818,2,4,1,4,340,38,12,26,366,1600814193.8989143,146015034.16605398,59833989.20882028,86181044.9572337,1686995238.856148,0.0352941176470588,0.9647058823529412,0,0,0,Đạt,2026-06-14
3819,3,4,1,4,366,27,16,11,377,1686995238.856148,108006445.2352417,77636924.17254803,30369521.06269367,1717364759.9188416,0.0437158469945355,0.9562841530054644,0,0,0,Đạt,2026-06-14
3820,4,4,1,4,377,6,24,-18,359,1717364759.9188416,22801992.881418105,101644553.49207307,-78842560.61065498,1638522199.3081863,0.0636604774535809,0.9363395225464192,7,0,0,Cần kiểm tra,2026-06-14
3821,5,4,1,4,359,44,24,20,379,1638522199.3081863,208373563.30076,115761785.7827694,92611777.51799056,1731133976.8261771,0.0668523676880222,0.9331476323119776,0,0,0,Đạt,2026-06-14
3822,6,4,1,4,379,24,12,12,391,1731133976.8261771,96733359.3464456,57984514.1345806,38748845.21186499,1769882822.038042,0.0316622691292876,0.9683377308707124,0,0,0,Đạt,2026-06-14
3823,7,4,1,4,391,27,23,4,395,1769882822.038042,103769054.09018414,128109389.5369262,-24340335.446742076,1745542486.5913,0.0588235294117647,0.9411764705882352,0,0,0,Đạt,2026-06-14
3824,8,4,1,4,395,35,8,27,422,1745542486.5913,149390666.5277117,42940803.08487513,106449863.44283655,1851992350.0341363,0.020253164556962,0.979746835443038,0,0,0,Đạt,2026-06-14
3825,9,4,1,4,422,16,10,6,428,1851992350.0341363,60501452.69124118,39381076.7669939,21120375.92424728,1873112725.958384,0.0236966824644549,0.976303317535545,0,0,0,Đạt,2026-06-14
3826,10,4,1,4,428,41,15,26,454,1873112725.958384,171413677.19539723,60157573.6891387,111256103.50625852,1984368829.4646423,0.0350467289719626,0.9649532710280374,0,0,0,Đạt,2026-06-14
3827,11,4,1,4,454,27,27,0,454,1984368829.4646423,133069409.8769752,101939021.29248913,31130388.58448608,2015499218.0491283,0.0594713656387665,0.9405286343612336,0,0,0,Đạt,2026-06-14
3828,12,4,1,4,454,15,5,10,464,2015499218.0491283,67255540.23325703,20034861.13303949,47220679.100217536,2062719897.1493456,0.0110132158590308,0.9889867841409692,0,0,0,Đạt,2026-06-14
3829,1,4,1,5,353,52,18,34,387,784775507.7113959,103314757.94930238,41418216.8537949,61896541.09550747,846672048.8069034,0.0509915014164305,0.9490084985835694,0,0,0,Đạt,2026-06-14
3830,2,4,1,5,387,45,18,27,414,846672048.8069034,102454798.05643462,40085831.16732546,62368966.88910916,909041015.6960124,0.0465116279069767,0.9534883720930232,0,0,0,Đạt,2026-06-14
3831,3,4,1,5,414,49,16,33,447,909041015.6960124,95099930.68120596,42619709.0881287,52480221.59307727,961521237.2890898,0.038647342995169,0.961352657004831,0,0,0,Đạt,2026-06-14
3832,4,4,1,5,447,49,13,36,483,961521237.2890898,93984615.54764923,34064525.26407765,59920090.2835716,1021441327.5726614,0.029082774049217,0.970917225950783,0,0,0,Đạt,2026-06-14
3833,5,4,1,5,483,63,21,42,525,1021441327.5726614,115231896.48217018,53306828.95882885,61925067.52334133,1083366395.0960028,0.0434782608695652,0.9565217391304348,0,0,0,Đạt,2026-06-14
3834,6,4,1,5,525,27,44,-17,508,1083366395.0960028,48715654.00825211,83176288.37489285,-34460634.36664074,1048905760.729362,0.0838095238095238,0.9161904761904762,0,0,0,Đạt,2026-06-14
3835,7,4,1,5,508,6,22,-16,492,1048905760.729362,11343945.35481332,51533103.87359422,-40189158.5187809,1008716602.2105812,0.0433070866141732,0.9566929133858268,0,0,0,Đạt,2026-06-14
3836,8,4,1,5,492,69,48,21,513,1008716602.2105812,125097422.36738244,119098447.66875346,5998974.698628977,1014715576.9092102,0.0975609756097561,0.902439024390244,0,0,0,Đạt,2026-06-14
3837,9,4,1,5,513,33,31,2,515,1014715576.9092102,59885939.308932655,61465468.80857198,-1579529.4996393248,1013136047.4095708,0.0604288499025341,0.939571150097466,0,0,0,Đạt,2026-06-14
3838,10,4,1,5,515,53,37,16,531,1013136047.4095708,131015924.21424717,67245729.88544007,63770194.3288071,1076906241.738378,0.0718446601941747,0.9281553398058252,0,0,0,Đạt,2026-06-14
3839,11,4,1,5,531,68,35,33,564,1076906241.738378,176970473.5342946,72873292.58028203,104097180.95401256,1181003422.692391,0.0659133709981167,0.9340866290018832,0,0,0,Đạt,2026-06-14
3840,12,4,1,5,564,54,50,4,568,1181003422.692391,123916032.11450616,119837104.74037306,4078927.37413311,1185082350.0665238,0.0886524822695035,0.9113475177304964,0,0,0,Đạt,2026-06-14
3841,1,4,1,6,485,23,31,-8,477,2198621788.282947,89360656.23421304,146115959.08846694,-56755302.8542539,2141866485.428693,0.0639175257731958,0.936082474226804,3,0,0,Cần kiểm tra,2026-06-14
3842,2,4,1,6,477,40,21,19,496,2141866485.428693,205586302.684898,92252693.99558523,113333608.68931276,2255200094.1180058,0.0440251572327044,0.9559748427672956,0,0,0,Đạt,2026-06-14
3843,3,4,1,6,496,11,7,4,500,2255200094.1180058,49878288.491330616,27605174.574944165,22273113.91638645,2277473208.0343924,0.0141129032258064,0.9858870967741936,0,0,0,Đạt,2026-06-14
3844,4,4,1,6,500,15,37,-22,478,2277473208.0343924,76164080.0875475,179184432.5822943,-103020352.4947468,2174452855.5396457,0.074,0.926,0,0,0,Đạt,2026-06-14
3845,5,4,1,6,478,48,42,6,484,2174452855.5396457,244059034.67501163,162682328.65916973,81376706.0158419,2255829561.555488,0.0878661087866108,0.9121338912133892,0,0,0,Đạt,2026-06-14
3846,6,4,1,6,484,33,42,-9,475,2255829561.555488,158052197.38093528,160172025.2016559,-2119827.820720613,2253709733.734767,0.0867768595041322,0.9132231404958676,0,0,0,Đạt,2026-06-14
3847,7,4,1,6,475,54,6,48,523,2253709733.734767,248987780.46634048,29820839.748771325,219166940.7175692,2472876674.4523363,0.0126315789473684,0.9873684210526316,0,0,0,Đạt,2026-06-14
3848,8,4,1,6,523,10,8,2,525,2472876674.4523363,51492440.57817715,32439453.335117783,19052987.243059363,2491929661.6953955,0.0152963671128107,0.9847036328871892,5,4,0,Cần kiểm tra,2026-06-14
3849,9,4,1,6,525,44,14,30,555,2491929661.6953955,174022982.13520908,65767760.33137408,108255221.803835,2600184883.4992304,0.0266666666666666,0.9733333333333334,0,0,0,Đạt,2026-06-14
3850,10,4,1,6,555,71,31,40,595,2600184883.4992304,267877076.08728424,161444650.34153023,106432425.745754,2706617309.2449846,0.0558558558558558,0.9441441441441442,7,0,0,Cần kiểm tra,2026-06-14
3851,11,4,1,6,595,68,36,32,627,2706617309.2449846,352696619.6265601,146568972.38675898,206127647.2398012,2912744956.484786,0.0605042016806722,0.9394957983193276,0,0,0,Đạt,2026-06-14
3852,12,4,1,6,627,74,17,57,684,2912744956.484786,358603733.6749927,78589681.81961372,280014051.855379,3192759008.340165,0.0271132376395534,0.9728867623604466,0,0,0,Đạt,2026-06-14
3853,1,4,1,7,666,58,26,32,698,1442955146.4384544,132549294.3336754,66973982.37797751,65575311.95569789,1508530458.3941522,0.039039039039039,0.960960960960961,0,0,0,Đạt,2026-06-14
3854,2,4,1,7,698,103,65,38,736,1508530458.3941522,199129061.22363648,158081334.47356033,41047726.75007615,1549578185.1442282,0.0931232091690544,0.9068767908309456,0,0,0,Đạt,2026-06-14
3855,3,4,1,7,736,52,29,23,759,1549578185.1442282,99653931.91834556,70009624.48737226,29644307.43097329,1579222492.5752015,0.0394021739130434,0.9605978260869564,0,0,0,Đạt,2026-06-14
3856,4,4,1,7,759,34,41,-7,752,1579222492.5752015,69783879.92449014,102220220.3824478,-32436340.45795765,1546786152.1172438,0.0540184453227931,0.9459815546772068,0,0,0,Đạt,2026-06-14
3857,5,4,1,7,752,91,32,59,811,1546786152.1172438,194707369.76543564,73824209.71392015,120883160.05151547,1667669312.168759,0.0425531914893617,0.9574468085106383,0,0,0,Đạt,2026-06-14
3858,6,4,1,7,811,54,35,19,830,1667669312.168759,122336197.1549595,64466485.55368766,57869711.60127184,1725539023.7700312,0.0431565967940813,0.9568434032059188,0,0,0,Đạt,2026-06-14
3859,7,4,1,7,830,40,73,-33,797,1725539023.7700312,71413317.87899515,141095065.19711727,-69681747.31812212,1655857276.451909,0.0879518072289156,0.9120481927710844,0,0,0,Đạt,2026-06-14
3860,8,4,1,7,797,14,43,-29,768,1655857276.451909,28913466.698148977,91418327.87202872,-62504861.17387974,1593352415.2780294,0.0539523212045169,0.946047678795483,0,0,0,Đạt,2026-06-14
3861,9,4,1,7,768,47,69,-22,746,1593352415.2780294,108638313.79628886,135463866.91498658,-26825553.11869772,1566526862.1593318,0.08984375,0.91015625,0,0,0,Đạt,2026-06-14
3862,10,4,1,7,746,22,50,-28,718,1566526862.1593318,42481245.63901396,114096562.11712016,-71615316.4781062,1494911545.6812255,0.067024128686327,0.9329758713136728,0,0,0,Đạt,2026-06-14
3863,11,4,1,7,718,54,26,28,746,1494911545.6812255,131925078.7851871,57684612.60709749,74240466.17808962,1569152011.8593152,0.0362116991643454,0.9637883008356546,0,0,0,Đạt,2026-06-14
3864,12,4,1,7,746,43,14,29,775,1569152011.8593152,107215315.92765664,34770839.98315935,72444475.9444973,1641596487.8038125,0.0187667560321715,0.9812332439678284,0,0,0,Đạt,2026-06-14
3865,1,4,2,1,661,68,46,22,683,922614300.8014052,98629903.98806088,61522514.29089666,37107389.697164215,959721690.4985694,0.0695915279878971,0.9304084720121027,0,0,0,Đạt,2026-06-14
3866,2,4,2,1,683,19,25,-6,677,959721690.4985694,22781341.93007832,31154522.90711464,-8373180.977036323,951348509.521533,0.0366032210834553,0.9633967789165446,5,0,0,Cần kiểm tra,2026-06-14
3867,3,4,2,1,677,72,61,11,688,951348509.521533,91308413.8162473,70264992.91884181,21043420.89740549,972391930.4189384,0.0901033973412112,0.9098966026587888,0,0,0,Đạt,2026-06-14
3868,4,4,2,1,688,69,35,34,722,972391930.4189384,114873171.95217878,42259401.17243646,72613770.77974232,1045005701.1986808,0.0508720930232558,0.9491279069767442,0,0,0,Đạt,2026-06-14
3869,5,4,2,1,722,14,27,-13,709,1045005701.1986808,21320514.905560307,35061434.7773626,-13740919.871802293,1031264781.3268784,0.0373961218836565,0.9626038781163436,0,0,0,Đạt,2026-06-14
3870,6,4,2,1,709,97,34,63,772,1031264781.3268784,155224202.6939181,49181430.1394289,106042772.5544892,1137307553.8813677,0.0479548660084626,0.9520451339915372,0,0,0,Đạt,2026-06-14
3871,7,4,2,1,772,45,36,9,781,1137307553.8813677,55056117.47979276,45475097.87334967,9581019.606443092,1146888573.4878109,0.0466321243523316,0.9533678756476685,0,0,0,Đạt,2026-06-14
3872,8,4,2,1,781,38,13,25,806,1146888573.4878109,42464098.100906,17343184.026737787,25120914.074168213,1172009487.561979,0.0166453265044814,0.9833546734955184,0,0,0,Đạt,2026-06-14
3873,9,4,2,1,806,37,78,-41,765,1172009487.561979,61644741.66153704,120326935.70764276,-58682194.04610572,1113327293.5158734,0.0967741935483871,0.9032258064516128,0,0,0,Đạt,2026-06-14
3874,10,4,2,1,765,49,13,36,801,1113327293.5158734,70843703.81592524,21126396.819035776,49717306.996889465,1163044600.5127628,0.0169934640522875,0.9830065359477124,0,0,0,Đạt,2026-06-14
3875,11,4,2,1,801,103,36,67,868,1163044600.5127628,121137491.83109716,44833392.35845189,76304099.47264528,1239348699.985408,0.0449438202247191,0.9550561797752808,0,0,0,Đạt,2026-06-14
3876,12,4,2,1,868,76,41,35,903,1239348699.985408,90105541.33594456,52926529.83363586,37179011.502308704,1276527711.487717,0.0472350230414746,0.9527649769585254,0,0,0,Đạt,2026-06-14
3877,1,4,2,2,359,12,16,-4,355,700541517.7984757,24115290.89333801,30052126.60316849,-5936835.709830482,694604682.0886452,0.0445682451253481,0.9554317548746518,0,0,0,Đạt,2026-06-14
3878,2,4,2,2,355,23,5,18,373,694604682.0886452,51355844.5182794,9781353.990384148,41574490.52789525,736179172.6165404,0.0140845070422535,0.9859154929577464,0,0,0,Đạt,2026-06-14
3879,3,4,2,2,373,48,28,20,393,736179172.6165404,99348498.7953826,47377601.91469565,51970896.88068695,788150069.4972274,0.0750670241286863,0.9249329758713136,0,0,0,Đạt,2026-06-14
3880,4,4,2,2,393,17,23,-6,387,788150069.4972274,39676848.56569511,50896354.35394049,-11219505.78824538,776930563.708982,0.0585241730279898,0.9414758269720102,0,0,0,Đạt,2026-06-14
3881,5,4,2,2,387,32,30,2,389,776930563.708982,51877544.90710172,68967191.11824574,-17089646.211144015,759840917.497838,0.0775193798449612,0.9224806201550388,0,0,0,Đạt,2026-06-14
3882,6,4,2,2,389,55,5,50,439,759840917.497838,101958133.83763848,10821032.296663051,91137101.54097544,850978019.0388135,0.0128534704370179,0.987146529562982,0,0,0,Đạt,2026-06-14
3883,7,4,2,2,439,21,36,-15,424,850978019.0388135,36558764.50407896,63562842.40073447,-27004077.896655507,823973941.1421579,0.082004555808656,0.917995444191344,0,0,0,Đạt,2026-06-14
3884,8,4,2,2,424,40,6,34,458,823973941.1421579,83717690.5423395,9390986.36151713,74326704.18082237,898300645.3229803,0.0141509433962264,0.9858490566037736,0,0,0,Đạt,2026-06-14
3885,9,4,2,2,458,64,24,40,498,898300645.3229803,119631155.6110748,51159850.77852537,68471304.83254944,966771950.1555296,0.0524017467248908,0.9475982532751092,0,0,0,Đạt,2026-06-14
3886,10,4,2,2,498,73,12,61,559,966771950.1555296,153855014.22924116,22718380.759738296,131136633.46950288,1097908583.625033,0.0240963855421686,0.9759036144578314,0,0,0,Đạt,2026-06-14
3887,11,4,2,2,559,18,29,-11,548,1097908583.625033,31004207.07958537,47767995.59021954,-16763788.510634176,1081144795.1143985,0.0518783542039356,0.9481216457960644,0,0,0,Đạt,2026-06-14
3888,12,4,2,2,548,70,12,58,606,1081144795.1143985,121584928.1457604,27246279.54377864,94338648.60198176,1175483443.71638,0.0218978102189781,0.978102189781022,0,0,0,Đạt,2026-06-14
3889,1,4,2,3,535,60,43,17,552,1486495341.118026,139562597.04723024,126823061.33467723,12739535.71255301,1499234876.830579,0.0803738317757009,0.9196261682242992,0,0,0,Đạt,2026-06-14
3890,2,4,2,3,552,43,28,15,567,1499234876.830579,128479066.06387788,88461437.33085065,40017628.73302724,1539252505.5636065,0.0507246376811594,0.9492753623188406,0,0,0,Đạt,2026-06-14
3891,3,4,2,3,567,78,39,39,606,1539252505.5636065,196170069.4166692,126838889.6668661,69331179.74980307,1608583685.313409,0.0687830687830687,0.9312169312169312,0,0,0,Đạt,2026-06-14
3892,4,4,2,3,606,61,28,33,639,1608583685.313409,170252638.17940173,76121771.40321206,94130866.77618968,1702714552.089599,0.0462046204620462,0.9537953795379538,0,0,0,Đạt,2026-06-14
3893,5,4,2,3,639,18,39,-21,618,1702714552.089599,59193572.94931275,98488191.89137462,-39294618.94206187,1663419933.147537,0.0610328638497652,0.9389671361502347,0,0,0,Đạt,2026-06-14
3894,6,4,2,3,618,56,23,33,651,1663419933.147537,184915847.1498457,67237342.23953961,117678504.91030613,1781098438.0578432,0.0372168284789644,0.9627831715210357,0,0,0,Đạt,2026-06-14
3895,7,4,2,3,651,73,37,36,687,1781098438.0578432,231190701.24115923,83618691.54098147,147572009.70017776,1928670447.7580209,0.0568356374807987,0.9431643625192012,0,0,0,Đạt,2026-06-14
3896,8,4,2,3,687,33,11,22,709,1928670447.7580209,86592140.57991101,29121227.0761773,57470913.50373371,1986141361.2617545,0.0160116448326055,0.9839883551673944,0,0,0,Đạt,2026-06-14
3897,9,4,2,3,709,13,57,-44,665,1986141361.2617545,39368153.92921834,145317981.81880513,-105949827.8895868,1880191533.372168,0.080394922425952,0.919605077574048,0,0,0,Đạt,2026-06-14
3898,10,4,2,3,665,58,16,42,707,1880191533.372168,189446054.5357478,40114263.06895839,149331791.46678942,2029523324.8389573,0.0240601503759398,0.97593984962406,0,0,0,Đạt,2026-06-14
3899,11,4,2,3,707,91,58,33,740,2029523324.8389573,215881433.48666745,158103380.76255435,57778052.72411311,2087301377.5630703,0.082036775106082,0.917963224893918,0,0,0,Đạt,2026-06-14
3900,12,4,2,3,740,100,32,68,808,2087301377.5630703,256854077.9165393,76952374.70028996,179901703.21624938,2267203080.77932,0.0432432432432432,0.9567567567567568,0,0,0,Đạt,2026-06-14
3901,1,4,2,4,236,24,13,11,247,585167805.4736072,70955021.06606637,34540580.85741633,36414440.20865004,621582245.6822572,0.0550847457627118,0.9449152542372882,0,0,0,Đạt,2026-06-14
3902,2,4,2,4,247,22,8,14,261,621582245.6822572,58458286.3162498,19250764.11809724,39207522.19815256,660789767.8804097,0.0323886639676113,0.9676113360323888,0,0,0,Đạt,2026-06-14
3903,3,4,2,4,261,21,7,14,275,660789767.8804097,42852607.63813493,15891725.626313595,26960882.011821337,687750649.8922311,0.0268199233716475,0.9731800766283524,0,0,0,Đạt,2026-06-14
3904,4,4,2,4,275,24,12,12,287,687750649.8922311,51300105.755919404,35601041.20896125,15699064.546958156,703449714.4391893,0.0436363636363636,0.9563636363636364,0,0,0,Đạt,2026-06-14
3905,5,4,2,4,287,8,7,1,288,703449714.4391893,19266391.282757785,14214399.480327934,5051991.802429851,708501706.2416191,0.024390243902439,0.975609756097561,0,0,0,Đạt,2026-06-14
3906,6,4,2,4,288,29,19,10,298,708501706.2416191,71589773.92483588,45481481.3677374,26108292.55709848,734609998.7987176,0.0659722222222222,0.9340277777777778,0,0,0,Đạt,2026-06-14
3907,7,4,2,4,298,21,23,-2,296,734609998.7987176,57207067.86696806,53936495.48829859,3270572.3786694705,737880571.1773871,0.0771812080536912,0.9228187919463088,0,0,0,Đạt,2026-06-14
3908,8,4,2,4,296,11,7,4,300,737880571.1773871,24797632.865891077,18870096.11330664,5927536.752584431,743808107.9299716,0.0236486486486486,0.9763513513513512,0,0,0,Đạt,2026-06-14
3909,9,4,2,4,300,7,4,3,303,743808107.9299716,16034801.555222273,8004119.445466213,8030682.109756058,751838790.0397277,0.0133333333333333,0.9866666666666668,0,0,0,Đạt,2026-06-14
3910,10,4,2,4,303,6,23,-17,286,751838790.0397277,16789309.985108487,54191640.4178076,-37402330.43269912,714436459.6070286,0.0759075907590759,0.924092409240924,0,0,0,Đạt,2026-06-14
3911,11,4,2,4,286,14,24,-10,276,714436459.6070286,38613010.78209037,63602121.36224699,-24989110.580156617,689447349.026872,0.0839160839160839,0.916083916083916,0,0,0,Đạt,2026-06-14
3912,12,4,2,4,276,13,20,-7,269,689447349.026872,36653647.99804968,58558324.208295465,-21904676.21024578,667542672.8166263,0.072463768115942,0.927536231884058,0,0,0,Đạt,2026-06-14
3913,1,4,2,5,533,9,35,-26,507,729974106.332316,11714150.746800436,45095083.330890656,-33380932.584090214,696593173.7482258,0.0656660412757973,0.9343339587242028,0,0,0,Đạt,2026-06-14
3914,2,4,2,5,507,70,17,53,560,696593173.7482258,95605721.25346254,21791920.218767457,73813801.03469509,770406974.7829208,0.0335305719921104,0.9664694280078896,0,0,0,Đạt,2026-06-14
3915,3,4,2,5,560,38,9,29,589,770406974.7829208,54192452.31677067,11361458.08094021,42830994.23583046,813237969.0187513,0.0160714285714285,0.9839285714285716,0,0,0,Đạt,2026-06-14
3916,4,4,2,5,589,18,46,-28,561,813237969.0187513,20817273.510393463,59409460.082453385,-38592186.57205992,774645782.4466914,0.0780984719864176,0.9219015280135824,0,0,0,Đạt,2026-06-14
3917,5,4,2,5,561,57,53,4,565,774645782.4466914,75847786.60260184,83210981.68726663,-7363195.084664792,767282587.3620266,0.0944741532976827,0.9055258467023172,0,0,0,Đạt,2026-06-14
3918,6,4,2,5,565,67,14,53,618,767282587.3620266,80890324.56348918,18947000.068640232,61943324.49484895,829225911.8568755,0.0247787610619469,0.9752212389380532,0,0,0,Đạt,2026-06-14
3919,7,4,2,5,618,80,40,40,658,829225911.8568755,118134924.6063687,60902245.692322336,57232678.91404637,886458590.770922,0.0647249190938511,0.9352750809061487,0,0,0,Đạt,2026-06-14
3920,8,4,2,5,658,71,24,47,705,886458590.770922,99901252.74528363,32892066.94680778,67009185.79847587,953467776.5693978,0.0364741641337386,0.9635258358662614,0,0,0,Đạt,2026-06-14
3921,9,4,2,5,705,104,16,88,793,953467776.5693978,136207382.67878443,19569774.762069743,116637607.91671468,1070105384.4861124,0.0226950354609929,0.9773049645390072,0,0,0,Đạt,2026-06-14
3922,10,4,2,5,793,25,54,-29,764,1070105384.4861124,37519659.521312565,77379006.33355379,-39859346.81224123,1030246037.6738712,0.0680958385876418,0.931904161412358,0,0,0,Đạt,2026-06-14
3923,11,4,2,5,764,28,17,11,775,1030246037.6738712,42438864.58930618,26834617.98711689,15604246.602189297,1045850284.2760606,0.0222513089005235,0.9777486910994764,0,0,0,Đạt,2026-06-14
3924,12,4,2,5,775,73,49,24,799,1045850284.2760606,96438931.67219096,68631938.38405171,27806993.28813924,1073657277.5641998,0.0632258064516129,0.9367741935483872,0,0,0,Đạt,2026-06-14
3925,1,4,2,6,520,22,14,8,528,554434980.1625988,22456529.838635422,12577486.015104065,9879043.823531358,564314023.9861302,0.0269230769230769,0.9730769230769232,0,0,0,Đạt,2026-06-14
3926,2,4,2,6,528,27,45,-18,510,564314023.9861302,25056905.526232447,38580886.26807075,-13523980.741838302,550790043.2442919,0.0852272727272727,0.9147727272727272,0,0,0,Đạt,2026-06-14
3927,3,4,2,6,510,23,40,-17,493,550790043.2442919,25984007.284276336,42568786.80026517,-16584779.515988834,534205263.7283031,0.0784313725490196,0.9215686274509804,0,0,0,Đạt,2026-06-14
3928,4,4,2,6,493,17,26,-9,484,534205263.7283031,17151221.59378959,25017455.493443675,-7866233.899654087,526339029.828649,0.0527383367139959,0.947261663286004,0,0,0,Đạt,2026-06-14
3929,5,4,2,6,484,39,31,8,492,526339029.828649,38871233.4473929,31467474.18194927,7403759.265443634,533742789.0940926,0.0640495867768595,0.9359504132231404,0,0,0,Đạt,2026-06-14
3930,6,4,2,6,492,5,35,-30,462,533742789.0940926,4441246.735759224,40908399.70436865,-36467152.96860943,497275636.1254832,0.0711382113821138,0.9288617886178862,0,0,0,Đạt,2026-06-14
3931,7,4,2,6,462,5,39,-34,428,497275636.1254832,6196511.335664849,49855770.39546021,-43659259.059795365,453616377.0656878,0.0844155844155844,0.9155844155844156,0,0,0,Đạt,2026-06-14
3932,8,4,2,6,428,19,4,15,443,453616377.0656878,19119670.24461747,4514742.905155182,14604927.339462288,468221304.40515006,0.0093457943925233,0.9906542056074766,0,0,0,Đạt,2026-06-14
3933,9,4,2,6,443,33,25,8,451,468221304.40515006,33985343.28696448,23426433.025699552,10558910.261264931,478780214.666415,0.0564334085778781,0.9435665914221218,0,0,0,Đạt,2026-06-14
3934,10,4,2,6,451,61,40,21,472,478780214.666415,71785966.57119504,36033937.92587424,35752028.645320795,514532243.31173575,0.0886917960088691,0.9113082039911308,0,0,0,Đạt,2026-06-14
3935,11,4,2,6,472,36,16,20,492,514532243.31173575,42110349.90311161,18490726.6543159,23619623.248795707,538151866.5605315,0.0338983050847457,0.9661016949152542,0,0,0,Đạt,2026-06-14
3936,12,4,2,6,492,66,17,49,541,538151866.5605315,64398783.022450015,21458377.55682659,42940405.46562342,581092272.0261549,0.0345528455284552,0.9654471544715448,0,0,0,Đạt,2026-06-14
3937,1,4,2,7,209,17,18,-1,208,557245225.7400118,51367174.64706934,42099779.55688376,9267395.090185585,566512620.8301973,0.0861244019138756,0.9138755980861244,0,0,0,Đạt,2026-06-14
3938,2,4,2,7,208,22,8,14,222,566512620.8301973,47517977.2480322,18608064.355439093,28909912.892593104,595422533.7227905,0.0384615384615384,0.9615384615384616,0,0,0,Đạt,2026-06-14
3939,3,4,2,7,222,26,4,22,244,595422533.7227905,77268910.09460783,10374653.200131811,66894256.89447602,662316790.6172665,0.018018018018018,0.981981981981982,0,0,0,Đạt,2026-06-14
3940,4,4,2,7,244,28,13,15,259,662316790.6172665,87944029.24907878,41449843.756934665,46494185.49214412,708810976.1094106,0.0532786885245901,0.9467213114754098,0,0,0,Đạt,2026-06-14
3941,5,4,2,7,259,29,10,19,278,708810976.1094106,80037167.16098122,26291064.59569536,53746102.56528586,762557078.6746964,0.0386100386100386,0.9613899613899614,0,0,0,Đạt,2026-06-14
3942,6,4,2,7,278,15,27,-12,266,762557078.6746964,44045437.8167281,76592662.2471861,-32547224.430457994,730009854.2442385,0.0971223021582733,0.9028776978417266,0,0,0,Đạt,2026-06-14
3943,7,4,2,7,266,14,15,-1,265,730009854.2442385,39621602.50512843,36021311.94287609,3600290.5622523357,733610144.8064908,0.056390977443609,0.943609022556391,0,0,0,Đạt,2026-06-14
3944,8,4,2,7,265,38,7,31,296,733610144.8064908,89957907.86175297,19073930.65316656,70883977.20858641,804494122.0150772,0.0264150943396226,0.9735849056603774,0,0,0,Đạt,2026-06-14
3945,9,4,2,7,296,31,25,6,302,804494122.0150772,79557855.47603606,71888333.08555873,7669522.3904773295,812163644.4055545,0.0844594594594594,0.9155405405405406,0,0,0,Đạt,2026-06-14
3946,10,4,2,7,302,30,10,20,322,812163644.4055545,92444639.05538838,26115756.67491215,66328882.38047622,878492526.7860308,0.0331125827814569,0.9668874172185432,0,0,0,Đạt,2026-06-14
3947,11,4,2,7,322,29,5,24,346,878492526.7860308,75733987.10407062,12671234.536604892,63062752.56746572,941555279.3534966,0.015527950310559,0.984472049689441,0,0,0,Đạt,2026-06-14
3948,12,4,2,7,346,3,21,-18,328,941555279.3534966,7940550.699615201,52333545.22936485,-44392994.52974965,897162284.8237469,0.0606936416184971,0.9393063583815028,0,0,0,Đạt,2026-06-14
3949,1,4,3,1,339,50,24,26,365,419556128.099843,51823777.46353668,24254141.411376648,27569636.052160032,447125764.1520031,0.0707964601769911,0.9292035398230089,0,0,0,Đạt,2026-06-14
3950,2,4,3,1,365,25,29,-4,361,447125764.1520031,27195927.289435487,34055837.6954906,-6859910.406055111,440265853.745948,0.0794520547945205,0.9205479452054794,0,0,0,Đạt,2026-06-14
3951,3,4,3,1,361,43,9,34,395,440265853.745948,43343307.53061216,11294295.071077758,32049012.4595344,472314866.2054824,0.0249307479224376,0.9750692520775625,0,0,0,Đạt,2026-06-14
3952,4,4,3,1,395,20,16,4,399,472314866.2054824,21080382.70765248,22688687.297802743,-1608304.590150267,470706561.6153321,0.040506329113924,0.959493670886076,0,0,0,Đạt,2026-06-14
3953,5,4,3,1,399,57,33,24,423,470706561.6153321,72425158.37742275,40050771.95839187,32374386.41903088,503080948.03436303,0.0827067669172932,0.9172932330827068,0,0,0,Đạt,2026-06-14
3954,6,4,3,1,423,12,4,8,431,503080948.03436303,13127488.18684532,4136405.0775291394,8991083.109316181,512072031.1436792,0.0094562647754137,0.9905437352245864,0,0,0,Đạt,2026-06-14
3955,7,4,3,1,431,5,12,-7,424,512072031.1436792,7208406.920924069,15143082.001781955,-7934675.080857886,504137356.0628213,0.0278422273781902,0.9721577726218098,0,0,0,Đạt,2026-06-14
3956,8,4,3,1,424,51,41,10,434,504137356.0628213,60804850.47925552,41574827.913952045,19230022.565303475,523367378.6281248,0.0966981132075471,0.9033018867924528,0,0,0,Đạt,2026-06-14
3957,9,4,3,1,434,40,13,27,461,523367378.6281248,42111259.12214824,17199072.04680556,24912187.07534268,548279565.7034675,0.0299539170506912,0.9700460829493088,0,0,0,Đạt,2026-06-14
3958,10,4,3,1,461,66,44,22,483,548279565.7034675,97253609.71379356,49064034.50332075,48189575.21047281,596469140.9139403,0.0954446854663774,0.9045553145336226,10,0,0,Cần kiểm tra,2026-06-14
3959,11,4,3,1,483,61,39,22,505,596469140.9139403,71206570.28389993,44889974.58241799,26316595.701481946,622785736.6154222,0.0807453416149068,0.9192546583850932,0,0,0,Đạt,2026-06-14
3960,12,4,3,1,505,55,29,26,531,622785736.6154222,79408903.03459837,30885140.82165743,48523762.21294093,671309498.8283632,0.0574257425742574,0.9425742574257424,0,0,0,Đạt,2026-06-14
3961,1,4,3,2,700,99,38,61,761,3475883360.564079,429741205.11366767,204473934.17671615,225267270.9369515,3701150631.5010304,0.0542857142857142,0.9457142857142856,0,0,0,Đạt,2026-06-14
3962,2,4,3,2,761,61,67,-6,755,3701150631.5010304,260590140.5900235,393954014.537729,-133363873.94770554,3567786757.5533247,0.0880420499342969,0.911957950065703,0,0,0,Đạt,2026-06-14
3963,3,4,3,2,755,34,39,-5,750,3567786757.5533247,140803826.5644182,188201617.54635,-47397790.981931776,3520388966.571393,0.0516556291390728,0.9483443708609272,0,0,0,Đạt,2026-06-14
3964,4,4,3,2,750,73,38,35,785,3520388966.571393,426678430.6617802,177088590.4595007,249589840.20227957,3769978806.7736726,0.0506666666666666,0.9493333333333334,0,0,0,Đạt,2026-06-14
3965,5,4,3,2,785,97,64,33,818,3769978806.7736726,484010243.8000835,296948448.764088,187061795.03599557,3957040601.809668,0.0815286624203821,0.918471337579618,0,0,0,Đạt,2026-06-14
3966,6,4,3,2,818,39,38,1,819,3957040601.809668,222545352.30828083,172901128.97005668,49644223.33822414,4006684825.147892,0.0464547677261613,0.9535452322738386,0,0,0,Đạt,2026-06-14
3967,7,4,3,2,819,49,61,-12,807,4006684825.147892,211644551.85317484,306006539.7456671,-94361987.89249226,3912322837.2554,0.0744810744810744,0.9255189255189256,0,0,0,Đạt,2026-06-14
3968,8,4,3,2,807,25,12,13,820,3912322837.2554,99451679.91701418,48560392.3484636,50891287.56855059,3963214124.8239503,0.0148698884758364,0.9851301115241636,0,0,0,Đạt,2026-06-14
3969,9,4,3,2,820,20,22,-2,818,3963214124.8239503,94798028.7617458,129516790.75340618,-34718761.99166039,3928495362.8322897,0.0268292682926829,0.973170731707317,0,0,0,Đạt,2026-06-14
3970,10,4,3,2,818,13,25,-12,806,3928495362.8322897,68988376.76207413,128672845.14902848,-59684468.38695434,3868810894.445336,0.030562347188264,0.969437652811736,0,0,0,Đạt,2026-06-14
3971,11,4,3,2,806,14,27,-13,793,3868810894.445336,61996853.04846232,112900426.86196844,-50903573.8135061,3817907320.631829,0.0334987593052109,0.966501240694789,0,0,0,Đạt,2026-06-14
3972,12,4,3,2,793,77,50,27,820,3817907320.631829,409104619.41382873,202183166.9666828,206921452.4471459,4024828773.078975,0.0630517023959646,0.9369482976040352,6,9,0,Cần kiểm tra,2026-06-14
3973,1,4,3,3,522,46,43,3,525,1918883721.22304,158610784.28617167,180896487.992585,-22285703.70641333,1896598017.5166264,0.082375478927203,0.9176245210727968,0,0,0,Đạt,2026-06-14
3974,2,4,3,3,525,51,40,11,536,1896598017.5166264,167868896.41996127,157996832.93963668,9872063.480324596,1906470080.996951,0.0761904761904762,0.923809523809524,0,0,0,Đạt,2026-06-14
3975,3,4,3,3,536,41,49,-8,528,1906470080.996951,172604355.60126895,190797693.7050677,-18193338.10379872,1888276742.8931525,0.0914179104477612,0.9085820895522388,0,0,0,Đạt,2026-06-14
3976,4,4,3,3,528,19,14,5,533,1888276742.8931525,64565933.18020136,57259880.35136974,7306052.82883162,1895582795.721984,0.0265151515151515,0.9734848484848484,0,0,0,Đạt,2026-06-14
3977,5,4,3,3,533,40,25,15,548,1895582795.721984,148821385.79491535,99209148.88555773,49612236.90935764,1945195032.6313417,0.0469043151969981,0.953095684803002,0,0,0,Đạt,2026-06-14
3978,6,4,3,3,548,54,8,46,594,1945195032.6313417,175553041.99378604,30656641.217312388,144896400.77647364,2090091433.4078157,0.0145985401459854,0.9854014598540146,0,0,0,Đạt,2026-06-14
3979,7,4,3,3,594,45,20,25,619,2090091433.4078157,148948031.63147524,81472415.03046937,67475616.60100587,2157567050.008821,0.0336700336700336,0.9663299663299664,0,0,0,Đạt,2026-06-14
3980,8,4,3,3,619,30,58,-28,591,2157567050.008821,108156662.09604388,241060386.2234613,-132903724.12741745,2024663325.881404,0.0936995153473344,0.9063004846526656,0,0,0,Đạt,2026-06-14
3981,9,4,3,3,591,78,41,37,628,2024663325.881404,302563094.16785735,132703236.89233652,169859857.2755208,2194523183.156925,0.0693739424703891,0.9306260575296108,0,0,0,Đạt,2026-06-14
3982,10,4,3,3,628,93,37,56,684,2194523183.156925,391693559.1975409,119289435.0438055,272404124.1537354,2466927307.3106604,0.0589171974522293,0.9410828025477708,0,0,0,Đạt,2026-06-14
3983,11,4,3,3,684,67,55,12,696,2466927307.3106604,208293623.0374025,194713544.8485603,13580078.188842207,2480507385.4995027,0.0804093567251462,0.9195906432748538,0,0,0,Đạt,2026-06-14
3984,12,4,3,3,696,48,8,40,736,2480507385.4995027,160491661.6077063,25322677.14612944,135168984.46157688,2615676369.96108,0.0114942528735632,0.9885057471264368,0,0,0,Đạt,2026-06-14
3985,1,4,3,4,616,83,18,65,681,3025127566.476036,475866351.7634848,100890449.39702272,374975902.36646205,3400103468.8424983,0.0292207792207792,0.9707792207792209,0,0,0,Đạt,2026-06-14
3986,2,4,3,4,681,17,19,-2,679,3400103468.8424983,91779437.47739431,106270217.67060655,-14490780.193212226,3385612688.6492863,0.0279001468428781,0.972099853157122,0,0,0,Đạt,2026-06-14
3987,3,4,3,4,679,32,30,2,681,3385612688.6492863,161962627.45549196,135271140.7167999,26691486.738692045,3412304175.3879786,0.0441826215022091,0.9558173784977908,0,0,0,Đạt,2026-06-14
3988,4,4,3,4,681,51,12,39,720,3412304175.3879786,218786809.24361467,64408799.55122721,154378009.69238746,3566682185.080366,0.0176211453744493,0.9823788546255506,0,0,0,Đạt,2026-06-14
3989,5,4,3,4,720,32,44,-12,708,3566682185.080366,125762480.9427928,246603536.6005528,-120841055.65776,3445841129.422606,0.0611111111111111,0.9388888888888888,0,0,0,Đạt,2026-06-14
3990,6,4,3,4,708,26,50,-24,684,3445841129.422606,104853266.05658154,223882202.72821265,-119028936.67163111,3326812192.7509747,0.0706214689265536,0.9293785310734464,0,0,0,Đạt,2026-06-14
3991,7,4,3,4,684,27,49,-22,662,3326812192.7509747,125009196.68837816,273121581.04470974,-148112384.3563316,3178699808.394643,0.0716374269005847,0.9283625730994152,0,0,0,Đạt,2026-06-14
3992,8,4,3,4,662,36,9,27,689,3178699808.394643,199438975.39564592,35636689.8683375,163802285.5273084,3342502093.921952,0.0135951661631419,0.986404833836858,0,0,0,Đạt,2026-06-14
3993,9,4,3,4,689,14,56,-42,647,3342502093.921952,61987450.66753886,235840519.53132984,-173853068.863791,3168649025.0581603,0.081277213352685,0.918722786647315,0,0,0,Đạt,2026-06-14
3994,10,4,3,4,647,78,62,16,663,3168649025.0581603,459194650.1995791,291222282.466464,167972367.73311508,3336621392.7912755,0.0958268933539412,0.9041731066460588,0,0,0,Đạt,2026-06-14
3995,11,4,3,4,663,18,26,-8,655,3336621392.7912755,72340329.35252461,137388511.11555383,-65048181.76302922,3271573211.0282464,0.0392156862745098,0.9607843137254902,0,0,0,Đạt,2026-06-14
3996,12,4,3,4,655,87,44,43,698,3271573211.0282464,460233677.9860481,233777453.1963697,226456224.7896784,3498029435.817925,0.0671755725190839,0.932824427480916,0,0,0,Đạt,2026-06-14
3997,1,4,3,5,489,44,41,3,492,1852997801.5934277,188820683.64630345,155705840.1141067,33114843.5321967,1886112645.125624,0.0838445807770961,0.916155419222904,0,0,0,Đạt,2026-06-14
3998,2,4,3,5,492,61,38,23,515,1886112645.125624,195795390.1044272,156419021.8012792,39376368.303148,1925489013.428772,0.0772357723577235,0.9227642276422764,0,0,0,Đạt,2026-06-14
3999,3,4,3,5,515,44,33,11,526,1925489013.428772,189657173.9879089,123539357.21292344,66117816.77498545,1991606830.2037575,0.0640776699029126,0.9359223300970874,8,0,2,Cần kiểm tra,2026-06-14
4000,4,4,3,5,526,35,39,-4,522,1991606830.2037575,132522858.98646832,161216495.31930205,-28693636.33283372,1962913193.870924,0.0741444866920152,0.9258555133079848,0,0,0,Đạt,2026-06-14
4001,5,4,3,5,522,66,9,57,579,1962913193.870924,251786440.6511685,34085788.565003484,217700652.086165,2180613845.957089,0.0172413793103448,0.9827586206896552,0,0,0,Đạt,2026-06-14
4002,6,4,3,5,579,82,44,38,617,2180613845.957089,320467982.6989165,137098661.79428914,183369320.9046274,2363983166.8617163,0.0759930915371329,0.924006908462867,0,0,0,Đạt,2026-06-14
4003,7,4,3,5,617,66,22,44,661,2363983166.8617163,292008751.373188,90897413.0412276,201111338.33196044,2565094505.193677,0.0356564019448946,0.9643435980551054,0,0,0,Đạt,2026-06-14
4004,8,4,3,5,661,50,57,-7,654,2565094505.193677,176325830.69672063,205985499.01987496,-29659668.32315433,2535434836.8705225,0.086232980332829,0.913767019667171,0,0,0,Đạt,2026-06-14
4005,9,4,3,5,654,93,59,34,688,2535434836.8705225,411665853.0133341,190035097.90892056,221630755.10441357,2757065591.974936,0.0902140672782874,0.9097859327217126,0,0,0,Đạt,2026-06-14
4006,10,4,3,5,688,24,24,0,688,2757065591.974936,81936528.07312213,91730625.31215852,-9794097.239036396,2747271494.7358994,0.0348837209302325,0.9651162790697676,0,0,0,Đạt,2026-06-14
4007,11,4,3,5,688,22,50,-28,660,2747271494.7358994,69384646.22754352,165904537.53672796,-96519891.30918445,2650751603.426715,0.0726744186046511,0.9273255813953488,0,0,0,Đạt,2026-06-14
4008,12,4,3,5,660,63,33,30,690,2650751603.426715,220799624.75126857,130106397.8965014,90693226.85476716,2741444830.281482,0.05,0.95,0,0,0,Đạt,2026-06-14
4009,1,4,3,6,337,10,24,-14,323,1613400531.005663,40773223.76631028,93403313.35143264,-52630089.585122354,1560770441.4205406,0.0712166172106825,0.9287833827893176,0,0,0,Đạt,2026-06-14
4010,2,4,3,6,323,28,17,11,334,1560770441.4205406,159070374.2858982,80573286.69806774,78497087.58783047,1639267529.008371,0.0526315789473684,0.9473684210526316,0,0,0,Đạt,2026-06-14
4011,3,4,3,6,334,25,17,8,342,1639267529.008371,142586871.1430135,86866839.66348845,55720031.47952506,1694987560.4878962,0.0508982035928143,0.9491017964071856,0,0,0,Đạt,2026-06-14
4012,4,4,3,6,342,38,25,13,355,1694987560.4878962,195659716.92715725,104533228.68855453,91126488.23860271,1786114048.7264988,0.0730994152046783,0.9269005847953216,0,0,0,Đạt,2026-06-14
4013,5,4,3,6,355,9,3,6,361,1786114048.7264988,37728862.5003441,15008311.858990794,22720550.6413533,1808834599.367852,0.0084507042253521,0.991549295774648,0,0,0,Đạt,2026-06-14
4014,6,4,3,6,361,20,22,-2,359,1808834599.367852,80587639.14801759,120128935.23173246,-39541296.08371487,1769293303.2841372,0.0609418282548476,0.9390581717451524,0,0,0,Đạt,2026-06-14
4015,7,4,3,6,359,50,30,20,379,1769293303.2841372,269000670.04418725,169888886.97973722,99111783.06445004,1868405086.3485875,0.0835654596100278,0.9164345403899722,0,0,0,Đạt,2026-06-14
4016,8,4,3,6,379,49,20,29,408,1868405086.3485875,233232747.87026775,95618990.18906078,137613757.681207,2006018844.0297945,0.0527704485488126,0.9472295514511874,0,0,0,Đạt,2026-06-14
4017,9,4,3,6,408,6,9,-3,405,2006018844.0297945,27512258.1491235,47191558.92412072,-19679300.774997223,1986339543.254797,0.0220588235294117,0.9779411764705882,0,0,0,Đạt,2026-06-14
4018,10,4,3,6,405,37,11,26,431,1986339543.254797,163247361.90493053,62601441.05214406,100645920.85278648,2086985464.1075835,0.0271604938271604,0.9728395061728397,0,0,0,Đạt,2026-06-14
4019,11,4,3,6,431,53,8,45,476,2086985464.1075835,284632925.603361,31994170.37253307,252638755.23082796,2339624219.338412,0.0185614849187935,0.9814385150812064,0,0,0,Đạt,2026-06-14
4020,12,4,3,6,476,59,38,21,497,2339624219.338412,318359032.12328905,167188710.69170144,151170321.4315876,2490794540.769999,0.0798319327731092,0.9201680672268908,0,0,0,Đạt,2026-06-14
4021,1,4,3,7,715,92,51,41,756,2383665762.882927,252357641.99646208,146865474.34982643,105492167.64663564,2489157930.5295625,0.0713286713286713,0.9286713286713286,0,0,0,Đạt,2026-06-14
4022,2,4,3,7,756,10,17,-7,749,2489157930.5295625,30288071.491955165,52969087.835426606,-22681016.34347144,2466476914.186091,0.0224867724867724,0.9775132275132276,0,0,0,Đạt,2026-06-14
4023,3,4,3,7,749,12,72,-60,689,2466476914.186091,44342359.03582054,247432033.33021072,-203089674.29439017,2263387239.8917007,0.096128170894526,0.903871829105474,0,0,0,Đạt,2026-06-14
4024,4,4,3,7,689,71,25,46,735,2263387239.8917007,193359900.7130896,85895764.03327341,107464136.6798162,2370851376.571517,0.0362844702467343,0.9637155297532656,0,0,0,Đạt,2026-06-14
4025,5,4,3,7,735,90,68,22,757,2370851376.571517,332364814.4118,270350357.28669256,62014457.12510741,2432865833.6966243,0.092517006802721,0.9074829931972788,0,0,0,Đạt,2026-06-14
4026,6,4,3,7,757,49,71,-22,735,2432865833.6966243,186501171.29846385,262440865.23872948,-75939693.94026563,2356926139.7563586,0.0937912813738441,0.9062087186261558,0,0,0,Đạt,2026-06-14
4027,7,4,3,7,735,33,63,-30,705,2356926139.7563586,102346621.57221133,197952998.14695612,-95606376.57474482,2261319763.181614,0.0857142857142857,0.9142857142857144,0,0,0,Đạt,2026-06-14
4028,8,4,3,7,705,79,65,14,719,2261319763.181614,284426064.2062825,233859014.1315419,50567050.07474059,2311886813.2563543,0.0921985815602836,0.9078014184397164,0,0,0,Đạt,2026-06-14
4029,9,4,3,7,719,82,17,65,784,2311886813.2563543,308968596.4588386,65834768.83239267,243133827.62644592,2555020640.8828,0.0236439499304589,0.9763560500695412,0,0,0,Đạt,2026-06-14
4030,10,4,3,7,784,23,20,3,787,2555020640.8828,72296924.62268521,67739495.00928433,4557429.6134008765,2559578070.496201,0.0255102040816326,0.9744897959183674,0,0,0,Đạt,2026-06-14
4031,11,4,3,7,787,84,60,24,811,2559578070.496201,292234666.3369757,218627807.394519,73606858.94245669,2633184929.4386578,0.0762388818297331,0.9237611181702668,9,0,0,Cần kiểm tra,2026-06-14
4032,12,4,3,7,811,79,68,11,822,2633184929.4386578,262305180.75042695,229024576.64466044,33280604.10576653,2666465533.544424,0.0838471023427866,0.9161528976572132,0,0,0,Đạt,2026-06-14
4033,1,4,4,1,280,36,23,13,293,711835866.4753121,85362982.77190654,60513481.97739212,24849500.794514425,736685367.2698265,0.0821428571428571,0.9178571428571428,0,0,0,Đạt,2026-06-14
4034,2,4,4,1,293,25,7,18,311,736685367.2698265,70712675.65682256,17494587.51883444,53218088.13798812,789903455.4078146,0.0238907849829351,0.9761092150170648,0,0,0,Đạt,2026-06-14
4035,3,4,4,1,311,9,25,-16,295,789903455.4078146,25528872.78221908,63193151.129248,-37664278.34702892,752239177.0607857,0.0803858520900321,0.919614147909968,0,0,0,Đạt,2026-06-14
4036,4,4,4,1,295,25,8,17,312,752239177.0607857,59837835.984390445,17268272.660600025,42569563.323790416,794808740.3845761,0.0271186440677966,0.9728813559322034,0,0,0,Đạt,2026-06-14
4037,5,4,4,1,312,5,4,1,313,794808740.3845761,10866077.415597243,9292688.975690076,1573388.439907169,796382128.8244833,0.0128205128205128,0.9871794871794872,0,0,0,Đạt,2026-06-14
4038,6,4,4,1,313,46,15,31,344,796382128.8244833,110310796.87977976,37840761.81302264,72470035.06675714,868852163.8912404,0.047923322683706,0.952076677316294,0,0,0,Đạt,2026-06-14
4039,7,4,4,1,344,15,9,6,350,868852163.8912404,32775098.131964076,19320494.206367925,13454603.925596148,882306767.8168365,0.0261627906976744,0.9738372093023256,0,0,0,Đạt,2026-06-14
4040,8,4,4,1,350,37,27,10,360,882306767.8168365,93674069.79882376,54995915.46612414,38678154.332699634,920984922.149536,0.0771428571428571,0.9228571428571428,0,0,0,Đạt,2026-06-14
4041,9,4,4,1,360,33,6,27,387,920984922.149536,93979976.95539984,12513177.791563371,81466799.16383646,1002451721.3133726,0.0166666666666666,0.9833333333333332,0,0,0,Đạt,2026-06-14
4042,10,4,4,1,387,28,10,18,405,1002451721.3133726,70029404.89495681,29068174.339341704,40961230.55561511,1043412951.8689876,0.0258397932816537,0.9741602067183462,0,0,0,Đạt,2026-06-14
4043,11,4,4,1,405,26,21,5,410,1043412951.8689876,72933238.58351287,60451837.73254453,12481400.85096834,1055894352.719956,0.0518518518518518,0.9481481481481482,0,0,0,Đạt,2026-06-14
4044,12,4,4,1,410,41,9,32,442,1055894352.719956,101749132.66898192,23097368.7891819,78651763.87980002,1134546116.599756,0.0219512195121951,0.9780487804878047,0,0,0,Đạt,2026-06-14
4045,1,4,4,2,591,54,43,11,602,1750618039.4837985,134667373.89339736,152110703.2963628,-17443329.402965426,1733174710.080833,0.0727580372250423,0.9272419627749576,0,0,0,Đạt,2026-06-14
4046,2,4,4,2,602,27,25,2,604,1733174710.080833,77933321.38616006,66522355.71076159,11410965.675398467,1744585675.7562313,0.0415282392026578,0.9584717607973422,0,0,0,Đạt,2026-06-14
4047,3,4,4,2,604,44,45,-1,603,1744585675.7562313,152252893.14529935,115273921.55376808,36978971.59153128,1781564647.3477626,0.0745033112582781,0.925496688741722,0,0,0,Đạt,2026-06-14
4048,4,4,4,2,603,52,15,37,640,1781564647.3477626,179333769.49024692,39886413.60651885,139447355.8837281,1921012003.2314904,0.0248756218905472,0.9751243781094528,0,0,0,Đạt,2026-06-14
4049,5,4,4,2,640,24,42,-18,622,1921012003.2314904,78071069.9909544,132455146.08097243,-54384076.09001805,1866627927.1414728,0.065625,0.934375,0,0,0,Đạt,2026-06-14
4050,6,4,4,2,622,42,20,22,644,1866627927.1414728,123214768.5668101,50147335.62913992,73067432.93767017,1939695360.0791428,0.0321543408360128,0.9678456591639872,0,0,0,Đạt,2026-06-14
4051,7,4,4,2,644,41,26,15,659,1939695360.0791428,99485571.01074626,75199997.07653512,24285573.93421113,1963980934.0133536,0.0403726708074534,0.9596273291925466,0,0,0,Đạt,2026-06-14
4052,8,4,4,2,659,77,44,33,692,1963980934.0133536,254461330.9680793,126327453.0187664,128133877.9493129,2092114811.9626667,0.0667678300455235,0.9332321699544764,0,0,0,Đạt,2026-06-14
4053,9,4,4,2,692,102,22,80,772,2092114811.9626667,290344613.929494,57686685.203270726,232657928.7262233,2324772740.68889,0.0317919075144508,0.9682080924855492,0,0,0,Đạt,2026-06-14
4054,10,4,4,2,772,57,22,35,807,2324772740.68889,135367611.88697,63073439.630021386,72294172.25694862,2397066912.9458385,0.0284974093264248,0.9715025906735753,0,0,0,Đạt,2026-06-14
4055,11,4,4,2,807,87,67,20,827,2397066912.9458385,236575449.7123581,168059126.24146128,68516323.47089678,2465583236.416735,0.0830235439900867,0.9169764560099132,0,0,0,Đạt,2026-06-14
4056,12,4,4,2,827,63,56,7,834,2465583236.416735,177092676.8259213,195677303.6321781,-18584626.8062568,2446998609.6104784,0.0677146311970979,0.932285368802902,0,0,0,Đạt,2026-06-14
4057,1,4,4,3,690,32,12,20,710,2773178258.710001,129222802.9719958,39675920.21188054,89546882.76011527,2862725141.4701166,0.017391304347826,0.982608695652174,0,0,0,Đạt,2026-06-14
4058,2,4,4,3,710,33,64,-31,679,2862725141.4701166,150856106.7041106,219903658.25172696,-69047551.54761639,2793677589.9225,0.0901408450704225,0.9098591549295776,0,0,0,Đạt,2026-06-14
4059,3,4,4,3,679,74,20,54,733,2793677589.9225,335884649.39377034,72234924.99081011,263649724.40296024,3057327314.3254604,0.0294550810014727,0.9705449189985272,0,0,0,Đạt,2026-06-14
4060,4,4,4,3,733,90,9,81,814,3057327314.3254604,337998915.55706847,36991222.00618563,301007693.5508828,3358335007.8763437,0.0122783083219645,0.9877216916780356,0,0,0,Đạt,2026-06-14
4061,5,4,4,3,814,61,24,37,851,3358335007.8763437,208428648.03007495,103729440.55884364,104699207.47123136,3463034215.3475747,0.0294840294840294,0.9705159705159704,8,0,0,Cần kiểm tra,2026-06-14
4062,6,4,4,3,851,21,57,-36,815,3463034215.3475747,70591517.85043858,193247474.71841076,-122655956.86797217,3340378258.4796023,0.0669800235017626,0.9330199764982374,0,0,0,Đạt,2026-06-14
4063,7,4,4,3,815,70,78,-8,807,3340378258.4796023,270245040.4518275,355524560.9160652,-85279520.46423763,3255098738.0153646,0.0957055214723926,0.9042944785276074,0,0,0,Đạt,2026-06-14
4064,8,4,4,3,807,82,75,7,814,3255098738.0153646,313540364.4070179,278015113.5972393,35525250.80977857,3290623988.825144,0.0929368029739776,0.9070631970260224,0,0,0,Đạt,2026-06-14
4065,9,4,4,3,814,59,80,-21,793,3290623988.825144,209084800.28649232,359736105.8182443,-150651305.53175196,3139972683.293391,0.0982800982800982,0.9017199017199016,0,0,0,Đạt,2026-06-14
4066,10,4,4,3,793,91,48,43,836,3139972683.293391,372142486.8631439,225888228.23470843,146254258.62843543,3286226941.921827,0.0605296343001261,0.939470365699874,0,0,0,Đạt,2026-06-14
4067,11,4,4,3,836,24,42,-18,818,3286226941.921827,86859305.44737011,180845493.7530513,-93986188.3056812,3192240753.6161456,0.0502392344497607,0.9497607655502392,0,0,0,Đạt,2026-06-14
4068,12,4,4,3,818,66,34,32,850,3192240753.6161456,214060623.6374817,137120868.7109301,76939754.92655161,3269180508.5426974,0.0415647921760391,0.9584352078239609,0,0,0,Đạt,2026-06-14
4069,1,4,4,4,724,30,36,-6,718,1000674076.1840744,40119968.95969523,43960602.82646377,-3840633.866768539,996833442.3173058,0.0497237569060773,0.9502762430939228,0,0,0,Đạt,2026-06-14
4070,2,4,4,4,718,39,58,-19,699,996833442.3173058,55645120.4194487,89778804.52103254,-34133684.10158384,962699758.215722,0.0807799442896936,0.9192200557103064,0,0,0,Đạt,2026-06-14
4071,3,4,4,4,699,95,16,79,778,962699758.215722,147947464.3255304,18439456.85962333,129508007.46590708,1092207765.681629,0.0228898426323319,0.9771101573676682,0,0,0,Đạt,2026-06-14
4072,4,4,4,4,778,106,34,72,850,1092207765.681629,121852803.8687852,46525540.8030267,75327263.0657585,1167535028.7473874,0.0437017994858611,0.9562982005141388,0,0,0,Đạt,2026-06-14
4073,5,4,4,4,850,28,55,-27,823,1167535028.7473874,34843729.83183249,87586555.68358181,-52742825.85174932,1114792202.895638,0.0647058823529411,0.9352941176470588,0,0,0,Đạt,2026-06-14
4074,6,4,4,4,823,57,29,28,851,1114792202.895638,71010949.38441484,37333408.53754279,33677540.84687205,1148469743.74251,0.0352369380315917,0.9647630619684082,0,0,0,Đạt,2026-06-14
4075,7,4,4,4,851,59,20,39,890,1148469743.74251,85681438.52392319,22310124.69262011,63371313.83130308,1211841057.5738132,0.0235017626321974,0.9764982373678026,0,0,0,Đạt,2026-06-14
4076,8,4,4,4,890,97,86,11,901,1211841057.5738132,153429605.26718166,140465910.52444738,12963694.742734283,1224804752.3165474,0.096629213483146,0.903370786516854,0,0,0,Đạt,2026-06-14
4077,9,4,4,4,901,95,39,56,957,1224804752.3165474,105163070.40633217,56946164.79954916,48216905.606783,1273021657.9233303,0.0432852386237513,0.9567147613762486,0,0,0,Đạt,2026-06-14
4078,10,4,4,4,957,42,16,26,983,1273021657.9233303,61948564.41986967,21284801.9316395,40663762.48823017,1313685420.4115603,0.0167189132706374,0.9832810867293624,0,0,0,Đạt,2026-06-14
4079,11,4,4,4,983,31,65,-34,949,1313685420.4115603,36819694.79506916,93653141.7249988,-56833446.92992963,1256851973.4816308,0.0661241098677517,0.9338758901322484,0,0,0,Đạt,2026-06-14
4080,12,4,4,4,949,53,60,-7,942,1256851973.4816308,67805708.78250095,84580309.0615764,-16774600.279075444,1240077373.2025554,0.0632244467860906,0.9367755532139094,0,0,0,Đạt,2026-06-14
4081,1,4,4,5,253,33,15,18,271,468622839.8754692,70343541.10797875,28975487.537260707,41368053.57071804,509990893.44618726,0.0592885375494071,0.9407114624505928,0,0,0,Đạt,2026-06-14
4082,2,4,4,5,271,24,16,8,279,509990893.44618726,50414752.93293458,33768054.54560903,16646698.387325555,526637591.8335128,0.059040590405904,0.940959409594096,0,0,0,Đạt,2026-06-14
4083,3,4,4,5,279,15,18,-3,276,526637591.8335128,28272251.196833063,33580591.81359588,-5308340.616762813,521329251.21675,0.064516129032258,0.935483870967742,0,0,0,Đạt,2026-06-14
4084,4,4,4,5,276,22,19,3,279,521329251.21675,45006780.36216784,39811917.01737381,5194863.344794035,526524114.561544,0.0688405797101449,0.9311594202898552,0,0,0,Đạt,2026-06-14
4085,5,4,4,5,279,17,25,-8,271,526524114.561544,25506946.17137981,50714507.38085888,-25207561.209479075,501316553.3520649,0.089605734767025,0.910394265232975,5,0,0,Cần kiểm tra,2026-06-14
4086,6,4,4,5,271,8,17,-9,262,501316553.3520649,15843188.1906935,37586967.05683075,-21743778.866137248,479572774.4859277,0.062730627306273,0.9372693726937268,0,0,0,Đạt,2026-06-14
4087,7,4,4,5,262,36,3,33,295,479572774.4859277,67247561.77868648,5604436.112368681,61643125.6663178,541215900.1522454,0.0114503816793893,0.9885496183206108,0,0,0,Đạt,2026-06-14
4088,8,4,4,5,295,20,9,11,306,541215900.1522454,44223657.6271546,16375708.393860755,27847949.233293846,569063849.3855393,0.0305084745762711,0.9694915254237289,0,0,0,Đạt,2026-06-14
4089,9,4,4,5,306,6,9,-3,303,569063849.3855393,10123858.997244574,19634644.95673939,-9510785.959494814,559553063.4260445,0.0294117647058823,0.9705882352941176,0,0,0,Đạt,2026-06-14
4090,10,4,4,5,303,38,28,10,313,559553063.4260445,79893559.82056035,56424174.26241116,23469385.55814919,583022448.9841937,0.0924092409240924,0.9075907590759076,0,0,0,Đạt,2026-06-14
4091,11,4,4,5,313,10,16,-6,307,583022448.9841937,16572620.34722621,33461249.57105471,-16888629.2238285,566133819.7603651,0.0511182108626198,0.9488817891373802,0,0,0,Đạt,2026-06-14
4092,12,4,4,5,307,34,4,30,337,566133819.7603651,60011400.22423273,6848921.949042037,53162478.275190696,619296298.0355558,0.013029315960912,0.986970684039088,0,0,0,Đạt,2026-06-14
4093,1,4,4,6,477,54,12,42,519,342698594.1899548,33474158.826908056,7348428.733246762,26125730.093661293,368824324.28361607,0.0251572327044025,0.9748427672955976,0,0,0,Đạt,2026-06-14
4094,2,4,4,6,519,7,17,-10,509,368824324.28361607,4150226.7586799865,9955964.28509088,-5805737.526410895,363018586.7572052,0.0327552986512524,0.9672447013487476,0,0,0,Đạt,2026-06-14
4095,3,4,4,6,509,26,11,15,524,363018586.7572052,19419700.00472457,7907397.971891434,11512302.032833137,374530888.7900384,0.0216110019646365,0.9783889980353636,0,0,0,Đạt,2026-06-14
4096,4,4,4,6,524,64,38,26,550,374530888.7900384,44795142.6872169,22590467.76349069,22204674.92372621,396735563.71376455,0.0725190839694656,0.9274809160305344,0,0,0,Đạt,2026-06-14
4097,5,4,4,6,550,30,22,8,558,396735563.71376455,21907330.493323185,13145032.948424311,8762297.544898873,405497861.2586634,0.04,0.96,0,0,0,Đạt,2026-06-14
4098,6,4,4,6,558,11,44,-33,525,405497861.2586634,7174997.872123937,33221038.613479044,-26046040.741355103,379451820.5173083,0.078853046594982,0.921146953405018,0,0,0,Đạt,2026-06-14
4099,7,4,4,6,525,6,52,-46,479,379451820.5173083,4169686.3795972914,35503551.469682194,-31333865.090084903,348117955.4272234,0.099047619047619,0.900952380952381,0,0,0,Đạt,2026-06-14
4100,8,4,4,6,479,43,12,31,510,348117955.4272234,30720716.9262543,8065539.754093399,22655177.1721609,370773132.5993843,0.0250521920668058,0.974947807933194,0,0,0,Đạt,2026-06-14
4101,9,4,4,6,510,12,25,-13,497,370773132.5993843,8191268.232480069,20295212.194111567,-12103943.9616315,358669188.63775283,0.0490196078431372,0.9509803921568628,10,0,0,Cần kiểm tra,2026-06-14
4102,10,4,4,6,497,72,11,61,558,358669188.63775283,46140524.01285393,9433897.63425212,36706626.378601804,395375815.0163546,0.0221327967806841,0.977867203219316,0,0,0,Đạt,2026-06-14
4103,11,4,4,6,558,78,40,38,596,395375815.0163546,57864636.527171314,33558538.39214349,24306098.135027826,419681913.1513825,0.07168458781362,0.92831541218638,0,0,0,Đạt,2026-06-14
4104,12,4,4,6,596,56,18,38,634,419681913.1513825,36829819.78522204,10466131.477459343,26363688.307762694,446045601.4591451,0.0302013422818791,0.9697986577181208,0,0,0,Đạt,2026-06-14
4105,1,4,4,7,459,21,24,-3,456,1521719815.5362594,74308608.36756504,91964057.7133779,-17655449.345812857,1504064366.1904466,0.0522875816993464,0.9477124183006536,0,0,0,Đạt,2026-06-14
4106,2,4,4,7,456,41,15,26,482,1504064366.1904466,153877561.13225538,58628655.51556565,95248905.61668973,1599313271.8071363,0.0328947368421052,0.9671052631578948,0,0,0,Đạt,2026-06-14
4107,3,4,4,7,482,47,10,37,519,1599313271.8071363,132587621.42393053,28271623.657937933,104315997.7659926,1703629269.573129,0.0207468879668049,0.979253112033195,0,0,0,Đạt,2026-06-14
4108,4,4,4,7,519,41,23,18,537,1703629269.573129,125122734.110834,89941028.82718427,35181705.28364973,1738810974.8567786,0.0443159922928709,0.9556840077071292,0,0,0,Đạt,2026-06-14
4109,5,4,4,7,537,45,6,39,576,1738810974.8567786,153468932.8458629,18260011.89742098,135208920.94844192,1874019895.8052208,0.0111731843575419,0.988826815642458,0,0,0,Đạt,2026-06-14
4110,6,4,4,7,576,76,27,49,625,1874019895.8052208,232680327.4836008,88853369.82463826,143826957.6589625,2017846853.464183,0.046875,0.953125,5,0,3,Cần kiểm tra,2026-06-14
4111,7,4,4,7,625,50,28,22,647,2017846853.464183,148561529.94432375,100922457.82273956,47639072.12158418,2065485925.5857675,0.0448,0.9552,0,0,0,Đạt,2026-06-14
4112,8,4,4,7,647,72,59,13,660,2065485925.5857675,278048288.6138689,204346631.9114193,73701656.70244959,2139187582.2882168,0.0911901081916537,0.9088098918083464,0,0,0,Đạt,2026-06-14
4113,9,4,4,7,660,44,29,15,675,2139187582.2882168,159060980.45895842,83454089.35059106,75606891.10836735,2214794473.396584,0.0439393939393939,0.956060606060606,0,0,0,Đạt,2026-06-14
4114,10,4,4,7,675,72,19,53,728,2214794473.396584,237639411.18294737,70141609.81441928,167497801.36852807,2382292274.765112,0.0281481481481481,0.971851851851852,0,0,0,Đạt,2026-06-14
4115,11,4,4,7,728,8,51,-43,685,2382292274.765112,30169890.020068374,164920585.7874476,-134750695.76737922,2247541578.9977326,0.070054945054945,0.929945054945055,0,0,0,Đạt,2026-06-14
4116,12,4,4,7,685,42,26,16,701,2247541578.9977326,137858943.3466778,83588426.40280207,54270516.94387575,2301812095.9416084,0.037956204379562,0.962043795620438,0,0,0,Đạt,2026-06-14
4117,1,4,5,1,606,35,14,21,627,1946913825.2095976,103791281.22897977,52612691.0940249,51178590.134954855,1998092415.3445528,0.0231023102310231,0.976897689768977,0,0,0,Đạt,2026-06-14
4118,2,4,5,1,627,53,19,34,661,1998092415.3445528,203659933.69317076,62956797.78082574,140703135.912345,2138795551.2568977,0.0303030303030303,0.9696969696969696,0,0,0,Đạt,2026-06-14
4119,3,4,5,1,661,83,53,30,691,2138795551.2568977,272592983.909219,153466084.87157586,119126899.03764316,2257922450.294541,0.0801815431164901,0.9198184568835098,0,0,0,Đạt,2026-06-14
4120,4,4,5,1,691,91,32,59,750,2257922450.294541,329725365.3376847,119608025.02649654,210117340.31118816,2468039790.605729,0.0463096960926193,0.9536903039073806,0,0,0,Đạt,2026-06-14
4121,5,4,5,1,750,98,69,29,779,2468039790.605729,329825863.61337376,246879722.21777877,82946141.39559501,2550985932.001324,0.092,0.908,0,0,0,Đạt,2026-06-14
4122,6,4,5,1,779,40,56,-16,763,2550985932.001324,112343878.54670982,146436987.12185705,-34093108.57514723,2516892823.426177,0.0718870346598202,0.9281129653401796,0,0,0,Đạt,2026-06-14
4123,7,4,5,1,763,54,58,-4,759,2516892823.426177,151191062.05292225,216209284.19212872,-65018222.13920647,2451874601.2869706,0.0760157273918741,0.9239842726081258,0,0,0,Đạt,2026-06-14
4124,8,4,5,1,759,61,38,23,782,2451874601.2869706,207932951.8802603,143522574.8479833,64410377.03227699,2516284978.319248,0.0500658761528326,0.9499341238471674,0,0,0,Đạt,2026-06-14
4125,9,4,5,1,782,78,50,28,810,2516284978.319248,289350514.61940897,133931894.34228784,155418620.27712113,2671703598.596369,0.0639386189258312,0.9360613810741688,0,0,0,Đạt,2026-06-14
4126,10,4,5,1,810,73,67,6,816,2671703598.596369,195453030.71151808,176966933.63383496,18486097.07768312,2690189695.674052,0.082716049382716,0.917283950617284,0,0,0,Đạt,2026-06-14
4127,11,4,5,1,816,18,47,-29,787,2690189695.674052,68221590.3407395,169328960.52646023,-101107370.18572073,2589082325.488331,0.0575980392156862,0.9424019607843136,0,0,0,Đạt,2026-06-14
4128,12,4,5,1,787,67,54,13,800,2589082325.488331,240000736.58223093,149289170.79015213,90711565.7920788,2679793891.28041,0.0686149936467598,0.9313850063532402,0,0,0,Đạt,2026-06-14
4129,1,4,5,2,716,56,57,-1,715,2774462719.85337,188700484.25962615,198061311.89636397,-9360827.636737764,2765101892.2166324,0.079608938547486,0.920391061452514,0,0,0,Đạt,2026-06-14
4130,2,4,5,2,715,39,65,-26,689,2765101892.2166324,171319937.32353207,292626718.7927283,-121306781.46919625,2643795110.747436,0.0909090909090909,0.9090909090909092,0,0,0,Đạt,2026-06-14
4131,3,4,5,2,689,72,43,29,718,2643795110.747436,295676905.022688,182702152.1435497,112974752.87913826,2756769863.6265745,0.0624092888243831,0.9375907111756168,3,0,0,Cần kiểm tra,2026-06-14
4132,4,4,5,2,718,106,20,86,804,2756769863.6265745,396549317.6103162,77333629.78845912,319215687.8218571,3075985551.4484315,0.0278551532033426,0.9721448467966574,0,0,0,Đạt,2026-06-14
4133,5,4,5,2,804,29,12,17,821,3075985551.4484315,107539893.5718614,49560936.00733109,57978957.56453031,3133964509.012962,0.0149253731343283,0.9850746268656716,0,0,0,Đạt,2026-06-14
4134,6,4,5,2,821,87,41,46,867,3133964509.012962,289380946.7814133,151841281.6676784,137539665.11373493,3271504174.1266966,0.0499390986601705,0.9500609013398296,0,0,0,Đạt,2026-06-14
4135,7,4,5,2,867,115,85,30,897,3271504174.1266966,378994167.0747806,296829587.9535054,82164579.12127519,3353668753.2479715,0.0980392156862745,0.9019607843137256,0,0,0,Đạt,2026-06-14
4136,8,4,5,2,897,77,71,6,903,3353668753.2479715,264057348.00104845,323732353.6792079,-59675005.67815948,3293993747.569812,0.0791527313266443,0.9208472686733556,0,0,0,Đạt,2026-06-14
4137,9,4,5,2,903,35,77,-42,861,3293993747.569812,118756390.82907976,344052402.55174446,-225296011.7226647,3068697735.847147,0.0852713178294573,0.9147286821705426,0,0,0,Đạt,2026-06-14
4138,10,4,5,2,861,56,83,-27,834,3068697735.847147,181418253.2273737,304128695.48991513,-122710442.26254147,2945987293.5846057,0.0963995354239256,0.9036004645760743,0,0,0,Đạt,2026-06-14
4139,11,4,5,2,834,118,35,83,917,2945987293.5846057,369943195.9049837,153137934.6414391,216805261.26354453,3162792554.8481503,0.0419664268585131,0.9580335731414868,9,8,0,Cần kiểm tra,2026-06-14
4140,12,4,5,2,917,63,31,32,949,3162792554.8481503,214800812.2962882,141908812.8160889,72891999.48019928,3235684554.3283496,0.0338058887677208,0.9661941112322792,0,0,0,Đạt,2026-06-14
4141,1,4,5,3,561,15,6,9,570,503051235.2975077,12110201.53407844,5869933.984163059,6240267.549915381,509291502.847423,0.0106951871657754,0.9893048128342246,0,0,0,Đạt,2026-06-14
4142,2,4,5,3,570,8,34,-26,544,509291502.847423,7918391.956203797,27977077.418744616,-20058685.46254082,489232817.3848822,0.0596491228070175,0.9403508771929824,0,0,0,Đạt,2026-06-14
4143,3,4,5,3,544,13,45,-32,512,489232817.3848822,11145465.414020808,44905717.53007226,-33760252.11605146,455472565.2688308,0.0827205882352941,0.9172794117647058,0,0,0,Đạt,2026-06-14
4144,4,4,5,3,512,73,35,38,550,455472565.2688308,70714303.22538695,35674894.16740287,35039409.05798408,490511974.3268148,0.068359375,0.931640625,0,0,0,Đạt,2026-06-14
4145,5,4,5,3,550,72,48,24,574,490511974.3268148,60219982.16919324,46893555.99294996,13326426.176243275,503838400.5030581,0.0872727272727272,0.9127272727272728,0,0,0,Đạt,2026-06-14
4146,6,4,5,3,574,48,13,35,609,503838400.5030581,47565055.97223445,11776832.418425476,35788223.55380897,539626624.056867,0.0226480836236933,0.9773519163763066,0,0,0,Đạt,2026-06-14
4147,7,4,5,3,609,29,14,15,624,539626624.056867,26611869.04330245,10120454.620758545,16491414.422543911,556118038.4794109,0.0229885057471264,0.9770114942528736,0,0,0,Đạt,2026-06-14
4148,8,4,5,3,624,80,44,36,660,556118038.4794109,66371342.07521722,38282935.40107382,28088406.6741434,584206445.1535543,0.0705128205128205,0.9294871794871796,0,0,0,Đạt,2026-06-14
4149,9,4,5,3,660,14,20,-6,654,584206445.1535543,14212018.92470632,14979698.944474304,-767680.0197679829,583438765.1337863,0.0303030303030303,0.9696969696969696,0,0,0,Đạt,2026-06-14
4150,10,4,5,3,654,59,23,36,690,583438765.1337863,60493866.62461784,21722897.55877796,38770969.06583987,622209734.1996262,0.0351681957186544,0.9648318042813456,0,0,0,Đạt,2026-06-14
4151,11,4,5,3,690,27,19,8,698,622209734.1996262,27920305.2207119,16400417.071413249,11519888.149298651,633729622.3489249,0.0275362318840579,0.972463768115942,0,0,0,Đạt,2026-06-14
4152,12,4,5,3,698,62,29,33,731,633729622.3489249,49279781.4036147,22624239.79356071,26655541.61005399,660385163.9589789,0.0415472779369627,0.9584527220630372,0,0,0,Đạt,2026-06-14
4153,1,4,5,4,666,48,16,32,698,1502522186.2132246,119811641.54100785,42534543.45286432,77277098.08814351,1579799284.3013682,0.024024024024024,0.975975975975976,0,0,0,Đạt,2026-06-14
4154,2,4,5,4,698,42,64,-22,676,1579799284.3013682,78772322.74147068,160308239.87297523,-81535917.13150455,1498263367.1698637,0.0916905444126074,0.9083094555873924,0,0,0,Đạt,2026-06-14
4155,3,4,5,4,676,32,53,-21,655,1498263367.1698637,68251671.74149448,127411686.57704876,-59160014.83555429,1439103352.334309,0.0784023668639053,0.9215976331360948,0,0,0,Đạt,2026-06-14
4156,4,4,5,4,655,36,36,0,655,1439103352.334309,74680681.23642913,74271998.44783056,408682.7885985673,1439512035.122908,0.0549618320610687,0.9450381679389313,0,0,0,Đạt,2026-06-14
4157,5,4,5,4,655,86,16,70,725,1439512035.122908,156764337.79796606,33782889.27150612,122981448.52645992,1562493483.6493678,0.0244274809160305,0.9755725190839696,0,0,0,Đạt,2026-06-14
4158,6,4,5,4,725,80,51,29,754,1562493483.6493678,187982108.10816115,134702289.88293284,53279818.22522831,1615773301.874596,0.0703448275862069,0.9296551724137933,0,0,0,Đạt,2026-06-14
4159,7,4,5,4,754,98,29,69,823,1615773301.874596,203096589.40359333,73991345.05059937,129105244.35299397,1744878546.22759,0.0384615384615384,0.9615384615384616,0,0,0,Đạt,2026-06-14
4160,8,4,5,4,823,98,70,28,851,1744878546.22759,215251873.2559046,157233438.87696648,58018434.37893811,1802896980.6065283,0.0850546780072904,0.9149453219927096,0,0,0,Đạt,2026-06-14
4161,9,4,5,4,851,13,70,-57,794,1802896980.6065283,32061971.56741941,127507625.68713968,-95445654.11972028,1707451326.486808,0.0822561692126909,0.917743830787309,0,0,0,Đạt,2026-06-14
4162,10,4,5,4,794,104,53,51,845,1707451326.486808,241430012.49349132,102979730.40500422,138450282.08848715,1845901608.5752952,0.0667506297229219,0.933249370277078,0,0,0,Đạt,2026-06-14
4163,11,4,5,4,845,9,28,-19,826,1845901608.5752952,24001263.16309512,64363752.498631954,-40362489.33553684,1805539119.2397585,0.0331360946745562,0.9668639053254438,0,0,0,Đạt,2026-06-14
4164,12,4,5,4,826,118,29,89,915,1805539119.2397585,293999928.4924591,67624697.03245877,226375231.46000037,2031914350.6997588,0.0351089588377723,0.9648910411622276,4,8,0,Cần kiểm tra,2026-06-14
4165,1,4,5,5,362,14,35,-21,341,657364716.083118,25410694.99810714,53822943.07644857,-28412248.07834143,628952468.0047765,0.0966850828729281,0.9033149171270718,0,0,0,Đạt,2026-06-14
4166,2,4,5,5,341,26,6,20,361,628952468.0047765,50859796.81719168,9668951.13552285,41190845.68166883,670143313.6864454,0.0175953079178885,0.9824046920821116,0,0,0,Đạt,2026-06-14
4167,3,4,5,5,361,37,27,10,371,670143313.6864454,79146543.09515703,56827855.6963246,22318687.398832425,692462001.0852778,0.074792243767313,0.925207756232687,0,0,0,Đạt,2026-06-14
4168,4,4,5,5,371,51,9,42,413,692462001.0852778,98467949.54837088,17059235.21592097,81408714.3324499,773870715.4177277,0.0242587601078167,0.9757412398921832,0,0,0,Đạt,2026-06-14
4169,5,4,5,5,413,25,13,12,425,773870715.4177277,45256253.67415898,24273867.05282127,20982386.62133771,794853102.0390654,0.0314769975786924,0.9685230024213076,0,0,0,Đạt,2026-06-14
4170,6,4,5,5,425,36,40,-4,421,794853102.0390654,73060772.70619857,75544973.1749728,-2484200.4687742293,792368901.5702912,0.0941176470588235,0.9058823529411764,0,0,0,Đạt,2026-06-14
4171,7,4,5,5,421,36,41,-5,416,792368901.5702912,58572929.52871121,88269847.503698,-29696917.9749868,762671983.5953044,0.0973871733966745,0.9026128266033254,0,0,0,Đạt,2026-06-14
4172,8,4,5,5,416,40,6,34,450,762671983.5953044,69100628.45625384,11856693.888264649,57243934.56798919,819915918.1632936,0.0144230769230769,0.9855769230769232,0,0,0,Đạt,2026-06-14
4173,9,4,5,5,450,12,43,-31,419,819915918.1632936,21559993.51364687,89635782.03096944,-68075788.51732257,751840129.6459711,0.0955555555555555,0.9044444444444444,0,0,0,Đạt,2026-06-14
4174,10,4,5,5,419,34,14,20,439,751840129.6459711,73222696.85563569,21796064.26983708,51426632.58579861,803266762.2317697,0.0334128878281622,0.9665871121718376,0,0,0,Đạt,2026-06-14
4175,11,4,5,5,439,32,28,4,443,803266762.2317697,67637266.02715895,46973762.4102435,20663503.61691545,823930265.8486851,0.0637813211845102,0.9362186788154896,0,0,0,Đạt,2026-06-14
4176,12,4,5,5,443,44,39,5,448,823930265.8486851,67590600.5773293,73426872.2659633,-5836271.688634008,818093994.1600511,0.0880361173814898,0.91196388261851,0,0,0,Đạt,2026-06-14
4177,1,4,5,6,783,64,78,-14,769,2627945762.034069,210175966.670528,268900017.91945213,-58724051.24892411,2569221710.7851453,0.0996168582375478,0.9003831417624522,0,0,0,Đạt,2026-06-14
4178,2,4,5,6,769,58,44,14,783,2569221710.7851453,196758687.01058003,149524229.80204156,47234457.20853847,2616456167.993684,0.0572171651495448,0.9427828348504552,0,0,0,Đạt,2026-06-14
4179,3,4,5,6,783,72,44,28,811,2616456167.993684,221554561.1970248,121833510.31898518,99721050.87803964,2716177218.871724,0.0561941251596424,0.9438058748403576,0,0,0,Đạt,2026-06-14
4180,4,4,5,6,811,74,61,13,824,2716177218.871724,255133136.11669263,199898397.60607773,55234738.5106149,2771411957.3823385,0.0752157829839704,0.9247842170160296,0,0,0,Đạt,2026-06-14
4181,5,4,5,6,824,9,36,-27,797,2771411957.3823385,34833788.30550586,105806231.36283566,-70972443.0573298,2700439514.325009,0.0436893203883495,0.9563106796116504,0,0,0,Đạt,2026-06-14
4182,6,4,5,6,797,80,21,59,856,2700439514.325009,296110078.4079254,64849236.52517088,231260841.88275456,2931700356.207764,0.0263488080301129,0.973651191969887,0,0,0,Đạt,2026-06-14
4183,7,4,5,6,856,74,52,22,878,2931700356.207764,223735549.18462735,194734099.31553137,29001449.86909601,2960701806.0768595,0.0607476635514018,0.9392523364485982,0,0,0,Đạt,2026-06-14
4184,8,4,5,6,878,43,55,-12,866,2960701806.0768595,167597095.05350357,206565054.0291711,-38967958.975667536,2921733847.101192,0.0626423690205011,0.9373576309794988,0,0,0,Đạt,2026-06-14
4185,9,4,5,6,866,103,37,66,932,2921733847.101192,337183685.9435569,128297925.1010804,208885760.8424765,3130619607.9436684,0.0427251732101616,0.9572748267898384,7,0,0,Cần kiểm tra,2026-06-14
4186,10,4,5,6,932,116,48,68,1000,3130619607.9436684,373372075.08368623,153913366.15848368,219458708.92520252,3350078316.8688707,0.0515021459227467,0.9484978540772532,0,0,0,Đạt,2026-06-14
4187,11,4,5,6,1000,44,63,-19,981,3350078316.8688707,148589380.014088,211066380.96468684,-62477000.95059884,3287601315.918272,0.063,0.937,0,0,0,Đạt,2026-06-14
4188,12,4,5,6,981,126,43,83,1064,3287601315.918272,469205652.6217116,142036621.04237854,327169031.57933307,3614770347.497605,0.0438328236493374,0.9561671763506626,0,0,0,Đạt,2026-06-14
4189,1,4,5,7,350,6,12,-6,344,1526111248.1041255,22378516.56561787,53488355.83517499,-31109839.26955712,1495001408.8345685,0.0342857142857142,0.9657142857142856,0,0,0,Đạt,2026-06-14
4190,2,4,5,7,344,22,5,17,361,1495001408.8345685,97791740.02910195,24898137.612861656,72893602.4162403,1567895011.2508087,0.0145348837209302,0.9854651162790696,0,0,0,Đạt,2026-06-14
4191,3,4,5,7,361,25,28,-3,358,1567895011.2508087,106120547.21578832,144648022.21160653,-38527474.99581821,1529367536.2549906,0.077562326869806,0.922437673130194,0,0,0,Đạt,2026-06-14
4192,4,4,5,7,358,36,18,18,376,1529367536.2549906,155789402.29564938,73877960.07569475,81911442.21995462,1611278978.4749453,0.0502793296089385,0.9497206703910616,0,0,0,Đạt,2026-06-14
4193,5,4,5,7,376,29,34,-5,371,1611278978.4749453,133442377.55132972,146710215.93949547,-13267838.388165755,1598011140.0867796,0.0904255319148936,0.9095744680851064,0,0,0,Đạt,2026-06-14
4194,6,4,5,7,371,30,10,20,391,1598011140.0867796,126431733.33914034,38811283.80136812,87620449.53777222,1685631589.6245518,0.0269541778975741,0.973045822102426,0,0,0,Đạt,2026-06-14
4195,7,4,5,7,391,11,36,-25,366,1685631589.6245518,39056659.66287183,142591571.84740397,-103534912.18453214,1582096677.4400196,0.0920716112531969,0.907928388746803,0,0,0,Đạt,2026-06-14
4196,8,4,5,7,366,20,35,-15,351,1582096677.4400196,71613193.06290959,155292232.12906456,-83679039.06615497,1498417638.373865,0.0956284153005464,0.9043715846994536,0,0,0,Đạt,2026-06-14
4197,9,4,5,7,351,50,5,45,396,1498417638.373865,231687868.42567536,24174123.21036956,207513745.2153058,1705931383.5891705,0.0142450142450142,0.9857549857549858,0,0,0,Đạt,2026-06-14
4198,10,4,5,7,396,40,29,11,407,1705931383.5891705,161211936.40202242,122162487.46350108,39049448.93852134,1744980832.5276918,0.0732323232323232,0.9267676767676768,0,0,0,Đạt,2026-06-14
4199,11,4,5,7,407,10,31,-21,386,1744980832.5276918,41442036.11747127,152737102.74488917,-111295066.62741788,1633685765.900274,0.0761670761670761,0.9238329238329238,0,0,0,Đạt,2026-06-14
4200,12,4,5,7,386,40,29,11,397,1633685765.900274,187538931.98474893,106689375.45611168,80849556.52863725,1714535322.4289112,0.0751295336787564,0.9248704663212436,0,0,0,Đạt,2026-06-14
4201,1,4,6,1,259,9,20,-11,248,976845702.9961032,40294581.09659234,80589753.3875956,-40295172.29100326,936550530.7051,0.0772200772200772,0.9227799227799228,0,0,0,Đạt,2026-06-14
4202,2,4,6,1,248,11,7,4,252,936550530.7051,48434940.99239006,24207799.805371925,24227141.187018134,960777671.892118,0.0282258064516129,0.9717741935483872,0,0,0,Đạt,2026-06-14
4203,3,4,6,1,252,7,11,-4,248,960777671.892118,29174744.20550327,48342109.64158502,-19167365.436081752,941610306.4560364,0.0436507936507936,0.9563492063492064,0,0,0,Đạt,2026-06-14
4204,4,4,6,1,248,8,10,-2,246,941610306.4560364,31085865.75023745,43200950.05160633,-12115084.301368875,929495222.1546676,0.0403225806451612,0.9596774193548387,0,0,0,Đạt,2026-06-14
4205,5,4,6,1,246,30,17,13,259,929495222.1546676,114011009.1214193,68231823.58115886,45779185.540260434,975274407.694928,0.0691056910569105,0.9308943089430894,0,0,0,Đạt,2026-06-14
4206,6,4,6,1,259,3,11,-8,251,975274407.694928,12020900.578730142,41128766.35935275,-29107865.78062261,946166541.9143052,0.0424710424710424,0.9575289575289576,0,0,0,Đạt,2026-06-14
4207,7,4,6,1,251,7,15,-8,243,946166541.9143052,21864171.71546424,61968709.07236835,-40104537.35690411,906062004.5574012,0.0597609561752988,0.9402390438247012,0,0,0,Đạt,2026-06-14
4208,8,4,6,1,243,7,15,-8,235,906062004.5574012,21655262.02501344,49310132.52565453,-27654870.500641096,878407134.0567601,0.0617283950617283,0.9382716049382716,0,0,0,Đạt,2026-06-14
4209,9,4,6,1,235,9,13,-4,231,878407134.0567601,35837911.70704993,42818021.39860366,-6980109.691553734,871427024.3652064,0.0553191489361702,0.9446808510638298,0,0,0,Đạt,2026-06-14
4210,10,4,6,1,231,23,16,7,238,871427024.3652064,100624938.04659995,58102538.33525262,42522399.71134735,913949424.0765536,0.0692640692640692,0.9307359307359307,0,0,0,Đạt,2026-06-14
4211,11,4,6,1,238,19,13,6,244,913949424.0765536,63127062.61004416,47392123.37122256,15734939.238821596,929684363.3153752,0.0546218487394958,0.9453781512605042,0,0,0,Đạt,2026-06-14
4212,12,4,6,1,244,10,22,-12,232,929684363.3153752,39652609.32242183,78755811.58940971,-39103202.26698788,890581161.0483874,0.0901639344262295,0.9098360655737704,1,0,4,Cần kiểm tra,2026-06-14
4213,1,4,6,2,453,51,7,44,497,1017616764.455857,97044902.63241844,13567103.001531985,83477799.63088647,1101094564.0867436,0.0154525386313465,0.9845474613686536,0,0,0,Đạt,2026-06-14
4214,2,4,6,2,497,25,49,-24,473,1101094564.0867436,54450547.85104888,92281207.57197976,-37830659.72093087,1063263904.3658128,0.0985915492957746,0.9014084507042254,0,0,0,Đạt,2026-06-14
4215,3,4,6,2,473,24,9,15,488,1063263904.3658128,54343002.98591765,17881023.641750805,36461979.344166845,1099725883.7099795,0.0190274841437632,0.9809725158562368,0,0,0,Đạt,2026-06-14
4216,4,4,6,2,488,70,33,37,525,1099725883.7099795,130858891.24252345,79795656.6721745,51063234.57034895,1150789118.2803285,0.0676229508196721,0.9323770491803278,0,0,0,Đạt,2026-06-14
4217,5,4,6,2,525,8,47,-39,486,1150789118.2803285,16086975.52003576,118803090.1667669,-102716114.64673114,1048073003.6335974,0.0895238095238095,0.9104761904761904,0,0,0,Đạt,2026-06-14
4218,6,4,6,2,486,65,14,51,537,1048073003.6335974,136567320.75923863,35452417.34773573,101114903.4115029,1149187907.0451002,0.0288065843621399,0.97119341563786,0,0,0,Đạt,2026-06-14
4219,7,4,6,2,537,43,11,32,569,1149187907.0451002,112726032.80918951,29403510.905403648,83322521.90378588,1232510428.9488862,0.0204841713221601,0.9795158286778398,0,0,0,Đạt,2026-06-14
4220,8,4,6,2,569,47,44,3,572,1232510428.9488862,116735277.4468665,91841512.76504704,24893764.68181947,1257404193.6307056,0.0773286467486819,0.922671353251318,0,0,0,Đạt,2026-06-14
4221,9,4,6,2,572,46,55,-9,563,1257404193.6307056,108964391.62367274,104120634.57586455,4843757.04780817,1262247950.6785138,0.0961538461538461,0.903846153846154,3,9,0,Cần kiểm tra,2026-06-14
4222,10,4,6,2,563,20,38,-18,545,1262247950.6785138,47798887.84740824,68946390.48064964,-21147502.633241396,1241100448.0452724,0.0674955595026643,0.9325044404973356,0,0,0,Đạt,2026-06-14
4223,11,4,6,2,545,50,23,27,572,1241100448.0452724,114535361.95459844,49699649.92821626,64835712.02638218,1305936160.0716546,0.0422018348623853,0.9577981651376146,0,0,0,Đạt,2026-06-14
4224,12,4,6,2,572,66,13,53,625,1305936160.0716546,130910605.71080583,28226570.9481172,102684034.76268864,1408620194.8343432,0.0227272727272727,0.9772727272727272,1,0,3,Cần kiểm tra,2026-06-14
4225,1,4,6,3,718,85,12,73,791,2696572551.415486,274620047.38874584,37812116.1601081,236807931.22863773,2933380482.644124,0.0167130919220055,0.9832869080779943,0,0,0,Đạt,2026-06-14
4226,2,4,6,3,791,78,12,66,857,2933380482.644124,322186406.62571174,52895743.63786669,269290662.98784506,3202671145.6319685,0.0151706700379266,0.9848293299620732,0,0,0,Đạt,2026-06-14
4227,3,4,6,3,857,78,39,39,896,3202671145.6319685,301423682.2600104,141479472.78796455,159944209.47204587,3362615355.1040144,0.0455075845974329,0.9544924154025672,0,0,0,Đạt,2026-06-14
4228,4,4,6,3,896,41,83,-42,854,3362615355.1040144,159133934.48333094,314498923.503012,-155364989.01968107,3207250366.0843334,0.0926339285714285,0.9073660714285714,0,0,0,Đạt,2026-06-14
4229,5,4,6,3,854,48,45,3,857,3207250366.0843334,154986491.2548994,196179359.62076268,-41192868.36586326,3166057497.71847,0.0526932084309133,0.9473067915690868,0,0,0,Đạt,2026-06-14
4230,6,4,6,3,857,16,58,-42,815,3166057497.71847,67321768.26314692,220367830.7038722,-153046062.44072527,3013011435.277745,0.0676779463243874,0.9323220536756126,0,0,0,Đạt,2026-06-14
4231,7,4,6,3,815,88,54,34,849,3013011435.277745,368913415.50514543,236220598.0130332,132692817.49211223,3145704252.769857,0.0662576687116564,0.9337423312883436,0,0,0,Đạt,2026-06-14
4232,8,4,6,3,849,66,75,-9,840,3145704252.769857,269868005.7412096,235938520.43344983,33929485.3077597,3179633738.0776167,0.0883392226148409,0.911660777385159,0,0,0,Đạt,2026-06-14
4233,9,4,6,3,840,12,40,-28,812,3179633738.0776167,39447915.45859776,164595144.07474488,-125147228.61614712,3054486509.4614697,0.0476190476190476,0.9523809523809524,0,0,0,Đạt,2026-06-14
4234,10,4,6,3,812,91,16,75,887,3054486509.4614697,277075790.09830195,69290139.59794514,207785650.5003568,3262272159.9618263,0.0197044334975369,0.9802955665024632,0,0,0,Đạt,2026-06-14
4235,11,4,6,3,887,132,61,71,958,3262272159.9618263,548004334.9573212,192143416.6971889,355860918.2601322,3618133078.221959,0.068771138669673,0.931228861330327,0,0,0,Đạt,2026-06-14
4236,12,4,6,3,958,116,17,99,1057,3618133078.221959,513430071.8981693,75064912.1592592,438365159.7389101,4056498237.960869,0.0177453027139874,0.9822546972860126,0,0,0,Đạt,2026-06-14
4237,1,4,6,4,588,71,53,18,606,1494446179.4507208,167587130.73183218,142360819.4520167,25226311.279815465,1519672490.7305362,0.0901360544217687,0.9098639455782312,0,0,0,Đạt,2026-06-14
4238,2,4,6,4,606,45,29,16,622,1519672490.7305362,102779696.21554416,62249105.273058616,40530590.94248555,1560203081.6730218,0.0478547854785478,0.9521452145214522,0,0,0,Đạt,2026-06-14
4239,3,4,6,4,622,31,41,-10,612,1560203081.6730218,86063471.358181,94650888.21552011,-8587416.857339129,1551615664.8156826,0.0659163987138263,0.9340836012861736,0,0,0,Đạt,2026-06-14
4240,4,4,6,4,612,87,28,59,671,1551615664.8156826,260365303.2176104,75997783.16322826,184367520.05438212,1735983184.8700647,0.0457516339869281,0.954248366013072,0,0,0,Đạt,2026-06-14
4241,5,4,6,4,671,83,27,56,727,1735983184.8700647,198373716.2983356,72170487.37986988,126203228.91846572,1862186413.7885303,0.0402384500745156,0.9597615499254843,0,0,0,Đạt,2026-06-14
4242,6,4,6,4,727,11,46,-35,692,1862186413.7885303,24230788.199339382,101243381.16550544,-77012592.96616605,1785173820.8223643,0.0632737276478679,0.936726272352132,1,0,0,Cần kiểm tra,2026-06-14
4243,7,4,6,4,692,69,48,21,713,1785173820.8223643,207747821.74224347,133891628.63006948,73856193.11217399,1859030013.9345384,0.0693641618497109,0.930635838150289,0,0,0,Đạt,2026-06-14
4244,8,4,6,4,713,28,62,-34,679,1859030013.9345384,62887198.86731663,169788908.00736725,-106901709.14005062,1752128304.7944877,0.0869565217391304,0.9130434782608696,0,0,0,Đạt,2026-06-14
4245,9,4,6,4,679,64,49,15,694,1752128304.7944877,146176247.4701523,103868477.91222088,42307769.55793142,1794436074.3524191,0.0721649484536082,0.9278350515463918,0,0,0,Đạt,2026-06-14
4246,10,4,6,4,694,88,16,72,766,1794436074.3524191,190187109.66261727,36762257.55026781,153424852.11234945,1947860926.464769,0.0230547550432276,0.9769452449567724,0,0,0,Đạt,2026-06-14
4247,11,4,6,4,766,78,74,4,770,1947860926.464769,171353680.41800818,220912474.61819103,-49558794.200182855,1898302132.2645855,0.0966057441253263,0.9033942558746736,0,0,0,Đạt,2026-06-14
4248,12,4,6,4,770,49,42,7,777,1898302132.2645855,119411396.182217,85987627.69453067,33423768.487686336,1931725900.752272,0.0545454545454545,0.9454545454545454,0,0,0,Đạt,2026-06-14
4249,1,4,6,5,506,64,21,43,549,332337439.03324354,35120256.759656735,12891151.952514073,22229104.807142664,354566543.8403862,0.0415019762845849,0.958498023715415,0,0,0,Đạt,2026-06-14
4250,2,4,6,5,549,41,45,-4,545,354566543.8403862,26901167.092995357,33922612.63498941,-7021445.541994058,347545098.2983922,0.081967213114754,0.918032786885246,0,0,0,Đạt,2026-06-14
4251,3,4,6,5,545,65,17,48,593,347545098.2983922,38896043.625977874,11714406.10959816,27181637.516379718,374726735.8147719,0.0311926605504587,0.9688073394495412,0,0,0,Đạt,2026-06-14
4252,4,4,6,5,593,27,35,-8,585,374726735.8147719,18531795.596543077,26374109.048782457,-7842313.452239383,366884422.3625325,0.0590219224283305,0.9409780775716696,0,0,0,Đạt,2026-06-14
4253,5,4,6,5,585,80,16,64,649,366884422.3625325,59873339.7692535,11258441.757067095,48614898.01218641,415499320.3747189,0.0273504273504273,0.9726495726495726,0,0,0,Đạt,2026-06-14
4254,6,4,6,5,649,9,15,-6,643,415499320.3747189,6083043.183109854,9833231.153946595,-3750187.970836741,411749132.40388215,0.0231124807395993,0.9768875192604006,0,0,0,Đạt,2026-06-14
4255,7,4,6,5,643,49,16,33,676,411749132.40388215,29452254.94289374,12200284.584300494,17251970.358593248,429001102.7624754,0.0248833592534992,0.9751166407465008,0,0,0,Đạt,2026-06-14
4256,8,4,6,5,676,38,49,-11,665,429001102.7624754,21775597.56955545,37010033.995001584,-15234436.42544613,413766666.3370292,0.0724852071005917,0.9275147928994084,0,0,0,Đạt,2026-06-14
4257,9,4,6,5,665,89,56,33,698,413766666.3370292,53834054.2264417,41647745.25572326,12186308.970718436,425952975.30774766,0.0842105263157894,0.9157894736842104,0,0,0,Đạt,2026-06-14
4258,10,4,6,5,698,76,48,28,726,425952975.30774766,55054198.86323859,35391234.32913039,19662964.5341082,445615939.8418559,0.0687679083094555,0.9312320916905444,0,0,0,Đạt,2026-06-14
4259,11,4,6,5,726,48,50,-2,724,445615939.8418559,36883921.94924782,36202995.9572429,680925.9920049235,446296865.8338608,0.0688705234159779,0.931129476584022,0,0,0,Đạt,2026-06-14
4260,12,4,6,5,724,97,53,44,768,446296865.8338608,74255057.25933865,37724381.96122618,36530675.29811247,482827541.13197327,0.0732044198895027,0.9267955801104972,0,0,0,Đạt,2026-06-14
4261,1,4,6,6,223,22,5,17,240,991011594.8139244,111827805.49204576,25570535.97428306,86257269.51776269,1077268864.331687,0.0224215246636771,0.9775784753363228,0,0,0,Đạt,2026-06-14
4262,2,4,6,6,240,27,20,7,247,1077268864.331687,117314548.6358124,93047947.0943646,24266601.541447774,1101535465.8731349,0.0833333333333333,0.9166666666666666,0,0,0,Đạt,2026-06-14
4263,3,4,6,6,247,34,16,18,265,1101535465.8731349,159772688.14980364,76863075.30265328,82909612.84715036,1184445078.7202852,0.0647773279352226,0.9352226720647774,0,0,0,Đạt,2026-06-14
4264,4,4,6,6,265,30,17,13,278,1184445078.7202852,159806332.33880913,61197069.51504394,98609262.8237652,1283054341.5440505,0.0641509433962264,0.9358490566037736,0,0,0,Đạt,2026-06-14
4265,5,4,6,6,278,18,10,8,286,1283054341.5440505,72189683.11187892,48493431.78094957,23696251.330929343,1306750592.8749795,0.0359712230215827,0.9640287769784172,0,0,0,Đạt,2026-06-14
4266,6,4,6,6,286,15,9,6,292,1306750592.8749795,66943891.40407432,39116300.43601931,27827590.96805501,1334578183.8430347,0.0314685314685314,0.9685314685314684,0,0,0,Đạt,2026-06-14
4267,7,4,6,6,292,40,3,37,329,1334578183.8430347,200723314.3034995,13477035.315338098,187246278.98816136,1521824462.831196,0.0102739726027397,0.9897260273972602,0,0,0,Đạt,2026-06-14
4268,8,4,6,6,329,22,32,-10,319,1521824462.831196,95703856.64008392,151380485.9636839,-55676629.3236,1466147833.507596,0.0972644376899696,0.9027355623100304,0,0,0,Đạt,2026-06-14
4269,9,4,6,6,319,3,12,-9,310,1466147833.507596,11971570.953466812,54468264.61876204,-42496693.66529523,1423651139.842301,0.0376175548589341,0.962382445141066,0,0,0,Đạt,2026-06-14
4270,10,4,6,6,310,28,25,3,313,1423651139.842301,112354872.00210662,119939961.74781476,-7585089.745708153,1416066050.096593,0.0806451612903225,0.9193548387096774,0,0,0,Đạt,2026-06-14
4271,11,4,6,6,313,19,10,9,322,1416066050.096593,86046491.91777958,51016601.68469907,35029890.23308051,1451095940.3296733,0.0319488817891373,0.9680511182108626,0,0,0,Đạt,2026-06-14
4272,12,4,6,6,322,43,21,22,344,1451095940.3296733,214244273.82868257,100498745.6402504,113745528.18843216,1564841468.5181055,0.0652173913043478,0.9347826086956522,0,0,0,Đạt,2026-06-14
4273,1,4,6,7,575,84,17,67,642,387626248.6963506,57748712.9883338,13332491.176349208,44416221.81198459,432042470.5083352,0.0295652173913043,0.9704347826086956,0,0,0,Đạt,2026-06-14
4274,2,4,6,7,642,51,21,30,672,432042470.5083352,29893263.779913858,14349755.628467066,15543508.151446791,447585978.659782,0.0327102803738317,0.9672897196261684,0,0,0,Đạt,2026-06-14
4275,3,4,6,7,672,86,28,58,730,447585978.659782,51251946.51064897,19666955.729897782,31584990.780751187,479170969.4405332,0.0416666666666666,0.9583333333333334,0,0,0,Đạt,2026-06-14
4276,4,4,6,7,730,99,10,89,819,479170969.4405332,70936531.68806121,6561168.12394426,64375363.56411695,543546333.0046501,0.0136986301369863,0.9863013698630136,0,0,0,Đạt,2026-06-14
4277,5,4,6,7,819,29,47,-18,801,543546333.0046501,20273772.459066816,32728632.561759874,-12454860.10269306,531091472.901957,0.0573870573870573,0.9426129426129426,0,0,0,Đạt,2026-06-14
4278,6,4,6,7,801,51,12,39,840,531091472.901957,39106749.72210437,8012830.103462216,31093919.618642155,562185392.5205992,0.0149812734082397,0.9850187265917604,0,0,0,Đạt,2026-06-14
4279,7,4,6,7,840,45,22,23,863,562185392.5205992,28672992.717535883,14772329.738821805,13900662.97871408,576086055.4993134,0.0261904761904761,0.9738095238095238,0,0,0,Đạt,2026-06-14
4280,8,4,6,7,863,76,47,29,892,576086055.4993134,58984745.0075862,36186053.07424223,22798691.93334397,598884747.4326574,0.0544611819235225,0.9455388180764774,0,0,0,Đạt,2026-06-14
4281,9,4,6,7,892,130,15,115,1007,598884747.4326574,92252255.94124883,9766913.573619409,82485342.36762942,681370089.8002868,0.0168161434977578,0.9831838565022422,0,0,0,Đạt,2026-06-14
4282,10,4,6,7,1007,12,40,-28,979,681370089.8002868,7886555.69154953,30880905.46406577,-22994349.772516243,658375740.0277705,0.0397219463753723,0.9602780536246276,0,0,0,Đạt,2026-06-14
4283,11,4,6,7,979,127,63,64,1043,658375740.0277705,99191288.7866197,36327354.17350041,62863934.61311928,721239674.6408898,0.0643513789581205,0.9356486210418796,0,0,0,Đạt,2026-06-14
4284,12,4,6,7,1043,144,69,75,1118,721239674.6408898,92409938.45409384,42033375.05224711,50376563.40184674,771616238.0427365,0.0661553211888782,0.9338446788111218,0,0,0,Đạt,2026-06-14
4285,1,4,7,1,47,4,0,4,51,219111699.37430567,21895914.81431528,0.0,21895914.81431528,241007614.18862092,0.0,1.0,0,0,0,Đạt,2026-06-14
4286,2,4,7,1,51,7,2,5,56,241007614.18862092,28710585.24518312,11058536.654068872,17652048.59111425,258659662.7797352,0.0392156862745098,0.9607843137254902,0,0,0,Đạt,2026-06-14
4287,3,4,7,1,56,8,1,7,63,258659662.7797352,31349345.482361075,5561646.015004135,25787699.46735694,284447362.2470921,0.0178571428571428,0.9821428571428572,0,0,0,Đạt,2026-06-14
4288,4,4,7,1,63,4,3,1,64,284447362.2470921,14982578.647375876,14802370.85460289,180207.792772986,284627570.03986514,0.0476190476190476,0.9523809523809524,0,0,0,Đạt,2026-06-14
4289,5,4,7,1,64,6,5,1,65,284627570.03986514,23975245.48356629,26579713.09187126,-2604467.60830497,282023102.43156016,0.078125,0.921875,0,0,0,Đạt,2026-06-14
4290,6,4,7,1,65,8,3,5,70,282023102.43156016,40022545.91488314,15109037.889092792,24913508.025790345,306936610.4573505,0.0461538461538461,0.9538461538461538,0,0,0,Đạt,2026-06-14
4291,7,4,7,1,70,6,1,5,75,306936610.4573505,33485238.22404364,4131911.705736596,29353326.51830704,336289936.9756575,0.0142857142857142,0.9857142857142858,4,9,0,Cần kiểm tra,2026-06-14
4292,8,4,7,1,75,6,5,1,76,336289936.9756575,27719164.46342196,21743751.40573857,5975413.057683393,342265350.03334093,0.0666666666666666,0.9333333333333332,0,0,0,Đạt,2026-06-14
4293,9,4,7,1,76,2,6,-4,72,342265350.03334093,9993835.745687235,23098350.318159167,-13104514.572471932,329160835.460869,0.0789473684210526,0.9210526315789472,0,0,0,Đạt,2026-06-14
4294,10,4,7,1,72,8,5,3,75,329160835.460869,39616546.80298955,18995791.2724375,20620755.53055205,349781590.99142104,0.0694444444444444,0.9305555555555556,0,0,0,Đạt,2026-06-14
4295,11,4,7,1,75,10,0,10,85,349781590.99142104,41847884.95696479,0.0,41847884.95696479,391629475.9483858,0.0,1.0,0,0,0,Đạt,2026-06-14
4296,12,4,7,1,85,8,5,3,88,391629475.9483858,38560920.40351652,20453271.6020797,18107648.80143681,409737124.7498227,0.0588235294117647,0.9411764705882352,0,0,0,Đạt,2026-06-14
4297,1,4,7,2,43,2,0,2,45,56132784.318189695,2747173.158559931,0.0,2747173.158559931,58879957.47674963,0.0,1.0,0,0,0,Đạt,2026-06-14
4298,2,4,7,2,45,5,1,4,49,58879957.47674963,7275818.58504769,1173843.0790988633,6101975.505948827,64981932.982698455,0.0222222222222222,0.9777777777777776,0,0,0,Đạt,2026-06-14
4299,3,4,7,2,49,7,3,4,53,64981932.982698455,7818630.256245867,3189783.4964407296,4628846.759805137,69610779.7425036,0.0612244897959183,0.9387755102040816,0,0,0,Đạt,2026-06-14
4300,4,4,7,2,53,0,2,-2,51,69610779.7425036,0.0,2090007.735923719,-2090007.735923719,67520772.00657988,0.0377358490566037,0.9622641509433962,0,0,0,Đạt,2026-06-14
4301,5,4,7,2,51,3,4,-1,50,67520772.00657988,3931288.291974005,5017583.594389071,-1086295.302415066,66434476.70416481,0.0784313725490196,0.9215686274509804,0,0,0,Đạt,2026-06-14
4302,6,4,7,2,50,2,1,1,51,66434476.70416481,3063308.5129508576,1219884.228443334,1843424.2845075235,68277900.98867233,0.02,0.98,0,0,0,Đạt,2026-06-14
4303,7,4,7,2,51,3,0,3,54,68277900.98867233,4638171.693802379,0.0,4638171.693802379,72916072.6824747,0.0,1.0,0,0,0,Đạt,2026-06-14
4304,8,4,7,2,54,6,3,3,57,72916072.6824747,6690322.278604872,3514659.6508624693,3175662.6277424023,76091735.31021711,0.0555555555555555,0.9444444444444444,0,0,0,Đạt,2026-06-14
4305,9,4,7,2,57,6,1,5,62,76091735.31021711,7902043.421495187,1164808.207395749,6737235.214099438,82828970.52431655,0.0175438596491228,0.9824561403508772,0,0,0,Đạt,2026-06-14
4306,10,4,7,2,62,8,5,3,65,82828970.52431655,8629045.981102033,5949167.83895185,2679878.1421501823,85508848.66646673,0.0806451612903225,0.9193548387096774,0,0,0,Đạt,2026-06-14
4307,11,4,7,2,65,5,2,3,68,85508848.66646673,6222018.713041422,2556439.636046119,3665579.076995303,89174427.74346203,0.0307692307692307,0.9692307692307692,0,0,0,Đạt,2026-06-14
4308,12,4,7,2,68,5,3,2,70,89174427.74346203,6171319.036794626,3621120.7840428734,2550198.2527517527,91724625.99621378,0.0441176470588235,0.9558823529411764,0,0,0,Đạt,2026-06-14
4309,1,4,7,3,26,2,0,2,28,117487210.93520568,10605473.022307027,0.0,10605473.022307027,128092683.95751268,0.0,1.0,0,0,0,Đạt,2026-06-14
4310,2,4,7,3,28,3,0,3,31,128092683.95751268,13867593.693842402,0.0,13867593.693842402,141960277.6513551,0.0,1.0,5,8,0,Cần kiểm tra,2026-06-14
4311,3,4,7,3,31,3,2,1,32,141960277.6513551,11190779.97425286,9298818.66240227,1891961.3118505888,143852238.96320567,0.064516129032258,0.935483870967742,0,0,0,Đạt,2026-06-14
4312,4,4,7,3,32,1,1,0,32,143852238.96320567,4489542.748391947,3936619.336275556,552923.4121163907,144405162.37532204,0.03125,0.96875,0,0,0,Đạt,2026-06-14
4313,5,4,7,3,32,2,0,2,34,144405162.37532204,10466552.83184545,0.0,10466552.83184545,154871715.2071675,0.0,1.0,0,0,0,Đạt,2026-06-14
4314,6,4,7,3,34,0,1,-1,33,154871715.2071675,0.0,3957793.1600268106,-3957793.1600268106,150913922.0471407,0.0294117647058823,0.9705882352941176,0,0,0,Đạt,2026-06-14
4315,7,4,7,3,33,3,1,2,35,150913922.0471407,11870311.451203588,4722119.108347976,7148192.342855613,158062114.3899963,0.0303030303030303,0.9696969696969696,0,0,0,Đạt,2026-06-14
4316,8,4,7,3,35,3,1,2,37,158062114.3899963,13458406.442531114,3976611.218123308,9481795.224407809,167543909.61440408,0.0285714285714285,0.9714285714285714,0,0,0,Đạt,2026-06-14
4317,9,4,7,3,37,3,1,2,39,167543909.61440408,16006968.813347517,4707918.538839398,11299050.274508117,178842959.8889122,0.027027027027027,0.972972972972973,0,0,0,Đạt,2026-06-14
4318,10,4,7,3,39,0,2,-2,37,178842959.8889122,0.0,7740027.292541705,-7740027.292541705,171102932.5963705,0.0512820512820512,0.9487179487179488,0,0,0,Đạt,2026-06-14
4319,11,4,7,3,37,4,2,2,39,171102932.5963705,18355343.214589283,10035835.668161018,8319507.546428265,179422440.14279875,0.054054054054054,0.945945945945946,0,0,0,Đạt,2026-06-14
4320,12,4,7,3,39,5,3,2,41,179422440.14279875,25770899.14790699,11983301.26730818,13787597.880598808,193210038.0233976,0.0769230769230769,0.9230769230769232,0,0,0,Đạt,2026-06-14
4321,1,4,7,4,71,2,1,1,72,133841283.39983232,4354683.716367557,1931735.8329266885,2422947.8834408685,136264231.2832732,0.0140845070422535,0.9859154929577464,0,0,0,Đạt,2026-06-14
4322,2,4,7,4,72,3,2,1,73,136264231.2832732,6408721.051840916,3052300.0929666227,3356420.9588742936,139620652.24214748,0.0277777777777777,0.9722222222222222,0,0,0,Đạt,2026-06-14
4323,3,4,7,4,73,6,5,1,74,139620652.24214748,10632883.667325567,10451474.089857828,181409.5774677396,139802061.81961522,0.0684931506849315,0.9315068493150684,0,0,0,Đạt,2026-06-14
4324,4,4,7,4,74,4,7,-3,71,139802061.81961522,7811319.412448699,11895673.52473231,-4084354.112283612,135717707.7073316,0.0945945945945946,0.9054054054054054,0,0,0,Đạt,2026-06-14
4325,5,4,7,4,71,10,0,10,81,135717707.7073316,22379709.317933485,0.0,22379709.317933485,158097417.0252651,0.0,1.0,0,0,0,Đạt,2026-06-14
4326,6,4,7,4,81,11,7,4,85,158097417.0252651,17832385.28458595,13998620.02765503,3833765.25693092,161931182.28219602,0.0864197530864197,0.9135802469135804,0,0,0,Đạt,2026-06-14
4327,7,4,7,4,85,10,4,6,91,161931182.28219602,16556278.96705983,8442865.475848438,8113413.491211392,170044595.7734074,0.0470588235294117,0.9529411764705882,0,0,0,Đạt,2026-06-14
4328,8,4,7,4,91,10,7,3,94,170044595.7734074,15802689.924105464,11762955.998134052,4039733.925971413,174084329.69937882,0.0769230769230769,0.9230769230769232,0,0,0,Đạt,2026-06-14
4329,9,4,7,4,94,5,1,4,98,174084329.69937882,10465871.203225989,1869863.7946820224,8596007.408543965,182680337.1079228,0.0106382978723404,0.9893617021276596,0,0,0,Đạt,2026-06-14
4330,10,4,7,4,98,13,5,8,106,182680337.1079228,22265696.473044507,10291824.683118964,11973871.789925542,194654208.89784837,0.0510204081632653,0.9489795918367347,0,0,0,Đạt,2026-06-14
4331,11,4,7,4,106,5,5,0,106,194654208.89784837,10211961.056606622,11232970.449584182,-1021009.39297756,193633199.5048708,0.0471698113207547,0.9528301886792452,0,0,0,Đạt,2026-06-14
4332,12,4,7,4,106,6,7,-1,105,193633199.5048708,11905241.104845332,14206887.563420717,-2301646.4585753847,191331553.04629537,0.0660377358490566,0.9339622641509434,0,0,0,Đạt,2026-06-14
4333,1,4,7,5,38,5,0,5,43,152887108.88292477,17843873.499761976,0.0,17843873.499761976,170730982.38268673,0.0,1.0,0,0,0,Đạt,2026-06-14
4334,2,4,7,5,43,2,1,1,44,170730982.38268673,8220239.946565436,3876555.692247525,4343684.254317911,175074666.63700464,0.0232558139534883,0.9767441860465116,0,0,0,Đạt,2026-06-14
4335,3,4,7,5,44,1,1,0,44,175074666.63700464,4032183.279260199,3857596.9025694574,174586.3766907407,175249253.0136954,0.0227272727272727,0.9772727272727272,0,0,0,Đạt,2026-06-14
4336,4,4,7,5,44,4,0,4,48,175249253.0136954,13490662.358471006,0.0,13490662.358471006,188739915.3721664,0.0,1.0,0,0,0,Đạt,2026-06-14
4337,5,4,7,5,48,6,3,3,51,188739915.3721664,28017343.63602217,10784569.32112432,17232774.31489785,205972689.68706423,0.0625,0.9375,0,0,0,Đạt,2026-06-14
4338,6,4,7,5,51,5,2,3,54,205972689.68706423,16897897.19715763,8026239.202869513,8871657.994288117,214844347.68135235,0.0392156862745098,0.9607843137254902,0,0,0,Đạt,2026-06-14
4339,7,4,7,5,54,1,4,-3,51,214844347.68135235,4746739.060980176,13023931.5936159,-8277192.532635725,206567155.14871663,0.074074074074074,0.925925925925926,0,0,0,Đạt,2026-06-14
4340,8,4,7,5,51,7,2,5,56,206567155.14871663,24662259.127449237,8588148.087381942,16074111.04006729,222641266.1887839,0.0392156862745098,0.9607843137254902,0,0,0,Đạt,2026-06-14
4341,9,4,7,5,56,4,4,0,56,222641266.1887839,16675726.413007189,17142968.752140794,-467242.3391336072,222174023.8496503,0.0714285714285714,0.9285714285714286,6,0,0,Cần kiểm tra,2026-06-14
4342,10,4,7,5,56,8,1,7,63,222174023.8496503,32196834.880676437,3857241.1209705775,28339593.759705856,250513617.60935616,0.0178571428571428,0.9821428571428572,0,0,0,Đạt,2026-06-14
4343,11,4,7,5,63,9,4,5,68,250513617.60935616,34282016.63295946,13543228.101842685,20738788.531116776,271252406.14047295,0.0634920634920634,0.9365079365079364,0,0,0,Đạt,2026-06-14
4344,12,4,7,5,68,1,5,-4,64,271252406.14047295,4607925.807378367,18550117.281451,-13942191.474072631,257310214.6664003,0.0735294117647058,0.9264705882352942,0,0,0,Đạt,2026-06-14
4345,1,4,7,6,60,1,2,-1,59,267034741.52586225,3713971.8855410297,9388367.191774612,-5674395.306233583,261360346.21962863,0.0333333333333333,0.9666666666666668,0,0,0,Đạt,2026-06-14
4346,2,4,7,6,59,0,4,-4,55,261360346.21962863,0.0,16633164.313113254,-16633164.313113254,244727181.9065154,0.0677966101694915,0.9322033898305084,0,0,0,Đạt,2026-06-14
4347,3,4,7,6,55,6,0,6,61,244727181.9065154,30758672.713663165,0.0,30758672.713663165,275485854.6201786,0.0,1.0,0,0,0,Đạt,2026-06-14
4348,4,4,7,6,61,8,2,6,67,275485854.6201786,38270726.80117756,7807707.128999615,30463019.672177948,305948874.2923565,0.0327868852459016,0.9672131147540984,6,0,0,Cần kiểm tra,2026-06-14
4349,5,4,7,6,67,3,3,0,67,305948874.2923565,12764611.624381565,11427544.019621177,1337067.604760386,307285941.89711696,0.044776119402985,0.9552238805970148,0,0,0,Đạt,2026-06-14
4350,6,4,7,6,67,6,4,2,69,307285941.89711696,23448464.067198247,20805564.303113084,2642899.7640851624,309928841.66120213,0.0597014925373134,0.9402985074626866,0,0,0,Đạt,2026-06-14
4351,7,4,7,6,69,2,5,-3,66,309928841.66120213,7230237.390840499,18504891.383070517,-11274653.992230017,298654187.66897213,0.072463768115942,0.927536231884058,0,0,0,Đạt,2026-06-14
4352,8,4,7,6,66,9,2,7,73,298654187.66897213,36812383.113211215,8239689.587594975,28572693.52561624,327226881.1945884,0.0303030303030303,0.9696969696969696,0,0,0,Đạt,2026-06-14
4353,9,4,7,6,73,6,6,0,73,327226881.1945884,26138547.661465917,25804564.419918563,333983.24154734984,327560864.4361357,0.0821917808219178,0.9178082191780822,0,0,0,Đạt,2026-06-14
4354,10,4,7,6,73,9,4,5,78,327560864.4361357,45228648.0406931,18145167.97420641,27083480.066486683,354644344.5026224,0.0547945205479452,0.9452054794520548,0,0,0,Đạt,2026-06-14
4355,11,4,7,6,78,11,7,4,82,354644344.5026224,58066326.7576173,26468297.12407424,31598029.633543067,386242374.13616544,0.0897435897435897,0.9102564102564102,4,0,3,Cần kiểm tra,2026-06-14
4356,12,4,7,6,82,0,5,-5,77,386242374.13616544,0.0,23149804.94681014,-23149804.94681014,363092569.1893553,0.0609756097560975,0.9390243902439024,0,0,0,Đạt,2026-06-14
4357,1,4,7,7,33,1,2,-1,32,103044611.1073506,3555058.799473972,5008499.247707943,-1453440.4482339718,101591170.65911664,0.0606060606060606,0.9393939393939394,0,0,0,Đạt,2026-06-14
4358,2,4,7,7,32,1,2,-1,31,101591170.65911664,3088163.72076515,7259163.140778351,-4170999.420013201,97420171.23910342,0.0625,0.9375,0,0,0,Đạt,2026-06-14
4359,3,4,7,7,31,4,2,2,33,97420171.23910342,12407911.540211163,5337464.647543701,7070446.892667462,104490618.13177088,0.064516129032258,0.935483870967742,0,0,0,Đạt,2026-06-14
4360,4,4,7,7,33,2,1,1,34,104490618.13177088,6541020.554867191,3588588.8391050827,2952431.715762109,107443049.847533,0.0303030303030303,0.9696969696969696,5,0,0,Cần kiểm tra,2026-06-14
4361,5,4,7,7,34,2,2,0,34,107443049.847533,6965213.199201036,6465589.554469509,499623.6447315272,107942673.49226452,0.0588235294117647,0.9411764705882352,0,0,0,Đạt,2026-06-14
4362,6,4,7,7,34,1,0,1,35,107942673.49226452,2709997.0717499047,0.0,2709997.0717499047,110652670.56401442,0.0,1.0,0,0,0,Đạt,2026-06-14
4363,7,4,7,7,35,4,0,4,39,110652670.56401442,11736249.40002405,0.0,11736249.40002405,122388919.96403848,0.0,1.0,0,0,0,Đạt,2026-06-14
4364,8,4,7,7,39,2,0,2,41,122388919.96403848,5275851.246656371,0.0,5275851.246656371,127664771.21069483,0.0,1.0,0,0,0,Đạt,2026-06-14
4365,9,4,7,7,41,0,3,-3,38,127664771.21069483,0.0,10853266.126877757,-10853266.126877757,116811505.0838171,0.073170731707317,0.926829268292683,0,0,0,Đạt,2026-06-14
4366,10,4,7,7,38,0,3,-3,35,116811505.0838171,0.0,7658377.648821034,-7658377.648821034,109153127.43499608,0.0789473684210526,0.9210526315789472,0,0,0,Đạt,2026-06-14
4367,11,4,7,7,35,1,3,-2,33,109153127.43499608,3372588.5971551845,8345794.159061746,-4973205.561906561,104179921.8730895,0.0857142857142857,0.9142857142857144,0,0,0,Đạt,2026-06-14
4368,12,4,7,7,33,2,0,2,35,104179921.8730895,6874559.502564359,0.0,6874559.502564359,111054481.37565386,0.0,1.0,0,0,0,Đạt,2026-06-14
4369,1,4,8,1,12,1,0,1,13,30562250.19331105,2638448.4727398846,0.0,2638448.4727398846,33200698.66605094,0.0,1.0,0,0,0,Đạt,2026-06-14
4370,2,4,8,1,13,0,0,0,13,33200698.66605094,0.0,0.0,0.0,33200698.66605094,0.0,1.0,0,0,0,Đạt,2026-06-14
4371,3,4,8,1,13,1,0,1,14,33200698.66605094,2349352.8760217763,0.0,2349352.8760217763,35550051.54207271,0.0,1.0,0,0,0,Đạt,2026-06-14
4372,4,4,8,1,14,1,0,1,15,35550051.54207271,2396296.193418386,0.0,2396296.193418386,37946347.7354911,0.0,1.0,0,0,0,Đạt,2026-06-14
4373,5,4,8,1,15,0,1,-1,14,37946347.7354911,0.0,2674782.7229242404,-2674782.7229242404,35271565.01256686,0.0666666666666666,0.9333333333333332,0,0,0,Đạt,2026-06-14
4374,6,4,8,1,14,0,1,-1,13,35271565.01256686,0.0,2315949.1697758976,-2315949.1697758976,32955615.84279096,0.0714285714285714,0.9285714285714286,0,0,0,Đạt,2026-06-14
4375,7,4,8,1,13,0,0,0,13,32955615.84279096,0.0,0.0,0.0,32955615.84279096,0.0,1.0,0,0,0,Đạt,2026-06-14
4376,8,4,8,1,13,0,0,0,13,32955615.84279096,0.0,0.0,0.0,32955615.84279096,0.0,1.0,0,0,0,Đạt,2026-06-14
4377,9,4,8,1,13,0,0,0,13,32955615.84279096,0.0,0.0,0.0,32955615.84279096,0.0,1.0,0,0,0,Đạt,2026-06-14
4378,10,4,8,1,13,1,0,1,14,32955615.84279096,2193371.655872316,0.0,2193371.655872316,35148987.49866328,0.0,1.0,0,0,0,Đạt,2026-06-14
4379,11,4,8,1,14,0,0,0,14,35148987.49866328,0.0,0.0,0.0,35148987.49866328,0.0,1.0,0,0,0,Đạt,2026-06-14
4380,12,4,8,1,14,0,1,-1,13,35148987.49866328,0.0,2785589.137670382,-2785589.137670382,32363398.360992894,0.0714285714285714,0.9285714285714286,0,0,0,Đạt,2026-06-14
4381,1,4,8,2,12,1,0,1,13,33564278.70455649,2384813.1641669264,0.0,2384813.1641669264,35949091.868723415,0.0,1.0,0,0,0,Đạt,2026-06-14
4382,2,4,8,2,13,1,0,1,14,35949091.868723415,2299540.0474465443,0.0,2299540.0474465443,38248631.91616996,0.0,1.0,0,0,0,Đạt,2026-06-14
4383,3,4,8,2,14,1,0,1,15,38248631.91616996,2812866.259270436,0.0,2812866.259270436,41061498.17544039,0.0,1.0,0,0,0,Đạt,2026-06-14
4384,4,4,8,2,15,0,1,-1,14,41061498.17544039,0.0,2939666.512015432,-2939666.512015432,38121831.66342496,0.0666666666666666,0.9333333333333332,0,0,0,Đạt,2026-06-14
4385,5,4,8,2,14,0,0,0,14,38121831.66342496,0.0,0.0,0.0,38121831.66342496,0.0,1.0,0,0,0,Đạt,2026-06-14
4386,6,4,8,2,14,1,0,1,15,38121831.66342496,2574359.0707013053,0.0,2574359.0707013053,40696190.73412627,0.0,1.0,0,0,0,Đạt,2026-06-14
4387,7,4,8,2,15,0,0,0,15,40696190.73412627,0.0,0.0,0.0,40696190.73412627,0.0,1.0,0,0,0,Đạt,2026-06-14
4388,8,4,8,2,15,1,0,1,16,40696190.73412627,3220590.0299729123,0.0,3220590.0299729123,43916780.76409918,0.0,1.0,0,0,0,Đạt,2026-06-14
4389,9,4,8,2,16,1,0,1,17,43916780.76409918,2432815.458467304,0.0,2432815.458467304,46349596.222566485,0.0,1.0,0,0,0,Đạt,2026-06-14
4390,10,4,8,2,17,1,0,1,18,46349596.222566485,3275208.141941861,0.0,3275208.141941861,49624804.364508346,0.0,1.0,0,0,0,Đạt,2026-06-14
4391,11,4,8,2,18,0,0,0,18,49624804.364508346,0.0,0.0,0.0,49624804.364508346,0.0,1.0,0,0,0,Đạt,2026-06-14
4392,12,4,8,2,18,2,0,2,20,49624804.364508346,5850833.94612214,0.0,5850833.94612214,55475638.310630485,0.0,1.0,0,0,0,Đạt,2026-06-14
4393,1,4,8,3,35,1,2,-1,34,55279813.9734993,1619204.8872609856,3727253.443392768,-2108048.556131782,53171765.41736752,0.0571428571428571,0.9428571428571428,0,0,0,Đạt,2026-06-14
4394,2,4,8,3,34,1,0,1,35,53171765.41736752,1514214.431128415,0.0,1514214.431128415,54685979.84849593,0.0,1.0,0,0,0,Đạt,2026-06-14
4395,3,4,8,3,35,4,1,3,38,54685979.84849593,6336766.06832773,1862354.82773496,4474411.24059277,59160391.0890887,0.0285714285714285,0.9714285714285714,0,0,0,Đạt,2026-06-14
4396,4,4,8,3,38,1,2,-1,37,59160391.0890887,1883738.62877265,3026410.163518204,-1142671.534745554,58017719.55434315,0.0526315789473684,0.9473684210526316,0,0,0,Đạt,2026-06-14
4397,5,4,8,3,37,4,3,1,38,58017719.55434315,6793534.339717118,4686094.012420835,2107440.327296283,60125159.88163944,0.081081081081081,0.9189189189189187,0,0,0,Đạt,2026-06-14
4398,6,4,8,3,38,1,2,-1,37,60125159.88163944,1657386.7004784322,3756876.992255234,-2099490.291776802,58025669.58986264,0.0526315789473684,0.9473684210526316,0,0,0,Đạt,2026-06-14
4399,7,4,8,3,37,2,3,-1,36,58025669.58986264,3765397.8733312623,4524750.003592449,-759352.130261187,57266317.45960145,0.081081081081081,0.9189189189189187,0,0,0,Đạt,2026-06-14
4400,8,4,8,3,36,1,2,-1,35,57266317.45960145,1449088.6900031646,3527909.68623246,-2078820.996229296,55187496.46337215,0.0555555555555555,0.9444444444444444,0,0,0,Đạt,2026-06-14
4401,9,4,8,3,35,4,0,4,39,55187496.46337215,6442549.058860144,0.0,6442549.058860144,61630045.52223229,0.0,1.0,0,0,0,Đạt,2026-06-14
4402,10,4,8,3,39,0,3,-3,36,61630045.52223229,0.0,4107698.2910565855,-4107698.2910565855,57522347.231175706,0.0769230769230769,0.9230769230769232,0,0,0,Đạt,2026-06-14
4403,11,4,8,3,36,0,1,-1,35,57522347.231175706,0.0,1817791.8126987456,-1817791.8126987456,55704555.41847696,0.0277777777777777,0.9722222222222222,0,0,0,Đạt,2026-06-14
4404,12,4,8,3,35,1,2,-1,34,55704555.41847696,1277168.71225697,3759256.3052853313,-2482087.593028361,53222467.8254486,0.0571428571428571,0.9428571428571428,0,0,0,Đạt,2026-06-14
4405,1,4,8,4,33,2,1,1,34,138768524.73485973,7396543.411343034,4931599.353753122,2464944.057589913,141233468.79244965,0.0303030303030303,0.9696969696969696,0,0,0,Đạt,2026-06-14
4406,2,4,8,4,34,1,0,1,35,141233468.79244965,3604801.9983796887,0.0,3604801.9983796887,144838270.79082933,0.0,1.0,0,0,0,Đạt,2026-06-14
4407,3,4,8,4,35,1,1,0,35,144838270.79082933,4999790.421801896,4186508.873312901,813281.5484889946,145651552.33931834,0.0285714285714285,0.9714285714285714,0,0,0,Đạt,2026-06-14
4408,4,4,8,4,35,4,0,4,39,145651552.33931834,19730996.518586963,0.0,19730996.518586963,165382548.8579053,0.0,1.0,0,0,0,Đạt,2026-06-14
4409,5,4,8,4,39,3,1,2,41,165382548.8579053,15008393.307864238,4916185.8230706025,10092207.484793635,175474756.34269893,0.0256410256410256,0.9743589743589745,0,0,0,Đạt,2026-06-14
4410,6,4,8,4,41,4,2,2,43,175474756.34269893,16701355.042087317,7958218.927851593,8743136.114235723,184217892.45693463,0.048780487804878,0.951219512195122,0,0,0,Đạt,2026-06-14
4411,7,4,8,4,43,1,1,0,43,184217892.45693463,4613837.512058238,4834115.416747202,-220277.9046889646,183997614.5522457,0.0232558139534883,0.9767441860465116,0,0,0,Đạt,2026-06-14
4412,8,4,8,4,43,6,3,3,46,183997614.5522457,25035634.506478388,10702015.393178754,14333619.113299634,198331233.6655453,0.0697674418604651,0.9302325581395348,8,0,0,Cần kiểm tra,2026-06-14
4413,9,4,8,4,46,3,4,-1,45,198331233.6655453,10713322.002348214,19188622.224702124,-8475300.22235391,189855933.44319144,0.0869565217391304,0.9130434782608696,0,0,0,Đạt,2026-06-14
4414,10,4,8,4,45,2,3,-1,44,189855933.44319144,9429560.280560616,13391200.964505969,-3961640.683945352,185894292.75924608,0.0666666666666666,0.9333333333333332,0,0,0,Đạt,2026-06-14
4415,11,4,8,4,44,4,2,2,46,185894292.75924608,17039693.419454515,7659779.801684735,9379913.61776978,195274206.37701583,0.0454545454545454,0.9545454545454546,0,0,0,Đạt,2026-06-14
4416,12,4,8,4,46,2,4,-2,44,195274206.37701583,7448391.759286046,14620407.067885537,-7172015.308599491,188102191.0684164,0.0869565217391304,0.9130434782608696,0,0,0,Đạt,2026-06-14
4417,1,4,8,5,31,1,1,0,31,104590762.7043485,2877807.0736443643,3354035.360495861,-476228.2868514969,104114534.417497,0.032258064516129,0.967741935483871,0,0,0,Đạt,2026-06-14
4418,2,4,8,5,31,1,0,1,32,104114534.417497,3101675.98720285,0.0,3101675.98720285,107216210.40469986,0.0,1.0,0,0,0,Đạt,2026-06-14
4419,3,4,8,5,32,0,1,-1,31,107216210.40469986,0.0,3959762.402159519,-3959762.402159519,103256448.00254036,0.03125,0.96875,0,0,0,Đạt,2026-06-14
4420,4,4,8,5,31,3,2,1,32,103256448.00254036,8946159.33394993,7586248.391396832,1359910.9425530974,104616358.94509344,0.064516129032258,0.935483870967742,0,0,0,Đạt,2026-06-14
4421,5,4,8,5,32,3,1,2,34,104616358.94509344,11734934.010777283,3322368.521509909,8412565.489267373,113028924.43436085,0.03125,0.96875,0,0,0,Đạt,2026-06-14
4422,6,4,8,5,34,1,3,-2,32,113028924.43436085,2817934.2370529254,10120734.259035649,-7302800.021982724,105726124.4123781,0.088235294117647,0.9117647058823528,0,0,0,Đạt,2026-06-14
4423,7,4,8,5,32,4,1,3,35,105726124.4123781,12169075.992823776,2737019.291773907,9432056.701049868,115158181.11342797,0.03125,0.96875,0,0,0,Đạt,2026-06-14
4424,8,4,8,5,35,0,2,-2,33,115158181.11342797,0.0,5908163.106236934,-5908163.106236934,109250018.00719105,0.0571428571428571,0.9428571428571428,0,0,0,Đạt,2026-06-14
4425,9,4,8,5,33,3,0,3,36,109250018.00719105,8172313.353441351,0.0,8172313.353441351,117422331.3606324,0.0,1.0,0,0,0,Đạt,2026-06-14
4426,10,4,8,5,36,3,1,2,38,117422331.3606324,8608311.12666972,2938399.577154267,5669911.549515452,123092242.91014785,0.0277777777777777,0.9722222222222222,0,0,0,Đạt,2026-06-14
4427,11,4,8,5,38,4,2,2,40,123092242.91014785,15114775.701652972,7860302.9647396095,7254472.736913362,130346715.6470612,0.0526315789473684,0.9473684210526316,0,0,0,Đạt,2026-06-14
4428,12,4,8,5,40,1,2,-1,39,130346715.6470612,3208626.3573232656,6733997.446490672,-3525371.089167406,126821344.5578938,0.05,0.95,0,0,0,Đạt,2026-06-14
4429,1,4,8,6,20,2,1,1,21,26564162.604561824,2235777.206846197,1544166.455135353,691610.7517108445,27255773.356272668,0.05,0.95,0,0,0,Đạt,2026-06-14
4430,2,4,8,6,21,2,1,1,22,27255773.356272668,2490828.790862491,1290904.707920269,1199924.0829422218,28455697.43921489,0.0476190476190476,0.9523809523809524,0,0,0,Đạt,2026-06-14
4431,3,4,8,6,22,3,1,2,24,28455697.43921489,3428234.5512382174,1197623.0407635954,2230611.5104746222,30686308.94968951,0.0454545454545454,0.9545454545454546,0,0,0,Đạt,2026-06-14
4432,4,4,8,6,24,0,2,-2,22,30686308.94968951,0.0,2364342.211698872,-2364342.211698872,28321966.73799064,0.0833333333333333,0.9166666666666666,0,0,0,Đạt,2026-06-14
4433,5,4,8,6,22,1,1,0,22,28321966.73799064,1160027.4804674285,1194274.830172313,-34247.34970488446,28287719.38828576,0.0454545454545454,0.9545454545454546,0,0,0,Đạt,2026-06-14
4434,6,4,8,6,22,1,0,1,23,28287719.38828576,1418239.974519276,0.0,1418239.974519276,29705959.36280503,0.0,1.0,0,0,0,Đạt,2026-06-14
4435,7,4,8,6,23,0,2,-2,21,29705959.36280503,0.0,2673330.5136222364,-2673330.5136222364,27032628.8491828,0.0869565217391304,0.9130434782608696,0,0,0,Đạt,2026-06-14
4436,8,4,8,6,21,1,1,0,21,27032628.8491828,1379462.6706617605,1351284.4419336296,28178.228728130925,27060807.077910926,0.0476190476190476,0.9523809523809524,0,0,0,Đạt,2026-06-14
4437,9,4,8,6,21,2,1,1,22,27060807.077910926,2967123.204444285,1227210.2194505606,1739912.9849937244,28800720.06290465,0.0476190476190476,0.9523809523809524,0,0,0,Đạt,2026-06-14
4438,10,4,8,6,22,2,1,1,23,28800720.06290465,2346980.190775583,1428174.8397146652,918805.3510609178,29719525.41396557,0.0454545454545454,0.9545454545454546,0,0,0,Đạt,2026-06-14
4439,11,4,8,6,23,0,2,-2,21,29719525.41396557,0.0,2591164.7041280656,-2591164.7041280656,27128360.709837507,0.0869565217391304,0.9130434782608696,0,0,0,Đạt,2026-06-14
4440,12,4,8,6,21,1,1,0,21,27128360.709837507,1384939.4008504085,1581396.5416294313,-196457.14077902283,26931903.569058485,0.0476190476190476,0.9523809523809524,0,0,0,Đạt,2026-06-14
4441,1,4,8,7,25,3,2,1,26,92580039.14610884,13114286.829715692,6370274.938078234,6744011.891637459,99324051.03774633,0.08,0.92,0,0,0,Đạt,2026-06-14
4442,2,4,8,7,26,3,1,2,28,99324051.03774633,9333316.408372777,4324987.871648172,5008328.536724605,104332379.5744709,0.0384615384615384,0.9615384615384616,0,0,0,Đạt,2026-06-14
4443,3,4,8,7,28,2,1,1,29,104332379.5744709,6306937.670112964,3689403.9040106665,2617533.766102297,106949913.3405732,0.0357142857142857,0.9642857142857144,0,0,0,Đạt,2026-06-14
4444,4,4,8,7,29,2,1,1,30,106949913.3405732,7473402.377987936,3462857.259356549,4010545.118631387,110960458.4592046,0.0344827586206896,0.9655172413793104,0,0,0,Đạt,2026-06-14
4445,5,4,8,7,30,4,0,4,34,110960458.4592046,13182652.37308161,0.0,13182652.37308161,124143110.8322862,0.0,1.0,0,0,0,Đạt,2026-06-14
4446,6,4,8,7,34,3,2,1,35,124143110.8322862,9943740.51910666,6839076.941406816,3104663.577699844,127247774.40998603,0.0588235294117647,0.9411764705882352,0,0,0,Đạt,2026-06-14
4447,7,4,8,7,35,3,1,2,37,127247774.40998603,11125207.708318193,4350045.087694648,6775162.620623545,134022937.0306096,0.0285714285714285,0.9714285714285714,0,0,0,Đạt,2026-06-14
4448,8,4,8,7,37,5,0,5,42,134022937.0306096,16329728.611764902,0.0,16329728.611764902,150352665.6423745,0.0,1.0,0,0,0,Đạt,2026-06-14
4449,9,4,8,7,42,4,2,2,44,150352665.6423745,14759425.383286554,7405794.117369201,7353631.265917353,157706296.90829185,0.0476190476190476,0.9523809523809524,0,0,0,Đạt,2026-06-14
4450,10,4,8,7,44,4,3,1,45,157706296.90829185,16932387.212381378,11633579.049406974,5298808.162974404,163005105.07126626,0.0681818181818181,0.931818181818182,0,0,0,Đạt,2026-06-14
4451,11,4,8,7,45,2,2,0,45,163005105.07126626,7247981.336037997,7607242.661614384,-359261.3255763864,162645843.74568987,0.0444444444444444,0.9555555555555556,0,0,0,Đạt,2026-06-14
4452,12,4,8,7,45,0,4,-4,41,162645843.74568987,0.0,16363362.332153415,-16363362.332153415,146282481.41353646,0.0888888888888888,0.9111111111111112,0,0,0,Đạt,2026-06-14
4453,1,4,9,1,70,3,2,1,71,5691047569.661322,227596963.75351807,189110288.42428124,38486675.32923684,5729534244.990559,0.0285714285714285,0.9714285714285714,9,3,5,Cần kiểm tra,2026-06-14
4454,2,4,9,1,71,3,3,0,71,5729534244.990559,276772990.05846715,286682283.85393864,-9909293.79547149,5719624951.195087,0.0422535211267605,0.9577464788732396,0,0,0,Đạt,2026-06-14
4455,3,4,9,1,71,7,5,2,73,5719624951.195087,579560246.5388627,427007105.7137132,152553140.82514954,5872178092.020237,0.0704225352112676,0.9295774647887324,0,0,0,Đạt,2026-06-14
4456,4,4,9,1,73,4,4,0,73,5872178092.020237,357272407.89263266,294065310.52218527,63207097.3704474,5935385189.390684,0.0547945205479452,0.9452054794520548,0,0,0,Đạt,2026-06-14
4457,5,4,9,1,73,6,1,5,78,5935385189.390684,565385383.6973437,95837141.77294506,469548241.92439866,6404933431.315083,0.0136986301369863,0.9863013698630136,0,0,0,Đạt,2026-06-14
4458,6,4,9,1,78,5,4,1,79,6404933431.315083,353808309.11218315,341271651.95278394,12536657.159399211,6417470088.474482,0.0512820512820512,0.9487179487179488,0,0,0,Đạt,2026-06-14
4459,7,4,9,1,79,9,5,4,83,6417470088.474482,620458297.2769881,357125591.1614792,263332706.11550897,6680802794.589991,0.0632911392405063,0.9367088607594936,0,0,0,Đạt,2026-06-14
4460,8,4,9,1,83,3,7,-4,79,6680802794.589991,265478691.680042,542069265.3328882,-276590573.6528462,6404212220.937144,0.0843373493975903,0.9156626506024096,0,0,0,Đạt,2026-06-14
4461,9,4,9,1,79,8,3,5,84,6404212220.937144,618333051.1141706,257949906.45451388,360383144.65965664,6764595365.596801,0.0379746835443038,0.9620253164556962,0,0,0,Đạt,2026-06-14
4462,10,4,9,1,84,7,1,6,90,6764595365.596801,641508264.6411402,80511415.82239857,560996848.8187417,7325592214.415543,0.0119047619047619,0.988095238095238,0,0,0,Đạt,2026-06-14
4463,11,4,9,1,90,9,2,7,97,7325592214.415543,860514066.2481298,187146452.81263185,673367613.435498,7998959827.851041,0.0222222222222222,0.9777777777777776,0,0,0,Đạt,2026-06-14
4464,12,4,9,1,97,2,2,0,97,7998959827.851041,159755368.84030113,140403614.69086877,19351754.14943236,8018311582.000473,0.0206185567010309,0.979381443298969,0,0,0,Đạt,2026-06-14
4465,1,4,9,2,29,1,0,1,30,317335784.6036029,10132985.605304996,0.0,10132985.605304996,327468770.2089079,0.0,1.0,0,0,0,Đạt,2026-06-14
4466,2,4,9,2,30,3,2,1,31,327468770.2089079,38765514.6138421,24588191.48294898,14177323.13089312,341646093.339801,0.0666666666666666,0.9333333333333332,0,0,0,Đạt,2026-06-14
4467,3,4,9,2,31,2,2,0,31,341646093.339801,26134350.108394124,24614626.443038072,1519723.6653560512,343165817.00515705,0.064516129032258,0.935483870967742,0,0,0,Đạt,2026-06-14
4468,4,4,9,2,31,1,2,-1,30,343165817.00515705,10287214.00213978,23481100.576854065,-13193886.574714284,329971930.43044275,0.064516129032258,0.935483870967742,0,0,0,Đạt,2026-06-14
4469,5,4,9,2,30,3,0,3,33,329971930.43044275,31870300.74211475,0.0,31870300.74211475,361842231.1725575,0.0,1.0,0,0,0,Đạt,2026-06-14
4470,6,4,9,2,33,0,0,0,33,361842231.1725575,0.0,0.0,0.0,361842231.1725575,0.0,1.0,0,0,0,Đạt,2026-06-14
4471,7,4,9,2,33,4,1,3,36,361842231.1725575,40179416.05187859,11430545.774737071,28748870.277141515,390591101.449699,0.0303030303030303,0.9696969696969696,0,0,0,Đạt,2026-06-14
4472,8,4,9,2,36,2,0,2,38,390591101.449699,19152501.624032576,0.0,19152501.624032576,409743603.07373154,0.0,1.0,0,0,0,Đạt,2026-06-14
4473,9,4,9,2,38,0,3,-3,35,409743603.07373154,0.0,34765578.3159101,-34765578.3159101,374978024.75782144,0.0789473684210526,0.9210526315789472,0,0,0,Đạt,2026-06-14
4474,10,4,9,2,35,1,3,-2,33,374978024.75782144,10877782.123306194,29195900.510509,-18318118.387202807,356659906.37061864,0.0857142857142857,0.9142857142857144,0,0,0,Đạt,2026-06-14
4475,11,4,9,2,33,0,1,-1,32,356659906.37061864,0.0,9534876.897513537,-9534876.897513537,347125029.47310513,0.0303030303030303,0.9696969696969696,0,0,0,Đạt,2026-06-14
4476,12,4,9,2,32,1,3,-2,30,347125029.47310513,9529159.467096845,32570328.12785796,-23041168.660761114,324083860.812344,0.09375,0.90625,0,0,0,Đạt,2026-06-14
4477,1,4,9,3,47,2,3,-1,46,4093510965.388701,181376775.7922247,211823879.58397245,-30447103.79174775,4063063861.5969534,0.0638297872340425,0.9361702127659576,0,0,0,Đạt,2026-06-14
4478,2,4,9,3,46,3,2,1,47,4063063861.5969534,294972970.5610778,142579497.67917594,152393472.88190183,4215457334.478855,0.0434782608695652,0.9565217391304348,0,0,0,Đạt,2026-06-14
4479,3,4,9,3,47,6,2,4,51,4215457334.478855,569991230.4186853,156276400.51699704,413714829.9016883,4629172164.380544,0.0425531914893617,0.9574468085106383,0,0,0,Đạt,2026-06-14
4480,4,4,9,3,51,6,1,5,56,4629172164.380544,555569577.8463247,86836687.18033268,468732890.665992,5097905055.046536,0.0196078431372549,0.9803921568627452,0,0,0,Đạt,2026-06-14
4481,5,4,9,3,56,1,4,-3,53,5097905055.046536,101335988.12400109,350599489.41468364,-249263501.29068252,4848641553.755853,0.0714285714285714,0.9285714285714286,0,0,0,Đạt,2026-06-14
4482,6,4,9,3,53,3,4,-1,52,4848641553.755853,210123600.6509321,352045347.96773714,-141921747.31680503,4706719806.439048,0.0754716981132075,0.9245283018867924,0,0,0,Đạt,2026-06-14
4483,7,4,9,3,52,3,4,-1,51,4706719806.439048,246316559.58233407,326661160.90984493,-80344601.32751086,4626375205.111537,0.0769230769230769,0.9230769230769232,0,0,0,Đạt,2026-06-14
4484,8,4,9,3,51,6,0,6,57,4626375205.111537,579065023.5189449,0.0,579065023.5189449,5205440228.630482,0.0,1.0,0,0,0,Đạt,2026-06-14
4485,9,4,9,3,57,6,2,4,61,5205440228.630482,450911228.2678967,159959385.9405776,290951842.32731915,5496392070.957801,0.0350877192982456,0.9649122807017544,0,0,0,Đạt,2026-06-14
4486,10,4,9,3,61,7,1,6,67,5496392070.957801,599659833.1878185,72280578.46418479,527379254.72363377,6023771325.681435,0.0163934426229508,0.9836065573770492,9,0,0,Cần kiểm tra,2026-06-14
4487,11,4,9,3,67,6,3,3,70,6023771325.681435,617943241.0585072,294387473.56532305,323555767.49318415,6347327093.174619,0.044776119402985,0.9552238805970148,0,0,0,Đạt,2026-06-14
4488,12,4,9,3,70,1,6,-5,65,6347327093.174619,89918591.36832799,454969290.50467634,-365050699.1363484,5982276394.03827,0.0857142857142857,0.9142857142857144,0,0,0,Đạt,2026-06-14
4489,1,4,9,4,75,2,1,1,76,1116526978.9405372,34291258.77066161,14814818.249695642,19476440.520965964,1136003419.4615033,0.0133333333333333,0.9866666666666668,6,0,0,Cần kiểm tra,2026-06-14
4490,2,4,9,4,76,6,2,4,80,1136003419.4615033,81975960.4052752,24525483.42115148,57450476.98412372,1193453896.445627,0.0263157894736842,0.9736842105263158,0,0,0,Đạt,2026-06-14
4491,3,4,9,4,80,1,5,-4,76,1193453896.445627,17201590.20278577,66749637.99169783,-49548047.78891206,1143905848.656715,0.0625,0.9375,0,0,0,Đạt,2026-06-14
4492,4,4,9,4,76,8,2,6,82,1143905848.656715,130223735.10147683,25694768.40429561,104528966.69718122,1248434815.353896,0.0263157894736842,0.9736842105263158,0,0,0,Đạt,2026-06-14
4493,5,4,9,4,82,4,6,-2,80,1248434815.353896,59436059.86669192,84553421.6417567,-25117361.77506478,1223317453.5788314,0.073170731707317,0.926829268292683,0,0,0,Đạt,2026-06-14
4494,6,4,9,4,80,9,7,2,82,1223317453.5788314,134091288.51689816,99174916.36780648,34916372.14909168,1258233825.7279232,0.0875,0.9125,0,0,0,Đạt,2026-06-14
4495,7,4,9,4,82,5,6,-1,81,1258233825.7279232,82768953.95125507,79813702.27660199,2955251.674653083,1261189077.4025762,0.073170731707317,0.926829268292683,0,0,0,Đạt,2026-06-14
4496,8,4,9,4,81,3,6,-3,78,1261189077.4025762,42726683.63501963,86230887.08876796,-43504203.45374833,1217684873.948828,0.074074074074074,0.925925925925926,0,0,0,Đạt,2026-06-14
4497,9,4,9,4,78,2,7,-5,73,1217684873.948828,25548285.0748728,98267757.07547192,-72719472.00059912,1144965401.9482288,0.0897435897435897,0.9102564102564102,0,0,0,Đạt,2026-06-14
4498,10,4,9,4,73,10,1,9,82,1144965401.9482288,159094879.50021484,13789750.67078711,145305128.82942772,1290270530.7776566,0.0136986301369863,0.9863013698630136,0,0,0,Đạt,2026-06-14
4499,11,4,9,4,82,3,1,2,84,1290270530.7776566,37083872.70677809,16919632.07751432,20164240.62926377,1310434771.4069204,0.0121951219512195,0.9878048780487804,0,0,0,Đạt,2026-06-14
4500,12,4,9,4,84,8,5,3,87,1310434771.4069204,125540789.7763256,83113169.61220545,42427620.16412015,1352862391.5710406,0.0595238095238095,0.9404761904761904,0,0,0,Đạt,2026-06-14
4501,1,4,9,5,73,5,5,0,73,6126370997.333783,434683810.0086007,465550100.1697657,-30866290.161165,6095504707.172618,0.0684931506849315,0.9315068493150684,0,0,0,Đạt,2026-06-14
4502,2,4,9,5,73,3,3,0,73,6095504707.172618,268400846.29954907,279286758.780008,-10885912.480458943,6084618794.692159,0.0410958904109589,0.9589041095890412,0,0,0,Đạt,2026-06-14
4503,3,4,9,5,73,5,6,-1,72,6084618794.692159,492826466.7865069,455914015.2788029,36912451.50770396,6121531246.199863,0.0821917808219178,0.9178082191780822,0,0,0,Đạt,2026-06-14
4504,4,4,9,5,72,2,5,-3,69,6121531246.199863,154945650.2131133,386265850.5773091,-231320200.36419576,5890211045.835667,0.0694444444444444,0.9305555555555556,0,0,0,Đạt,2026-06-14
4505,5,4,9,5,69,1,2,-1,68,5890211045.835667,77807239.99935314,174225069.52093467,-96417829.52158152,5793793216.314085,0.0289855072463768,0.9710144927536232,0,0,0,Đạt,2026-06-14
4506,6,4,9,5,68,3,1,2,70,5793793216.314085,252610432.1378172,99285660.38416418,153324771.753653,5947117988.067738,0.0147058823529411,0.9852941176470588,0,0,0,Đạt,2026-06-14
4507,7,4,9,5,70,7,3,4,74,5947117988.067738,480481928.8586833,278564513.0530161,201917415.8056672,6149035403.8734045,0.0428571428571428,0.9571428571428572,0,0,0,Đạt,2026-06-14
4508,8,4,9,5,74,8,6,2,76,6149035403.8734045,703687725.7022859,486943676.159372,216744049.5429139,6365779453.416319,0.081081081081081,0.9189189189189187,0,0,0,Đạt,2026-06-14
4509,9,4,9,5,76,1,5,-4,72,6365779453.416319,81936356.25176206,429537529.7300419,-347601173.4782798,6018178279.938039,0.0657894736842105,0.9342105263157896,0,0,0,Đạt,2026-06-14
4510,10,4,9,5,72,2,3,-1,71,6018178279.938039,157516758.94436976,228191943.44105312,-70675184.49668336,5947503095.441356,0.0416666666666666,0.9583333333333334,0,0,0,Đạt,2026-06-14
4511,11,4,9,5,71,4,6,-2,69,5947503095.441356,322763804.05266184,474004158.9700798,-151240354.91741794,5796262740.523938,0.0845070422535211,0.9154929577464788,0,0,0,Đạt,2026-06-14
4512,12,4,9,5,69,7,4,3,72,5796262740.523938,619390950.8333895,326510920.019162,292880030.8142275,6089142771.338165,0.0579710144927536,0.9420289855072465,0,0,0,Đạt,2026-06-14
4513,1,4,9,6,41,4,3,1,42,2919818941.873513,257476967.8118285,221934423.15122637,35542544.66060218,2955361486.534116,0.073170731707317,0.926829268292683,0,0,0,Đạt,2026-06-14
4514,2,4,9,6,42,3,2,1,43,2955361486.534116,251871495.88429135,123725681.16406584,128145814.72022551,3083507301.2543406,0.0476190476190476,0.9523809523809524,0,0,0,Đạt,2026-06-14
4515,3,4,9,6,43,4,0,4,47,3083507301.2543406,286725525.34788185,0.0,286725525.34788185,3370232826.6022224,0.0,1.0,0,0,0,Đạt,2026-06-14
4516,4,4,9,6,47,1,3,-2,45,3370232826.6022224,61771262.08325246,177055479.66903707,-115284217.5857846,3254948609.016438,0.0638297872340425,0.9361702127659576,0,0,0,Đạt,2026-06-14
4517,5,4,9,6,45,1,0,1,46,3254948609.016438,57455334.10454819,0.0,57455334.10454819,3312403943.120986,0.0,1.0,0,0,0,Đạt,2026-06-14
4518,6,4,9,6,46,3,0,3,49,3312403943.120986,191919177.02844107,0.0,191919177.02844107,3504323120.149427,0.0,1.0,0,0,0,Đạt,2026-06-14
4519,7,4,9,6,49,6,3,3,52,3504323120.149427,451774390.5764407,174924935.4354099,276849455.1410308,3781172575.2904577,0.0612244897959183,0.9387755102040816,0,0,0,Đạt,2026-06-14
4520,8,4,9,6,52,7,0,7,59,3781172575.2904577,539249153.9790996,0.0,539249153.9790996,4320421729.269557,0.0,1.0,0,0,0,Đạt,2026-06-14
4521,9,4,9,6,59,0,3,-3,56,4320421729.269557,0.0,190249200.28860703,-190249200.28860703,4130172528.98095,0.0508474576271186,0.9491525423728814,0,0,0,Đạt,2026-06-14
4522,10,4,9,6,56,6,0,6,62,4130172528.98095,470331893.48257726,0.0,470331893.48257726,4600504422.463527,0.0,1.0,0,0,0,Đạt,2026-06-14
4523,11,4,9,6,62,6,4,2,64,4600504422.463527,464786941.5647236,276319504.9523664,188467436.6123572,4788971859.075884,0.064516129032258,0.935483870967742,0,0,0,Đạt,2026-06-14
4524,12,4,9,6,64,7,1,6,70,4788971859.075884,527849902.0807125,72110646.46781051,455739255.6129019,5244711114.688786,0.015625,0.984375,0,0,0,Đạt,2026-06-14
4525,1,4,9,7,21,1,0,1,22,1123947859.2164528,45554918.83889027,0.0,45554918.83889027,1169502778.0553432,0.0,1.0,0,0,0,Đạt,2026-06-14
4526,2,4,9,7,22,0,1,-1,21,1169502778.0553432,0.0,52113800.8549883,-52113800.8549883,1117388977.2003548,0.0454545454545454,0.9545454545454546,0,0,0,Đạt,2026-06-14
4527,3,4,9,7,21,2,0,2,23,1117388977.2003548,108070624.90149696,0.0,108070624.90149696,1225459602.1018517,0.0,1.0,0,0,0,Đạt,2026-06-14
4528,4,4,9,7,23,1,2,-1,22,1225459602.1018517,58916869.97008082,107434827.1320697,-48517957.16198888,1176941644.9398627,0.0869565217391304,0.9130434782608696,0,0,0,Đạt,2026-06-14
4529,5,4,9,7,22,2,0,2,24,1176941644.9398627,94146342.52427582,0.0,94146342.52427582,1271087987.4641385,0.0,1.0,0,0,0,Đạt,2026-06-14
4530,6,4,9,7,24,0,1,-1,23,1271087987.4641385,0.0,47454899.107334495,-47454899.107334495,1223633088.356804,0.0416666666666666,0.9583333333333334,0,0,0,Đạt,2026-06-14
4531,7,4,9,7,23,2,1,1,24,1223633088.356804,125160544.7490738,49206697.63696871,75953847.1121051,1299586935.468909,0.0434782608695652,0.9565217391304348,0,0,0,Đạt,2026-06-14
4532,8,4,9,7,24,3,1,2,26,1299586935.468909,169481727.8590267,63106995.40724637,106374732.45178032,1405961667.920689,0.0416666666666666,0.9583333333333334,0,0,0,Đạt,2026-06-14
4533,9,4,9,7,26,1,2,-1,25,1405961667.920689,56630436.8235444,86323861.06682406,-29693424.243279666,1376268243.6774096,0.0769230769230769,0.9230769230769232,0,0,0,Đạt,2026-06-14
4534,10,4,9,7,25,1,1,0,25,1376268243.6774096,48443066.22499642,58711137.54778534,-10268071.322788924,1366000172.3546207,0.04,0.96,0,0,0,Đạt,2026-06-14
4535,11,4,9,7,25,2,0,2,27,1366000172.3546207,86909300.48745038,0.0,86909300.48745038,1452909472.842071,0.0,1.0,0,0,0,Đạt,2026-06-14
4536,12,4,9,7,27,1,2,-1,26,1452909472.842071,49039438.37582689,108477412.31020863,-59437973.93438175,1393471498.907689,0.074074074074074,0.925925925925926,0,0,0,Đạt,2026-06-14
4537,1,4,10,1,10,0,0,0,10,320847953.44874334,0.0,0.0,0.0,320847953.44874334,0.0,1.0,0,0,0,Đạt,2026-06-14
4538,2,4,10,1,10,0,0,0,10,320847953.44874334,0.0,0.0,0.0,320847953.44874334,0.0,1.0,0,0,0,Đạt,2026-06-14
4539,3,4,10,1,10,0,0,0,10,320847953.44874334,0.0,0.0,0.0,320847953.44874334,0.0,1.0,0,0,0,Đạt,2026-06-14
4540,4,4,10,1,10,1,0,1,11,320847953.44874334,33170641.78636873,0.0,33170641.78636873,354018595.2351121,0.0,1.0,0,0,0,Đạt,2026-06-14
4541,5,4,10,1,11,1,0,1,12,354018595.2351121,29754996.793857697,0.0,29754996.793857697,383773592.02896976,0.0,1.0,0,0,0,Đạt,2026-06-14
4542,6,4,10,1,12,1,0,1,13,383773592.02896976,33426357.59661226,0.0,33426357.59661226,417199949.6255821,0.0,1.0,0,0,0,Đạt,2026-06-14
4543,7,4,10,1,13,0,0,0,13,417199949.6255821,0.0,0.0,0.0,417199949.6255821,0.0,1.0,0,0,0,Đạt,2026-06-14
4544,8,4,10,1,13,1,0,1,14,417199949.6255821,30666644.820624582,0.0,30666644.820624582,447866594.4462066,0.0,1.0,0,0,0,Đạt,2026-06-14
4545,9,4,10,1,14,1,0,1,15,447866594.4462066,32270269.191680964,0.0,32270269.191680964,480136863.6378876,0.0,1.0,0,0,0,Đạt,2026-06-14
4546,10,4,10,1,15,1,0,1,16,480136863.6378876,33294120.33905905,0.0,33294120.33905905,513430983.97694665,0.0,1.0,0,0,0,Đạt,2026-06-14
4547,11,4,10,1,16,2,0,2,18,513430983.97694665,75578721.00195463,0.0,75578721.00195463,589009704.9789013,0.0,1.0,0,0,0,Đạt,2026-06-14
4548,12,4,10,1,18,0,0,0,18,589009704.9789013,0.0,0.0,0.0,589009704.9789013,0.0,1.0,0,0,0,Đạt,2026-06-14
4549,1,4,10,2,5,0,0,0,5,379371394.5912342,0.0,0.0,0.0,379371394.5912342,0.0,1.0,0,0,0,Đạt,2026-06-14
4550,2,4,10,2,5,0,0,0,5,379371394.5912342,0.0,0.0,0.0,379371394.5912342,0.0,1.0,0,0,0,Đạt,2026-06-14
4551,3,4,10,2,5,0,0,0,5,379371394.5912342,0.0,0.0,0.0,379371394.5912342,0.0,1.0,0,0,0,Đạt,2026-06-14
4552,4,4,10,2,5,0,0,0,5,379371394.5912342,0.0,0.0,0.0,379371394.5912342,0.0,1.0,0,0,0,Đạt,2026-06-14
4553,5,4,10,2,5,0,0,0,5,379371394.5912342,0.0,0.0,0.0,379371394.5912342,0.0,1.0,0,0,0,Đạt,2026-06-14
4554,6,4,10,2,5,0,0,0,5,379371394.5912342,0.0,0.0,0.0,379371394.5912342,0.0,1.0,0,0,0,Đạt,2026-06-14
4555,7,4,10,2,5,0,0,0,5,379371394.5912342,0.0,0.0,0.0,379371394.5912342,0.0,1.0,0,0,0,Đạt,2026-06-14
4556,8,4,10,2,5,0,0,0,5,379371394.5912342,0.0,0.0,0.0,379371394.5912342,0.0,1.0,0,0,0,Đạt,2026-06-14
4557,9,4,10,2,5,0,0,0,5,379371394.5912342,0.0,0.0,0.0,379371394.5912342,0.0,1.0,0,0,0,Đạt,2026-06-14
4558,10,4,10,2,5,0,0,0,5,379371394.5912342,0.0,0.0,0.0,379371394.5912342,0.0,1.0,0,0,0,Đạt,2026-06-14
4559,11,4,10,2,5,0,0,0,5,379371394.5912342,0.0,0.0,0.0,379371394.5912342,0.0,1.0,0,0,0,Đạt,2026-06-14
4560,12,4,10,2,5,0,0,0,5,379371394.5912342,0.0,0.0,0.0,379371394.5912342,0.0,1.0,0,0,0,Đạt,2026-06-14
4561,1,4,10,3,11,0,0,0,11,812358779.3345021,0.0,0.0,0.0,812358779.3345021,0.0,1.0,0,0,0,Đạt,2026-06-14
4562,2,4,10,3,11,0,0,0,11,812358779.3345021,0.0,0.0,0.0,812358779.3345021,0.0,1.0,0,0,0,Đạt,2026-06-14
4563,3,4,10,3,11,1,0,1,12,812358779.3345021,82075543.00728834,0.0,82075543.00728834,894434322.3417904,0.0,1.0,9,0,0,Cần kiểm tra,2026-06-14
4564,4,4,10,3,12,0,0,0,12,894434322.3417904,0.0,0.0,0.0,894434322.3417904,0.0,1.0,0,0,0,Đạt,2026-06-14
4565,5,4,10,3,12,1,0,1,13,894434322.3417904,85956393.8027759,0.0,85956393.8027759,980390716.1445664,0.0,1.0,0,0,0,Đạt,2026-06-14
4566,6,4,10,3,13,0,0,0,13,980390716.1445664,0.0,0.0,0.0,980390716.1445664,0.0,1.0,0,0,0,Đạt,2026-06-14
4567,7,4,10,3,13,1,0,1,14,980390716.1445664,64462678.16940849,0.0,64462678.16940849,1044853394.3139749,0.0,1.0,0,0,0,Đạt,2026-06-14
4568,8,4,10,3,14,0,0,0,14,1044853394.3139749,0.0,0.0,0.0,1044853394.3139749,0.0,1.0,0,0,0,Đạt,2026-06-14
4569,9,4,10,3,14,1,0,1,15,1044853394.3139749,83334802.49626498,0.0,83334802.49626498,1128188196.8102398,0.0,1.0,0,0,0,Đạt,2026-06-14
4570,10,4,10,3,15,1,0,1,16,1128188196.8102398,60061315.52633802,0.0,60061315.52633802,1188249512.336578,0.0,1.0,0,0,0,Đạt,2026-06-14
4571,11,4,10,3,16,0,1,-1,15,1188249512.336578,0.0,66261755.93834294,-66261755.93834294,1121987756.3982348,0.0625,0.9375,0,0,0,Đạt,2026-06-14
4572,12,4,10,3,15,1,0,1,16,1121987756.3982348,64031492.09007832,0.0,64031492.09007832,1186019248.4883132,0.0,1.0,0,0,0,Đạt,2026-06-14
4573,1,4,10,4,5,0,0,0,5,427429236.25167495,0.0,0.0,0.0,427429236.25167495,0.0,1.0,0,0,0,Đạt,2026-06-14
4574,2,4,10,4,5,0,0,0,5,427429236.25167495,0.0,0.0,0.0,427429236.25167495,0.0,1.0,0,0,0,Đạt,2026-06-14
4575,3,4,10,4,5,0,0,0,5,427429236.25167495,0.0,0.0,0.0,427429236.25167495,0.0,1.0,0,0,0,Đạt,2026-06-14
4576,4,4,10,4,5,0,0,0,5,427429236.25167495,0.0,0.0,0.0,427429236.25167495,0.0,1.0,0,0,0,Đạt,2026-06-14
4577,5,4,10,4,5,0,0,0,5,427429236.25167495,0.0,0.0,0.0,427429236.25167495,0.0,1.0,0,0,0,Đạt,2026-06-14
4578,6,4,10,4,5,0,0,0,5,427429236.25167495,0.0,0.0,0.0,427429236.25167495,0.0,1.0,0,0,0,Đạt,2026-06-14
4579,7,4,10,4,5,0,0,0,5,427429236.25167495,0.0,0.0,0.0,427429236.25167495,0.0,1.0,0,0,0,Đạt,2026-06-14
4580,8,4,10,4,5,0,0,0,5,427429236.25167495,0.0,0.0,0.0,427429236.25167495,0.0,1.0,0,0,0,Đạt,2026-06-14
4581,9,4,10,4,5,0,0,0,5,427429236.25167495,0.0,0.0,0.0,427429236.25167495,0.0,1.0,0,0,0,Đạt,2026-06-14
4582,10,4,10,4,5,0,0,0,5,427429236.25167495,0.0,0.0,0.0,427429236.25167495,0.0,1.0,0,0,0,Đạt,2026-06-14
4583,11,4,10,4,5,0,0,0,5,427429236.25167495,0.0,0.0,0.0,427429236.25167495,0.0,1.0,0,0,0,Đạt,2026-06-14
4584,12,4,10,4,5,0,0,0,5,427429236.25167495,0.0,0.0,0.0,427429236.25167495,0.0,1.0,0,0,0,Đạt,2026-06-14
4585,1,4,10,5,12,0,0,0,12,998090799.1319842,0.0,0.0,0.0,998090799.1319842,0.0,1.0,0,0,0,Đạt,2026-06-14
4586,2,4,10,5,12,1,0,1,13,998090799.1319842,79376986.87006663,0.0,79376986.87006663,1077467786.0020509,0.0,1.0,0,0,0,Đạt,2026-06-14
4587,3,4,10,5,13,0,0,0,13,1077467786.0020509,0.0,0.0,0.0,1077467786.0020509,0.0,1.0,0,0,0,Đạt,2026-06-14
4588,4,4,10,5,13,0,0,0,13,1077467786.0020509,0.0,0.0,0.0,1077467786.0020509,0.0,1.0,0,0,0,Đạt,2026-06-14
4589,5,4,10,5,13,1,0,1,14,1077467786.0020509,66774872.49205967,0.0,66774872.49205967,1144242658.4941106,0.0,1.0,0,0,0,Đạt,2026-06-14
4590,6,4,10,5,14,1,0,1,15,1144242658.4941106,94750259.91385908,0.0,94750259.91385908,1238992918.4079697,0.0,1.0,0,0,0,Đạt,2026-06-14
4591,7,4,10,5,15,0,1,-1,14,1238992918.4079697,0.0,79413598.02808683,-79413598.02808683,1159579320.3798828,0.0666666666666666,0.9333333333333332,0,0,0,Đạt,2026-06-14
4592,8,4,10,5,14,0,0,0,14,1159579320.3798828,0.0,0.0,0.0,1159579320.3798828,0.0,1.0,0,0,0,Đạt,2026-06-14
4593,9,4,10,5,14,1,1,0,14,1159579320.3798828,68062001.597746,84076087.9133586,-16014086.3156126,1143565234.0642705,0.0714285714285714,0.9285714285714286,0,0,0,Đạt,2026-06-14
4594,10,4,10,5,14,1,1,0,14,1143565234.0642705,81185736.17669849,88270648.04870452,-7084911.872006029,1136480322.1922643,0.0714285714285714,0.9285714285714286,0,0,0,Đạt,2026-06-14
4595,11,4,10,5,14,0,0,0,14,1136480322.1922643,0.0,0.0,0.0,1136480322.1922643,0.0,1.0,0,0,0,Đạt,2026-06-14
4596,12,4,10,5,14,1,0,1,15,1136480322.1922643,87099625.0488219,0.0,87099625.0488219,1223579947.2410862,0.0,1.0,0,0,0,Đạt,2026-06-14
4597,1,4,10,6,7,1,0,1,8,106931656.4636603,15430133.450043635,0.0,15430133.450043635,122361789.91370392,0.0,1.0,0,0,0,Đạt,2026-06-14
4598,2,4,10,6,8,0,0,0,8,122361789.91370392,0.0,0.0,0.0,122361789.91370392,0.0,1.0,0,0,0,Đạt,2026-06-14
4599,3,4,10,6,8,1,0,1,9,122361789.91370392,12744582.316850215,0.0,12744582.316850215,135106372.23055416,0.0,1.0,0,0,0,Đạt,2026-06-14
4600,4,4,10,6,9,1,0,1,10,135106372.23055416,16552291.32695978,0.0,16552291.32695978,151658663.55751395,0.0,1.0,0,0,0,Đạt,2026-06-14
4601,5,4,10,6,10,1,0,1,11,151658663.55751395,13723895.752090665,0.0,13723895.752090665,165382559.3096046,0.0,1.0,5,0,0,Cần kiểm tra,2026-06-14
4602,6,4,10,6,11,0,0,0,11,165382559.3096046,0.0,0.0,0.0,165382559.3096046,0.0,1.0,0,0,0,Đạt,2026-06-14
4603,7,4,10,6,11,1,0,1,12,165382559.3096046,15373116.130253095,0.0,15373116.130253095,180755675.4398577,0.0,1.0,0,0,0,Đạt,2026-06-14
4604,8,4,10,6,12,0,0,0,12,180755675.4398577,0.0,0.0,0.0,180755675.4398577,0.0,1.0,0,0,0,Đạt,2026-06-14
4605,9,4,10,6,12,0,1,-1,11,180755675.4398577,0.0,14477263.902574057,-14477263.902574057,166278411.53728366,0.0833333333333333,0.9166666666666666,0,0,0,Đạt,2026-06-14
4606,10,4,10,6,11,0,0,0,11,166278411.53728366,0.0,0.0,0.0,166278411.53728366,0.0,1.0,0,0,0,Đạt,2026-06-14
4607,11,4,10,6,11,1,0,1,12,166278411.53728366,17094716.749587495,0.0,17094716.749587495,183373128.2868712,0.0,1.0,0,0,0,Đạt,2026-06-14
4608,12,4,10,6,12,0,1,-1,11,183373128.2868712,0.0,14073111.713173846,-14073111.713173846,169300016.57369733,0.0833333333333333,0.9166666666666666,0,0,0,Đạt,2026-06-14
4609,1,4,10,7,8,0,0,0,8,108200445.20237744,0.0,0.0,0.0,108200445.20237744,0.0,1.0,0,0,0,Đạt,2026-06-14
4610,2,4,10,7,8,0,0,0,8,108200445.20237744,0.0,0.0,0.0,108200445.20237744,0.0,1.0,0,0,0,Đạt,2026-06-14
4611,3,4,10,7,8,0,0,0,8,108200445.20237744,0.0,0.0,0.0,108200445.20237744,0.0,1.0,0,0,0,Đạt,2026-06-14
4612,4,4,10,7,8,1,0,1,9,108200445.20237744,15750415.539856954,0.0,15750415.539856954,123950860.7422344,0.0,1.0,0,0,0,Đạt,2026-06-14
4613,5,4,10,7,9,0,0,0,9,123950860.7422344,0.0,0.0,0.0,123950860.7422344,0.0,1.0,0,0,0,Đạt,2026-06-14
4614,6,4,10,7,9,1,0,1,10,123950860.7422344,11715812.772960473,0.0,11715812.772960473,135666673.5151949,0.0,1.0,0,0,0,Đạt,2026-06-14
4615,7,4,10,7,10,0,0,0,10,135666673.5151949,0.0,0.0,0.0,135666673.5151949,0.0,1.0,0,0,0,Đạt,2026-06-14
4616,8,4,10,7,10,0,0,0,10,135666673.5151949,0.0,0.0,0.0,135666673.5151949,0.0,1.0,0,0,0,Đạt,2026-06-14
4617,9,4,10,7,10,0,0,0,10,135666673.5151949,0.0,0.0,0.0,135666673.5151949,0.0,1.0,0,0,0,Đạt,2026-06-14
4618,10,4,10,7,10,0,0,0,10,135666673.5151949,0.0,0.0,0.0,135666673.5151949,0.0,1.0,0,0,0,Đạt,2026-06-14
4619,11,4,10,7,10,1,0,1,11,135666673.5151949,12225721.054947725,0.0,12225721.054947725,147892394.57014263,0.0,1.0,0,0,0,Đạt,2026-06-14
4620,12,4,10,7,11,0,0,0,11,147892394.57014263,0.0,0.0,0.0,147892394.57014263,0.0,1.0,0,0,0,Đạt,2026-06-14
4621,1,4,11,1,620,15,26,-11,609,2061104084.3585129,43080211.02659475,71490700.53537214,-28410489.508777387,2032693594.8497355,0.0419354838709677,0.9580645161290322,0,0,0,Đạt,2026-06-14
4622,2,4,11,1,609,88,57,31,640,2032693594.8497355,290970521.2246268,159011092.7588582,131959428.46576858,2164653023.315504,0.0935960591133004,0.9064039408866996,0,0,0,Đạt,2026-06-14
4623,3,4,11,1,640,81,54,27,667,2164653023.315504,310367493.4237939,166237957.37335253,144129536.05044138,2308782559.3659453,0.084375,0.915625,0,0,0,Đạt,2026-06-14
4624,4,4,11,1,667,96,56,40,707,2308782559.3659453,339240533.32199067,154704663.9387989,184535869.38319176,2493318428.749137,0.0839580209895052,0.9160419790104948,0,0,0,Đạt,2026-06-14
4625,5,4,11,1,707,28,39,-11,696,2493318428.749137,76263077.46365966,116868503.76714888,-40605426.30348922,2452713002.445648,0.0551626591230551,0.9448373408769448,0,0,0,Đạt,2026-06-14
4626,6,4,11,1,696,22,37,-15,681,2452713002.445648,69189605.30008066,119880289.74739698,-50690684.44731632,2402022317.9983315,0.0531609195402298,0.9468390804597702,0,0,0,Đạt,2026-06-14
4627,7,4,11,1,681,31,36,-5,676,2402022317.9983315,91462550.45312735,111773811.77945772,-20311261.326330364,2381711056.6720014,0.052863436123348,0.947136563876652,0,0,0,Đạt,2026-06-14
4628,8,4,11,1,676,72,46,26,702,2381711056.6720014,246676043.8312612,169089632.85735402,77586410.97390717,2459297467.6459084,0.0680473372781065,0.9319526627218936,0,0,0,Đạt,2026-06-14
4629,9,4,11,1,702,50,48,2,704,2459297467.6459084,134921909.4461812,160715290.84978968,-25793381.40360847,2433504086.2423,0.0683760683760683,0.9316239316239316,0,0,0,Đạt,2026-06-14
4630,10,4,11,1,704,104,63,41,745,2433504086.2423,335484755.24493587,222336475.7271792,113148279.51775669,2546652365.7600565,0.0894886363636363,0.9105113636363636,0,0,0,Đạt,2026-06-14
4631,11,4,11,1,745,14,50,-36,709,2546652365.7600565,40536500.02721056,138629125.19728604,-98092625.17007548,2448559740.589981,0.0671140939597315,0.9328859060402684,0,0,0,Đạt,2026-06-14
4632,12,4,11,1,709,77,13,64,773,2448559740.589981,217869174.95489535,49787665.31318837,168081509.641707,2616641250.231688,0.0183356840620592,0.9816643159379408,0,0,0,Đạt,2026-06-14
4633,1,4,11,2,254,30,5,25,279,135448669.60110837,15748599.969795266,2527235.031820352,13221364.937974917,148670034.5390833,0.0196850393700787,0.9803149606299212,0,0,0,Đạt,2026-06-14
4634,2,4,11,2,279,38,9,29,308,148670034.5390833,17378426.523037687,4887109.136643948,12491317.38639374,161161351.92547703,0.032258064516129,0.967741935483871,0,0,0,Đạt,2026-06-14
4635,3,4,11,2,308,17,13,4,312,161161351.92547703,8847025.648718266,7142648.023897236,1704377.6248210296,162865729.55029806,0.0422077922077922,0.9577922077922078,0,0,0,Đạt,2026-06-14
4636,4,4,11,2,312,23,23,0,312,162865729.55029806,10230390.944333306,12163313.30303987,-1932922.358706564,160932807.1915915,0.0737179487179487,0.9262820512820512,0,0,0,Đạt,2026-06-14
4637,5,4,11,2,312,13,10,3,315,160932807.1915915,6046270.49719754,5559444.574140453,486825.9230570868,161419633.11464858,0.032051282051282,0.967948717948718,0,0,0,Đạt,2026-06-14
4638,6,4,11,2,315,10,20,-10,305,161419633.11464858,5494233.082693247,11932465.491470205,-6438232.408776958,154981400.7058716,0.0634920634920634,0.9365079365079364,0,0,0,Đạt,2026-06-14
4639,7,4,11,2,305,21,27,-6,299,154981400.7058716,10913610.14539398,13531043.758538876,-2617433.613144897,152363967.0927267,0.0885245901639344,0.9114754098360656,0,0,0,Đạt,2026-06-14
4640,8,4,11,2,299,26,10,16,315,152363967.0927267,16350283.587222252,5470147.011532096,10880136.575690156,163244103.66841686,0.0334448160535117,0.9665551839464884,0,0,0,Đạt,2026-06-14
4641,9,4,11,2,315,31,25,6,321,163244103.66841686,16060340.564434065,14354262.130823754,1706078.4336103108,164950182.10202718,0.0793650793650793,0.9206349206349208,0,0,0,Đạt,2026-06-14
4642,10,4,11,2,321,13,13,0,321,164950182.10202718,8274729.1907259375,6379036.626166134,1895692.5645598036,166845874.666587,0.0404984423676012,0.9595015576323987,0,0,0,Đạt,2026-06-14
4643,11,4,11,2,321,15,28,-13,308,166845874.666587,9439443.334323447,16753341.824195608,-7313898.489872159,159531976.17671484,0.087227414330218,0.912772585669782,0,0,0,Đạt,2026-06-14
4644,12,4,11,2,308,25,14,11,319,159531976.17671484,11412166.299832212,8014564.851930906,3397601.4479013057,162929577.62461615,0.0454545454545454,0.9545454545454546,0,0,0,Đạt,2026-06-14
4645,1,4,11,3,245,31,14,17,262,1216484431.0965877,174513619.19028172,60126325.86742453,114387293.3228572,1330871724.4194448,0.0571428571428571,0.9428571428571428,0,0,0,Đạt,2026-06-14
4646,2,4,11,3,262,10,16,-6,256,1330871724.4194448,56038765.13414895,89005848.68663523,-32967083.55248628,1297904640.8669586,0.0610687022900763,0.9389312977099236,0,0,0,Đạt,2026-06-14
4647,3,4,11,3,256,4,8,-4,252,1297904640.8669586,17137286.40348193,45076839.84757161,-27939553.44408968,1269965087.422869,0.03125,0.96875,0,0,0,Đạt,2026-06-14
4648,4,4,11,3,252,16,2,14,266,1269965087.422869,87519198.4232225,9407432.231827607,78111766.1913949,1348076853.6142638,0.0079365079365079,0.992063492063492,0,0,0,Đạt,2026-06-14
4649,5,4,11,3,266,27,8,19,285,1348076853.6142638,144820667.28372794,33388486.75466827,111432180.52905968,1459509034.1433234,0.0300751879699248,0.9699248120300752,7,9,0,Cần kiểm tra,2026-06-14
4650,6,4,11,3,285,28,6,22,307,1459509034.1433234,121242131.05888018,23900163.82068517,97341967.238195,1556851001.3815184,0.0210526315789473,0.9789473684210528,0,0,0,Đạt,2026-06-14
4651,7,4,11,3,307,34,26,8,315,1556851001.3815184,201928913.3517314,121834818.96663816,80094094.38509323,1636945095.7666116,0.0846905537459283,0.9153094462540716,0,0,0,Đạt,2026-06-14
4652,8,4,11,3,315,6,28,-22,293,1636945095.7666116,31012583.880405083,162357337.31551567,-131344753.43511058,1505600342.331501,0.0888888888888888,0.9111111111111112,0,0,0,Đạt,2026-06-14
4653,9,4,11,3,293,35,21,14,307,1505600342.331501,195405694.4365216,119093802.31839138,76311892.11813018,1581912234.4496312,0.0716723549488054,0.9283276450511946,0,0,0,Đạt,2026-06-14
4654,10,4,11,3,307,39,26,13,320,1581912234.4496312,206416737.302005,103712187.80108447,102704549.50092052,1684616783.9505515,0.0846905537459283,0.9153094462540716,0,0,0,Đạt,2026-06-14
4655,11,4,11,3,320,20,16,4,324,1684616783.9505515,114873631.90839133,63848270.21371564,51025361.69467568,1735642145.6452274,0.05,0.95,0,0,0,Đạt,2026-06-14
4656,12,4,11,3,324,36,24,12,336,1735642145.6452274,185456167.58750373,108756050.02826928,76700117.55923444,1812342263.2044616,0.074074074074074,0.925925925925926,0,0,0,Đạt,2026-06-14
4657,1,4,11,4,284,35,6,29,313,626231366.8599124,91687561.4563994,12348770.103439655,79338791.35295975,705570158.2128721,0.0211267605633802,0.9788732394366196,0,0,0,Đạt,2026-06-14
4658,2,4,11,4,313,10,21,-11,302,705570158.2128721,19464975.12249693,48291009.99839855,-28826034.87590162,676744123.3369706,0.0670926517571885,0.9329073482428116,0,0,0,Đạt,2026-06-14
4659,3,4,11,4,302,29,9,20,322,676744123.3369706,66443586.88753494,19408487.27132479,47035099.61621015,723779222.9531807,0.0298013245033112,0.9701986754966888,0,0,0,Đạt,2026-06-14
4660,4,4,11,4,322,37,25,12,334,723779222.9531807,84720589.32854268,52980536.33979975,31740052.988742933,755519275.9419236,0.077639751552795,0.922360248447205,0,0,0,Đạt,2026-06-14
4661,5,4,11,4,334,45,27,18,352,755519275.9419236,89476049.32995805,64333072.98596397,25142976.34399408,780662252.2859178,0.0808383233532934,0.9191616766467066,0,0,0,Đạt,2026-06-14
4662,6,4,11,4,352,18,20,-2,350,780662252.2859178,47208766.91457412,38396316.67246436,8812450.24210976,789474702.5280275,0.0568181818181818,0.9431818181818182,1,0,2,Cần kiểm tra,2026-06-14
4663,7,4,11,4,350,34,22,12,362,789474702.5280275,72707660.13740031,44207159.56563267,28500500.571767643,817975203.0997952,0.0628571428571428,0.9371428571428572,0,0,0,Đạt,2026-06-14
4664,8,4,11,4,362,6,7,-1,361,817975203.0997952,12464734.749513175,13086095.308846677,-621360.5593334977,817353842.5404618,0.0193370165745856,0.9806629834254144,0,0,0,Đạt,2026-06-14
4665,9,4,11,4,361,27,34,-7,354,817353842.5404618,49747163.61444715,68942873.93455148,-19195710.32010433,798158132.2203574,0.0941828254847645,0.9058171745152356,0,0,0,Đạt,2026-06-14
4666,10,4,11,4,354,29,24,5,359,798158132.2203574,68785419.63453622,45347537.82580392,23437881.8087323,821596014.0290897,0.0677966101694915,0.9322033898305084,0,0,0,Đạt,2026-06-14
4667,11,4,11,4,359,18,19,-1,358,821596014.0290897,33600377.64911033,39082060.07592622,-5481682.42681589,816114331.6022738,0.0529247910863509,0.947075208913649,0,0,0,Đạt,2026-06-14
4668,12,4,11,4,358,51,8,43,401,816114331.6022738,119610566.5498026,16952504.681018677,102658061.86878392,918772393.4710578,0.0223463687150838,0.9776536312849162,0,0,0,Đạt,2026-06-14
4669,1,4,11,5,562,38,43,-5,557,1233370860.7796896,97774461.18939188,96740745.59360476,1033715.595787108,1234404576.3754766,0.0765124555160142,0.9234875444839856,2,0,2,Cần kiểm tra,2026-06-14
4670,2,4,11,5,557,47,17,30,587,1234404576.3754766,121757705.4707724,35034938.302036375,86722767.16873601,1321127343.5442126,0.0305206463195691,0.9694793536804308,0,0,0,Đạt,2026-06-14
4671,3,4,11,5,587,52,47,5,592,1321127343.5442126,122041163.03134294,84389905.41783701,37651257.61350593,1358778601.1577184,0.080068143100511,0.919931856899489,0,0,0,Đạt,2026-06-14
4672,4,4,11,5,592,31,17,14,606,1358778601.1577184,60377955.61884152,43560734.36332148,16817221.25552004,1375595822.4132383,0.0287162162162162,0.9712837837837838,0,0,0,Đạt,2026-06-14
4673,5,4,11,5,606,38,43,-5,601,1375595822.4132383,73756302.57353112,97723023.75191908,-23966721.17838797,1351629101.2348506,0.0709570957095709,0.929042904290429,0,0,0,Đạt,2026-06-14
4674,6,4,11,5,601,65,42,23,624,1351629101.2348506,166898248.99870273,75101594.81348518,91796654.18521756,1443425755.4200685,0.0698835274542429,0.9301164725457572,0,0,0,Đạt,2026-06-14
4675,7,4,11,5,624,78,60,18,642,1443425755.4200685,176722065.94278872,142437556.09376293,34284509.849025786,1477710265.269094,0.0961538461538461,0.903846153846154,0,0,0,Đạt,2026-06-14
4676,8,4,11,5,642,20,12,8,650,1477710265.269094,45235317.1302205,21922817.07795998,23312500.05226052,1501022765.3213546,0.0186915887850467,0.9813084112149532,0,0,0,Đạt,2026-06-14
4677,9,4,11,5,650,21,30,-9,641,1501022765.3213546,40834379.90279675,72437317.40227807,-31602937.499481317,1469419827.8218734,0.0461538461538461,0.9538461538461538,0,0,0,Đạt,2026-06-14
4678,10,4,11,5,641,16,12,4,645,1469419827.8218734,41968948.85674441,27970173.891552277,13998774.965192135,1483418602.7870655,0.0187207488299532,0.9812792511700468,0,0,0,Đạt,2026-06-14
4679,11,4,11,5,645,8,23,-15,630,1483418602.7870655,15242456.452463388,48241923.820399664,-32999467.36793628,1450419135.4191291,0.0356589147286821,0.9643410852713178,7,0,0,Cần kiểm tra,2026-06-14
4680,12,4,11,5,630,43,35,8,638,1450419135.4191291,91600662.59797668,62004806.75678729,29595855.841189392,1480014991.2603185,0.0555555555555555,0.9444444444444444,0,0,0,Đạt,2026-06-14
4681,1,4,11,6,440,10,25,-15,425,414242547.0918242,8705731.023960102,26622423.34663948,-17916692.322679378,396325854.7691448,0.0568181818181818,0.9431818181818182,0,0,0,Đạt,2026-06-14
4682,2,4,11,6,425,11,17,-6,419,396325854.7691448,11090527.176615093,13003875.811203511,-1913348.6345884204,394412506.1345564,0.04,0.96,0,0,0,Đạt,2026-06-14
4683,3,4,11,6,419,46,5,41,460,394412506.1345564,49164170.26883071,5471087.858609634,43693082.41022108,438105588.5447775,0.0119331742243436,0.9880668257756564,0,0,0,Đạt,2026-06-14
4684,4,4,11,6,460,63,14,49,509,438105588.5447775,66640463.68655764,11308525.942381574,55331937.74417607,493437526.2889536,0.0304347826086956,0.9695652173913044,0,0,0,Đạt,2026-06-14
4685,5,4,11,6,509,31,6,25,534,493437526.2889536,29478609.53363496,4538872.70898204,24939736.82465292,518377263.11360645,0.0117878192534381,0.988212180746562,0,0,0,Đạt,2026-06-14
4686,6,4,11,6,534,12,24,-12,522,518377263.11360645,11213856.696404612,18756617.793907218,-7542761.097502606,510834502.0161039,0.0449438202247191,0.9550561797752808,0,0,0,Đạt,2026-06-14
4687,7,4,11,6,522,59,40,19,541,510834502.0161039,51702024.67421914,36409608.35431764,15292416.319901496,526126918.3360053,0.0766283524904214,0.9233716475095786,0,0,0,Đạt,2026-06-14
4688,8,4,11,6,541,14,46,-32,509,526126918.3360053,14584920.046899203,49514874.179559104,-34929954.1326599,491196964.2033454,0.0850277264325323,0.9149722735674676,0,0,0,Đạt,2026-06-14
4689,9,4,11,6,509,5,6,-1,508,491196964.2033454,4122956.709820932,5170144.509350864,-1047187.7995299324,490149776.4038155,0.0117878192534381,0.988212180746562,0,0,0,Đạt,2026-06-14
4690,10,4,11,6,508,60,27,33,541,490149776.4038155,46818598.31295145,29080849.568561383,17737748.744390067,507887525.1482056,0.0531496062992126,0.9468503937007874,0,0,0,Đạt,2026-06-14
4691,11,4,11,6,541,48,51,-3,538,507887525.1482056,41801715.87336925,53506587.78568638,-11704871.912317129,496182653.2358885,0.0942698706099815,0.9057301293900184,0,0,0,Đạt,2026-06-14
4692,12,4,11,6,538,15,22,-7,531,496182653.2358885,12821476.946872463,17653449.133385986,-4831972.186513521,491350681.0493749,0.0408921933085501,0.9591078066914498,0,0,0,Đạt,2026-06-14
4693,1,4,11,7,310,16,4,12,322,361989621.3318578,18118880.97362848,3739767.91378576,14379113.059842717,376368734.3917005,0.0129032258064516,0.9870967741935484,0,0,0,Đạt,2026-06-14
4694,2,4,11,7,322,4,31,-27,295,376368734.3917005,5415338.83645748,42011218.46374654,-36595879.62728906,339772854.76441145,0.0962732919254658,0.903726708074534,0,0,0,Đạt,2026-06-14
4695,3,4,11,7,295,28,23,5,300,339772854.76441145,28981885.12014881,29977963.30398549,-996078.1838366836,338776776.58057475,0.0779661016949152,0.9220338983050848,0,0,0,Đạt,2026-06-14
4696,4,4,11,7,300,13,3,10,310,338776776.58057475,18043017.943903428,3191110.7164390306,14851907.227464397,353628683.8080391,0.01,0.99,0,0,0,Đạt,2026-06-14
4697,5,4,11,7,310,18,27,-9,301,353628683.8080391,21045589.3624506,29177622.085961275,-8132032.723510675,345496651.08452845,0.0870967741935483,0.9129032258064516,0,0,0,Đạt,2026-06-14
4698,6,4,11,7,301,28,17,11,312,345496651.08452845,35318925.32320563,18468858.59407798,16850066.72912765,362346717.8136561,0.0564784053156146,0.9435215946843852,0,0,0,Đạt,2026-06-14
4699,7,4,11,7,312,8,12,-4,308,362346717.8136561,7535462.222121691,14754521.676263452,-7219059.454141762,355127658.3595144,0.0384615384615384,0.9615384615384616,0,0,0,Đạt,2026-06-14
4700,8,4,11,7,308,41,28,13,321,355127658.3595144,47576115.66738691,33209172.47621975,14366943.19116716,369494601.55068153,0.0909090909090909,0.9090909090909092,0,0,0,Đạt,2026-06-14
4701,9,4,11,7,321,12,3,9,330,369494601.55068153,16408847.165508283,3456402.395291678,12952444.770216605,382447046.3208981,0.0093457943925233,0.9906542056074766,0,0,0,Đạt,2026-06-14
4702,10,4,11,7,330,13,15,-2,328,382447046.3208981,16961920.973272882,20865548.34164138,-3903627.368368499,378543418.9525296,0.0454545454545454,0.9545454545454546,0,0,0,Đạt,2026-06-14
4703,11,4,11,7,328,5,30,-25,303,378543418.9525296,5029691.793100795,35428499.43439939,-30398807.641298592,348144611.311231,0.0914634146341463,0.9085365853658536,0,0,0,Đạt,2026-06-14
4704,12,4,11,7,303,30,19,11,314,348144611.311231,29490705.092732973,24589383.116003416,4901321.976729557,353045933.2879606,0.0627062706270627,0.9372937293729372,0,0,0,Đạt,2026-06-14
4705,1,4,12,1,405,46,9,37,442,1860575770.651749,229543390.3032899,33282991.319137268,196260398.98415264,2056836169.6359012,0.0222222222222222,0.9777777777777776,0,0,0,Đạt,2026-06-14
4706,2,4,12,1,442,18,7,11,453,2056836169.6359012,93556858.19667116,27202131.15613121,66354727.04053996,2123190896.6764412,0.0158371040723981,0.984162895927602,0,0,0,Đạt,2026-06-14
4707,3,4,12,1,453,11,41,-30,423,2123190896.6764412,55099031.59092055,180940773.7252079,-125841742.13428734,1997349154.542154,0.0905077262693156,0.9094922737306844,0,0,0,Đạt,2026-06-14
4708,4,4,12,1,423,39,40,-1,422,1997349154.542154,188894027.31017715,191977834.22098973,-3083806.9108125865,1994265347.6313412,0.0945626477541371,0.9054373522458627,0,0,0,Đạt,2026-06-14
4709,5,4,12,1,422,25,23,2,424,1994265347.6313412,136570183.97715905,121076658.7705608,15493525.206598269,2009758872.83794,0.0545023696682464,0.9454976303317536,0,0,0,Đạt,2026-06-14
4710,6,4,12,1,424,45,41,4,428,2009758872.83794,216063214.4091805,174009346.53114918,42053867.87803128,2051812740.715971,0.0966981132075471,0.9033018867924528,0,0,0,Đạt,2026-06-14
4711,7,4,12,1,428,57,35,22,450,2051812740.715971,238944360.16985515,189479063.0718795,49465297.09797564,2101278037.8139467,0.0817757009345794,0.9182242990654206,0,0,0,Đạt,2026-06-14
4712,8,4,12,1,450,28,5,23,473,2101278037.8139467,118219072.1510898,26241621.837039005,91977450.31405078,2193255488.1279974,0.0111111111111111,0.9888888888888888,0,0,0,Đạt,2026-06-14
4713,9,4,12,1,473,47,15,32,505,2193255488.1279974,194475081.7454808,63014073.33378202,131461008.4116988,2324716496.539696,0.0317124735729386,0.9682875264270612,0,0,0,Đạt,2026-06-14
4714,10,4,12,1,505,58,42,16,521,2324716496.539696,278450641.17910933,170669713.0854716,107780928.09363772,2432497424.633334,0.0831683168316831,0.9168316831683168,0,0,0,Đạt,2026-06-14
4715,11,4,12,1,521,46,9,37,558,2432497424.633334,234965916.29218045,34172316.714759305,200793599.57742116,2633291024.210756,0.0172744721689059,0.982725527831094,0,0,0,Đạt,2026-06-14
4716,12,4,12,1,558,31,15,16,574,2633291024.210756,115202483.84689812,60239526.38526542,54962957.46163269,2688253981.672388,0.0268817204301075,0.9731182795698924,0,0,0,Đạt,2026-06-14
4717,1,4,12,2,206,21,15,6,212,365826897.01953214,35235317.87051815,22006392.67958953,13228925.19092862,379055822.2104608,0.0728155339805825,0.9271844660194176,0,0,0,Đạt,2026-06-14
4718,2,4,12,2,212,8,2,6,218,379055822.2104608,13243743.160734056,3124239.7894532755,10119503.371280782,389175325.5817416,0.0094339622641509,0.9905660377358492,0,0,0,Đạt,2026-06-14
4719,3,4,12,2,218,28,10,18,236,389175325.5817416,51933697.84093864,18608437.84249044,33325259.998448197,422500585.58018976,0.0458715596330275,0.9541284403669724,0,0,0,Đạt,2026-06-14
4720,4,4,12,2,236,8,5,3,239,422500585.58018976,12662691.831625557,8009771.694612242,4652920.137013314,427153505.7172031,0.0211864406779661,0.978813559322034,0,0,0,Đạt,2026-06-14
4721,5,4,12,2,239,35,21,14,253,427153505.7172031,61409058.75724013,37927945.91481729,23481112.84242284,450634618.5596259,0.0878661087866108,0.9121338912133892,0,0,0,Đạt,2026-06-14
4722,6,4,12,2,253,33,9,24,277,450634618.5596259,48118619.38487623,12972811.339573717,35145808.04530251,485780426.6049284,0.0355731225296442,0.9644268774703556,0,0,0,Đạt,2026-06-14
4723,7,4,12,2,277,31,9,22,299,485780426.6049284,55414493.171772845,14391802.386368386,41022690.78540446,526803117.3903329,0.0324909747292418,0.967509025270758,0,0,0,Đạt,2026-06-14
4724,8,4,12,2,299,21,11,10,309,526803117.3903329,42600430.45393865,15947105.851297358,26653324.60264129,553456441.9929742,0.0367892976588628,0.9632107023411371,0,0,0,Đạt,2026-06-14
4725,9,4,12,2,309,18,19,-1,308,553456441.9929742,31648388.7707314,28010074.560366917,3638314.2103644833,557094756.2033386,0.0614886731391585,0.9385113268608414,0,0,0,Đạt,2026-06-14
4726,10,4,12,2,308,5,11,-6,302,557094756.2033386,10453505.62513378,22358103.62051128,-11904597.9953775,545190158.2079611,0.0357142857142857,0.9642857142857144,0,0,0,Đạt,2026-06-14
4727,11,4,12,2,302,40,30,10,312,545190158.2079611,67253402.96352649,50349024.99293607,16904377.97059042,562094536.1785516,0.0993377483443708,0.9006622516556292,0,0,0,Đạt,2026-06-14
4728,12,4,12,2,312,43,23,20,332,562094536.1785516,84875931.1578336,46059759.17586736,38816171.98196625,600910708.1605178,0.0737179487179487,0.9262820512820512,0,0,0,Đạt,2026-06-14
4729,1,4,12,3,710,64,17,47,757,3437347878.916025,278747092.8793832,77335815.35874769,201411277.52063552,3638759156.436661,0.0239436619718309,0.976056338028169,0,0,0,Đạt,2026-06-14
4730,2,4,12,3,757,36,37,-1,756,3638759156.436661,144296448.00539345,187639855.6178696,-43343407.61247614,3595415748.8241844,0.0488771466314399,0.95112285336856,0,0,0,Đạt,2026-06-14
4731,3,4,12,3,756,28,11,17,773,3595415748.8241844,152073748.98650917,54649747.85745401,97424001.12905516,3692839749.95324,0.0145502645502645,0.9854497354497356,0,0,0,Đạt,2026-06-14
4732,4,4,12,3,773,63,55,8,781,3692839749.95324,365850112.4852008,266167018.73502865,99683093.75017215,3792522843.703412,0.0711513583441138,0.928848641655886,0,0,0,Đạt,2026-06-14
4733,5,4,12,3,781,109,70,39,820,3792522843.703412,610936030.7271543,354199597.4535091,256736433.2736452,4049259276.977057,0.0896286811779769,0.910371318822023,0,0,0,Đạt,2026-06-14
4734,6,4,12,3,820,26,11,15,835,4049259276.977057,145836753.24798006,55918600.1314594,89918153.11652066,4139177430.0935774,0.0134146341463414,0.9865853658536584,0,0,0,Đạt,2026-06-14
4735,7,4,12,3,835,88,42,46,881,4139177430.0935774,440220352.775846,221759480.40953845,218460872.3663076,4357638302.459885,0.0502994011976047,0.9497005988023952,0,0,0,Đạt,2026-06-14
4736,8,4,12,3,881,108,34,74,955,4357638302.459885,495389833.920069,148538769.30613568,346851064.6139333,4704489367.073818,0.0385925085130533,0.9614074914869466,0,0,0,Đạt,2026-06-14
4737,9,4,12,3,955,73,80,-7,948,4704489367.073818,401336301.3188886,379800219.4980968,21536081.82079178,4726025448.89461,0.0837696335078534,0.9162303664921466,0,0,0,Đạt,2026-06-14
4738,10,4,12,3,948,79,92,-13,935,4726025448.89461,405165962.5292176,369855960.3528677,35310002.17634988,4761335451.07096,0.0970464135021097,0.9029535864978904,0,0,0,Đạt,2026-06-14
4739,11,4,12,3,935,99,88,11,946,4761335451.07096,407038057.4648189,418708605.8691624,-11670548.404343544,4749664902.666616,0.0941176470588235,0.9058823529411764,0,0,0,Đạt,2026-06-14
4740,12,4,12,3,946,112,22,90,1036,4749664902.666616,631046686.273683,86105869.0222655,544940817.2514174,5294605719.918034,0.0232558139534883,0.9767441860465116,0,0,0,Đạt,2026-06-14
4741,1,4,12,4,275,37,15,22,297,968982439.6433184,110042756.20571716,57227038.4887284,52815717.71698875,1021798157.3603072,0.0545454545454545,0.9454545454545454,0,0,0,Đạt,2026-06-14
4742,2,4,12,4,297,39,25,14,311,1021798157.3603072,141049282.84267142,89188837.34053694,51860445.50213449,1073658602.8624417,0.0841750841750841,0.915824915824916,0,0,0,Đạt,2026-06-14
4743,3,4,12,4,311,24,24,0,311,1073658602.8624417,99686292.73857024,89534794.19559532,10151498.542974904,1083810101.4054165,0.0771704180064308,0.9228295819935692,0,0,0,Đạt,2026-06-14
4744,4,4,12,4,311,9,9,0,311,1083810101.4054165,35047417.72077714,25976990.758646198,9070426.962130943,1092880528.3675475,0.0289389067524115,0.9710610932475884,0,0,0,Đạt,2026-06-14
4745,5,4,12,4,311,9,6,3,314,1092880528.3675475,31960575.996623524,17106099.303530715,14854476.693092808,1107735005.0606403,0.0192926045016077,0.9807073954983924,0,0,0,Đạt,2026-06-14
4746,6,4,12,4,314,47,6,41,355,1107735005.0606403,136614253.00849214,17964723.52341545,118649529.4850767,1226384534.545717,0.019108280254777,0.9808917197452228,0,0,0,Đạt,2026-06-14
4747,7,4,12,4,355,39,12,27,382,1226384534.545717,127654092.36073937,37304748.739493504,90349343.62124586,1316733878.1669629,0.0338028169014084,0.9661971830985916,0,0,0,Đạt,2026-06-14
4748,8,4,12,4,382,12,31,-19,363,1316733878.1669629,36675741.14354853,118454844.46736558,-81779103.32381704,1234954774.8431458,0.0811518324607329,0.918848167539267,0,0,0,Đạt,2026-06-14
4749,9,4,12,4,363,40,15,25,388,1234954774.8431458,119770849.42860836,53803251.01219298,65967598.41641539,1300922373.2595613,0.0413223140495867,0.9586776859504132,0,0,0,Đạt,2026-06-14
4750,10,4,12,4,388,54,24,30,418,1300922373.2595613,211823073.74582976,70726578.60123536,141096495.1445944,1442018868.4041555,0.0618556701030927,0.9381443298969072,0,0,0,Đạt,2026-06-14
4751,11,4,12,4,418,12,6,6,424,1442018868.4041555,47127080.52870511,24599469.304551337,22527611.22415377,1464546479.6283095,0.0143540669856459,0.985645933014354,0,0,0,Đạt,2026-06-14
4752,12,4,12,4,424,40,5,35,459,1464546479.6283095,149620830.1874684,20015282.364207957,129605547.82326046,1594152027.45157,0.0117924528301886,0.9882075471698112,0,0,0,Đạt,2026-06-14
4753,1,4,12,5,304,22,8,14,318,462026258.5854176,37997068.83233305,13659924.538376762,24337144.293956287,486363402.8793739,0.0263157894736842,0.9736842105263158,0,0,0,Đạt,2026-06-14
4754,2,4,12,5,318,20,8,12,330,486363402.8793739,28182397.97436416,10118374.809132462,18064023.165231697,504427426.0446056,0.0251572327044025,0.9748427672955976,0,0,0,Đạt,2026-06-14
4755,3,4,12,5,330,18,20,-2,328,504427426.0446056,25225646.70477005,32026716.19639708,-6801069.49162703,497626356.5529786,0.0606060606060606,0.9393939393939394,0,0,0,Đạt,2026-06-14
4756,4,4,12,5,328,17,26,-9,319,497626356.5529786,21052154.82354876,41885349.23607079,-20833194.41252203,476793162.14045656,0.0792682926829268,0.9207317073170732,0,0,0,Đạt,2026-06-14
4757,5,4,12,5,319,7,6,1,320,476793162.14045656,10245609.38956198,9548733.37475837,696876.0148036089,477490038.15526015,0.018808777429467,0.9811912225705328,0,0,0,Đạt,2026-06-14
4758,6,4,12,5,320,47,28,19,339,477490038.15526015,58544537.8156016,42756952.77167127,15787585.04393033,493277623.1991905,0.0875,0.9125,0,0,0,Đạt,2026-06-14
4759,7,4,12,5,339,48,13,35,374,493277623.1991905,75838658.88659611,17331646.404498678,58507012.48209743,551784635.6812879,0.0383480825958702,0.9616519174041298,0,0,0,Đạt,2026-06-14
4760,8,4,12,5,374,13,32,-19,355,551784635.6812879,19980697.21882788,45234941.10661839,-25254243.887790512,526530391.7934974,0.0855614973262032,0.9144385026737968,0,0,0,Đạt,2026-06-14
4761,9,4,12,5,355,40,31,9,364,526530391.7934974,64746112.3598802,49497096.50063904,15249015.859241163,541779407.6527386,0.0873239436619718,0.9126760563380282,0,0,0,Đạt,2026-06-14
4762,10,4,12,5,364,32,14,18,382,541779407.6527386,40573095.83209925,20682001.11361161,19891094.71848763,561670502.3712262,0.0384615384615384,0.9615384615384616,0,0,0,Đạt,2026-06-14
4763,11,4,12,5,382,51,31,20,402,561670502.3712262,63175110.9713524,39295326.46452115,23879784.50683125,585550286.8780575,0.0811518324607329,0.918848167539267,0,0,0,Đạt,2026-06-14
4764,12,4,12,5,402,5,8,-3,399,585550286.8780575,8360681.485739633,13844293.465092637,-5483611.979353003,580066674.8987045,0.0199004975124378,0.9800995024875622,0,0,0,Đạt,2026-06-14
4765,1,4,12,6,490,10,30,-20,470,1436362090.001532,31461956.704893664,70359865.49820225,-38897908.793308586,1397464181.2082236,0.0612244897959183,0.9387755102040816,0,0,0,Đạt,2026-06-14
4766,2,4,12,6,470,28,46,-18,452,1397464181.2082236,88574866.87494001,150288362.6101908,-61713495.7352508,1335750685.4729729,0.0978723404255319,0.902127659574468,0,0,0,Đạt,2026-06-14
4767,3,4,12,6,452,7,28,-21,431,1335750685.4729729,21338194.772065885,80325697.33842295,-58987502.56635707,1276763182.9066155,0.0619469026548672,0.9380530973451328,0,0,0,Đạt,2026-06-14
4768,4,4,12,6,431,42,36,6,437,1276763182.9066155,99285713.86645348,85902173.96751986,13383539.89893362,1290146722.8055494,0.0835266821345707,0.9164733178654292,0,0,0,Đạt,2026-06-14
4769,5,4,12,6,437,13,36,-23,414,1290146722.8055494,38589182.43640342,108505629.98417194,-69916447.54776852,1220230275.2577808,0.0823798627002288,0.9176201372997712,6,0,0,Cần kiểm tra,2026-06-14
4770,6,4,12,6,414,53,37,16,430,1220230275.2577808,149912449.62828255,123256825.97721146,26655623.651071087,1246885898.908852,0.0893719806763285,0.9106280193236715,0,0,0,Đạt,2026-06-14
4771,7,4,12,6,430,48,32,16,446,1246885898.908852,162435263.39017734,92453721.21750817,69981542.17266917,1316867441.081521,0.0744186046511627,0.9255813953488372,0,0,0,Đạt,2026-06-14
4772,8,4,12,6,446,35,5,30,476,1316867441.081521,98988844.42833708,12824807.19578659,86164037.23255047,1403031478.3140714,0.0112107623318385,0.9887892376681614,1,0,3,Cần kiểm tra,2026-06-14
4773,9,4,12,6,476,51,30,21,497,1403031478.3140714,153394926.29306608,72089618.25299293,81305308.04007316,1484336786.3541446,0.0630252100840336,0.9369747899159664,0,0,0,Đạt,2026-06-14
4774,10,4,12,6,497,50,33,17,514,1484336786.3541446,162806977.9258591,104841631.32219848,57965346.60366063,1542302132.9578052,0.0663983903420523,0.9336016096579476,6,0,3,Cần kiểm tra,2026-06-14
4775,11,4,12,6,514,44,26,18,532,1542302132.9578052,139713835.46477196,90485264.96731108,49228570.49746089,1591530703.455266,0.0505836575875486,0.9494163424124512,0,0,0,Đạt,2026-06-14
4776,12,4,12,6,532,19,36,-17,515,1591530703.455266,60665000.84964407,122093155.7401186,-61428154.89047452,1530102548.5647914,0.0676691729323308,0.9323308270676692,0,0,0,Đạt,2026-06-14
4777,1,4,12,7,412,25,14,11,423,1660820345.3182864,90875824.18852706,53831343.53739108,37044480.65113598,1697864825.9694223,0.0339805825242718,0.9660194174757282,0,0,0,Đạt,2026-06-14
4778,2,4,12,7,423,63,20,43,466,1697864825.9694223,285930931.7538042,91200929.18639126,194730002.5674129,1892594828.5368352,0.0472813238770685,0.9527186761229316,0,0,0,Đạt,2026-06-14
4779,3,4,12,7,466,53,28,25,491,1892594828.5368352,177949786.72252157,126160576.305892,51789210.41662958,1944384038.9534647,0.0600858369098712,0.9399141630901288,0,0,0,Đạt,2026-06-14
4780,4,4,12,7,491,8,7,1,492,1944384038.9534647,28930415.40457684,31464334.92429479,-2533919.519717946,1941850119.4337468,0.0142566191446028,0.9857433808553973,0,0,0,Đạt,2026-06-14
4781,5,4,12,7,492,43,26,17,509,1941850119.4337468,205930397.9364701,114380683.50770772,91549714.4287624,2033399833.8625093,0.0528455284552845,0.9471544715447154,0,0,0,Đạt,2026-06-14
4782,6,4,12,7,509,52,17,35,544,2033399833.8625093,184661101.1198897,56028182.37606722,128632918.74382249,2162032752.606332,0.0333988212180746,0.9666011787819252,0,0,0,Đạt,2026-06-14
4783,7,4,12,7,544,38,21,17,561,2162032752.606332,123115741.9649838,90442754.678784,32672987.286199808,2194705739.8925314,0.0386029411764705,0.9613970588235294,0,0,0,Đạt,2026-06-14
4784,8,4,12,7,561,60,10,50,611,2194705739.8925314,266240495.43585357,35582541.1308999,230657954.30495363,2425363694.197485,0.017825311942959,0.982174688057041,0,0,0,Đạt,2026-06-14
4785,9,4,12,7,611,30,26,4,615,2425363694.197485,131957509.36007357,97257339.4659501,34700169.89412345,2460063864.0916085,0.0425531914893617,0.9574468085106383,0,0,0,Đạt,2026-06-14
4786,10,4,12,7,615,38,47,-9,606,2460063864.0916085,139096484.37894514,208537240.21792543,-69440755.83898032,2390623108.2526283,0.0764227642276422,0.9235772357723576,0,0,0,Đạt,2026-06-14
4787,11,4,12,7,606,54,12,42,648,2390623108.2526283,179202431.34559405,46049655.36555659,133152775.98003744,2523775884.232666,0.0198019801980198,0.9801980198019802,0,0,0,Đạt,2026-06-14
4788,12,4,12,7,648,95,61,34,682,2523775884.232666,420703650.3152907,211073741.1974752,209629909.1178155,2733405793.350481,0.0941358024691358,0.9058641975308642,0,0,0,Đạt,2026-06-14
4789,1,4,13,1,12,1,0,1,13,581246615.6518452,41274219.559619874,0.0,41274219.559619874,622520835.2114651,0.0,1.0,0,0,0,Đạt,2026-06-14
4790,2,4,13,1,13,0,1,-1,12,622520835.2114651,0.0,55860889.829508334,-55860889.829508334,566659945.3819568,0.0769230769230769,0.9230769230769232,0,0,0,Đạt,2026-06-14
4791,3,4,13,1,12,0,0,0,12,566659945.3819568,0.0,0.0,0.0,566659945.3819568,0.0,1.0,0,0,0,Đạt,2026-06-14
4792,4,4,13,1,12,1,0,1,13,566659945.3819568,57496083.19114986,0.0,57496083.19114986,624156028.5731066,0.0,1.0,0,0,0,Đạt,2026-06-14
4793,5,4,13,1,13,0,0,0,13,624156028.5731066,0.0,0.0,0.0,624156028.5731066,0.0,1.0,0,0,0,Đạt,2026-06-14
4794,6,4,13,1,13,1,1,0,13,624156028.5731066,51172636.976430416,52304577.933228366,-1131940.95679795,623024087.6163087,0.0769230769230769,0.9230769230769232,0,0,0,Đạt,2026-06-14
4795,7,4,13,1,13,0,0,0,13,623024087.6163087,0.0,0.0,0.0,623024087.6163087,0.0,1.0,0,0,0,Đạt,2026-06-14
4796,8,4,13,1,13,1,0,1,14,623024087.6163087,38928045.50364732,0.0,38928045.50364732,661952133.119956,0.0,1.0,0,0,0,Đạt,2026-06-14
4797,9,4,13,1,14,0,1,-1,13,661952133.119956,0.0,44430937.88422861,-44430937.88422861,617521195.2357274,0.0714285714285714,0.9285714285714286,0,0,0,Đạt,2026-06-14
4798,10,4,13,1,13,1,0,1,14,617521195.2357274,45156896.09957308,0.0,45156896.09957308,662678091.3353006,0.0,1.0,0,0,0,Đạt,2026-06-14
4799,11,4,13,1,14,0,0,0,14,662678091.3353006,0.0,0.0,0.0,662678091.3353006,0.0,1.0,0,0,0,Đạt,2026-06-14
4800,12,4,13,1,14,2,0,2,16,662678091.3353006,82540664.03149307,0.0,82540664.03149307,745218755.3667936,0.0,1.0,0,0,0,Đạt,2026-06-14
4801,1,4,13,2,12,0,0,0,12,466871244.61451966,0.0,0.0,0.0,466871244.61451966,0.0,1.0,0,0,0,Đạt,2026-06-14
4802,2,4,13,2,12,1,1,0,12,466871244.61451966,31219652.82651252,38250693.86514864,-7031041.038636122,459840203.5758835,0.0833333333333333,0.9166666666666666,0,0,0,Đạt,2026-06-14
4803,3,4,13,2,12,0,0,0,12,459840203.5758835,0.0,0.0,0.0,459840203.5758835,0.0,1.0,10,0,0,Cần kiểm tra,2026-06-14
4804,4,4,13,2,12,0,0,0,12,459840203.5758835,0.0,0.0,0.0,459840203.5758835,0.0,1.0,0,0,0,Đạt,2026-06-14
4805,5,4,13,2,12,1,0,1,13,459840203.5758835,44666383.67360734,0.0,44666383.67360734,504506587.24949086,0.0,1.0,7,0,2,Cần kiểm tra,2026-06-14
4806,6,4,13,2,13,1,0,1,14,504506587.24949086,44985340.1660358,0.0,44985340.1660358,549491927.4155266,0.0,1.0,0,0,0,Đạt,2026-06-14
4807,7,4,13,2,14,1,0,1,15,549491927.4155266,39285821.27566173,0.0,39285821.27566173,588777748.6911883,0.0,1.0,0,0,0,Đạt,2026-06-14
4808,8,4,13,2,15,0,0,0,15,588777748.6911883,0.0,0.0,0.0,588777748.6911883,0.0,1.0,0,0,0,Đạt,2026-06-14
4809,9,4,13,2,15,0,0,0,15,588777748.6911883,0.0,0.0,0.0,588777748.6911883,0.0,1.0,0,0,0,Đạt,2026-06-14
4810,10,4,13,2,15,0,0,0,15,588777748.6911883,0.0,0.0,0.0,588777748.6911883,0.0,1.0,0,0,0,Đạt,2026-06-14
4811,11,4,13,2,15,0,1,-1,14,588777748.6911883,0.0,43180454.53528002,-43180454.53528002,545597294.1559083,0.0666666666666666,0.9333333333333332,0,0,0,Đạt,2026-06-14
4812,12,4,13,2,14,1,1,0,14,545597294.1559083,34788803.270643055,39374181.27607514,-4585378.005432084,541011916.1504762,0.0714285714285714,0.9285714285714286,0,0,0,Đạt,2026-06-14
4813,1,4,13,3,15,1,0,1,16,255161132.8408112,14378741.376800584,0.0,14378741.376800584,269539874.21761173,0.0,1.0,0,0,0,Đạt,2026-06-14
4814,2,4,13,3,16,0,1,-1,15,269539874.21761173,0.0,17595760.845486015,-17595760.845486015,251944113.3721257,0.0625,0.9375,0,0,0,Đạt,2026-06-14
4815,3,4,13,3,15,1,0,1,16,251944113.3721257,19912055.467685573,0.0,19912055.467685573,271856168.83981127,0.0,1.0,0,0,0,Đạt,2026-06-14
4816,4,4,13,3,16,0,0,0,16,271856168.83981127,0.0,0.0,0.0,271856168.83981127,0.0,1.0,0,0,0,Đạt,2026-06-14
4817,5,4,13,3,16,1,0,1,17,271856168.83981127,15385324.78272887,0.0,15385324.78272887,287241493.6225401,0.0,1.0,0,0,0,Đạt,2026-06-14
4818,6,4,13,3,17,0,0,0,17,287241493.6225401,0.0,0.0,0.0,287241493.6225401,0.0,1.0,0,0,0,Đạt,2026-06-14
4819,7,4,13,3,17,1,0,1,18,287241493.6225401,14574474.223223684,0.0,14574474.223223684,301815967.8457638,0.0,1.0,0,0,0,Đạt,2026-06-14
4820,8,4,13,3,18,2,1,1,19,301815967.8457638,33810308.1563473,15149627.647868766,18660680.50847853,320476648.3542423,0.0555555555555555,0.9444444444444444,0,0,0,Đạt,2026-06-14
4821,9,4,13,3,19,2,0,2,21,320476648.3542423,28775714.0457409,0.0,28775714.0457409,349252362.3999832,0.0,1.0,0,0,0,Đạt,2026-06-14
4822,10,4,13,3,21,2,0,2,23,349252362.3999832,33593262.48014231,0.0,33593262.48014231,382845624.8801255,0.0,1.0,0,0,0,Đạt,2026-06-14
4823,11,4,13,3,23,1,2,-1,22,382845624.8801255,18159656.817438748,32534912.91413971,-14375256.096700964,368470368.78342456,0.0869565217391304,0.9130434782608696,0,0,0,Đạt,2026-06-14
4824,12,4,13,3,22,0,1,-1,21,368470368.78342456,0.0,20261804.205609217,-20261804.205609217,348208564.5778153,0.0454545454545454,0.9545454545454546,0,0,0,Đạt,2026-06-14
4825,1,4,13,4,16,1,0,1,17,1302262588.2455852,82425792.15316395,0.0,82425792.15316395,1384688380.398749,0.0,1.0,0,0,0,Đạt,2026-06-14
4826,2,4,13,4,17,1,0,1,18,1384688380.398749,81880260.54395221,0.0,81880260.54395221,1466568640.942701,0.0,1.0,0,0,0,Đạt,2026-06-14
4827,3,4,13,4,18,0,1,-1,17,1466568640.942701,0.0,86406137.16762888,-86406137.16762888,1380162503.7750726,0.0555555555555555,0.9444444444444444,10,3,0,Cần kiểm tra,2026-06-14
4828,4,4,13,4,17,0,0,0,17,1380162503.7750726,0.0,0.0,0.0,1380162503.7750726,0.0,1.0,0,0,0,Đạt,2026-06-14
4829,5,4,13,4,17,0,1,-1,16,1380162503.7750726,0.0,84171166.79589845,-84171166.79589845,1295991336.979174,0.0588235294117647,0.9411764705882352,0,0,0,Đạt,2026-06-14
4830,6,4,13,4,16,0,0,0,16,1295991336.979174,0.0,0.0,0.0,1295991336.979174,0.0,1.0,0,0,0,Đạt,2026-06-14
4831,7,4,13,4,16,1,0,1,17,1295991336.979174,65976001.247337535,0.0,65976001.247337535,1361967338.2265117,0.0,1.0,0,0,0,Đạt,2026-06-14
4832,8,4,13,4,17,1,1,0,17,1361967338.2265117,67501044.97635591,72074092.81778172,-4573047.841425806,1357394290.3850858,0.0588235294117647,0.9411764705882352,0,0,0,Đạt,2026-06-14
4833,9,4,13,4,17,0,1,-1,16,1357394290.3850858,0.0,65466888.69263462,-65466888.69263462,1291927401.6924512,0.0588235294117647,0.9411764705882352,0,0,0,Đạt,2026-06-14
4834,10,4,13,4,16,0,0,0,16,1291927401.6924512,0.0,0.0,0.0,1291927401.6924512,0.0,1.0,0,0,0,Đạt,2026-06-14
4835,11,4,13,4,16,1,1,0,16,1291927401.6924512,74066556.96306059,76525289.46893235,-2458732.505871758,1289468669.1865797,0.0625,0.9375,0,0,0,Đạt,2026-06-14
4836,12,4,13,4,16,0,1,-1,15,1289468669.1865797,0.0,76100312.04139437,-76100312.04139437,1213368357.145185,0.0625,0.9375,0,0,0,Đạt,2026-06-14
4837,1,4,13,5,24,0,0,0,24,2083085423.6163392,0.0,0.0,0.0,2083085423.6163392,0.0,1.0,6,4,0,Cần kiểm tra,2026-06-14
4838,2,4,13,5,24,2,1,1,25,2083085423.6163392,155770439.4383693,82531496.84509064,73238942.59327866,2156324366.209618,0.0416666666666666,0.9583333333333334,0,0,0,Đạt,2026-06-14
4839,3,4,13,5,25,1,2,-1,24,2156324366.209618,90701214.34570988,183515118.98923725,-92813904.64352736,2063510461.5660908,0.08,0.92,0,0,0,Đạt,2026-06-14
4840,4,4,13,5,24,3,0,3,27,2063510461.5660908,276913625.2773868,0.0,276913625.2773868,2340424086.8434777,0.0,1.0,0,0,0,Đạt,2026-06-14
4841,5,4,13,5,27,0,1,-1,26,2340424086.8434777,0.0,103590971.06274796,-103590971.06274796,2236833115.78073,0.037037037037037,0.962962962962963,0,0,0,Đạt,2026-06-14
4842,6,4,13,5,26,2,1,1,27,2236833115.78073,207667990.45278764,93524999.54393812,114142990.90884952,2350976106.6895795,0.0384615384615384,0.9615384615384616,0,0,0,Đạt,2026-06-14
4843,7,4,13,5,27,1,1,0,27,2350976106.6895795,91070549.87167664,75919004.07065856,15151545.801018074,2366127652.4905977,0.037037037037037,0.962962962962963,0,0,0,Đạt,2026-06-14
4844,8,4,13,5,27,3,2,1,28,2366127652.4905977,303657441.6874542,182968278.78825435,120689162.89919987,2486816815.3897977,0.074074074074074,0.925925925925926,0,0,0,Đạt,2026-06-14
4845,9,4,13,5,28,1,1,0,28,2486816815.3897977,82341594.8375539,70179908.34446631,12161686.49308759,2498978501.882885,0.0357142857142857,0.9642857142857144,0,0,0,Đạt,2026-06-14
4846,10,4,13,5,28,3,2,1,29,2498978501.882885,216522116.13141856,206281626.3334262,10240489.797992349,2509218991.6808777,0.0714285714285714,0.9285714285714286,0,0,0,Đạt,2026-06-14
4847,11,4,13,5,29,0,1,-1,28,2509218991.6808777,0.0,77691031.88273099,-77691031.88273099,2431527959.7981467,0.0344827586206896,0.9655172413793104,0,0,0,Đạt,2026-06-14
4848,12,4,13,5,28,0,0,0,28,2431527959.7981467,0.0,0.0,0.0,2431527959.7981467,0.0,1.0,3,10,0,Cần kiểm tra,2026-06-14
4849,1,4,13,6,35,3,1,2,37,3143003943.559353,220991085.38817728,81365002.03027372,139626083.35790354,3282630026.9172564,0.0285714285714285,0.9714285714285714,0,0,0,Đạt,2026-06-14
4850,2,4,13,6,37,1,3,-2,35,3282630026.9172564,101873178.63946594,309531570.7708814,-207658392.1314155,3074971634.785841,0.081081081081081,0.9189189189189187,0,0,0,Đạt,2026-06-14
4851,3,4,13,6,35,2,1,1,36,3074971634.785841,170554083.49134588,106655126.05421254,63898957.43713334,3138870592.2229743,0.0285714285714285,0.9714285714285714,0,0,0,Đạt,2026-06-14
4852,4,4,13,6,36,0,1,-1,35,3138870592.2229743,0.0,93911456.79301757,-93911456.79301757,3044959135.429957,0.0277777777777777,0.9722222222222222,0,0,0,Đạt,2026-06-14
4853,5,4,13,6,35,5,0,5,40,3044959135.429957,376998639.8608776,0.0,376998639.8608776,3421957775.2908344,0.0,1.0,3,0,0,Cần kiểm tra,2026-06-14
4854,6,4,13,6,40,3,0,3,43,3421957775.2908344,232936892.26304916,0.0,232936892.26304916,3654894667.553884,0.0,1.0,0,0,0,Đạt,2026-06-14
4855,7,4,13,6,43,6,1,5,48,3654894667.553884,623782115.708769,94710454.94473822,529071660.7640308,4183966328.3179145,0.0232558139534883,0.9767441860465116,0,0,0,Đạt,2026-06-14
4856,8,4,13,6,48,4,2,2,50,4183966328.3179145,364785695.1548816,210900639.24778163,153885055.90709996,4337851384.225015,0.0416666666666666,0.9583333333333334,0,0,0,Đạt,2026-06-14
4857,9,4,13,6,50,7,3,4,54,4337851384.225015,561699640.8391259,252586260.25254935,309113380.58657646,4646964764.811591,0.06,0.94,0,0,0,Đạt,2026-06-14
4858,10,4,13,6,54,2,4,-2,52,4646964764.811591,180225386.20931745,424100154.2677314,-243874768.058414,4403089996.753178,0.074074074074074,0.925925925925926,0,0,0,Đạt,2026-06-14
4859,11,4,13,6,52,4,4,0,52,4403089996.753178,387761654.3007908,407136119.9485148,-19374465.647724032,4383715531.1054535,0.0769230769230769,0.9230769230769232,0,0,0,Đạt,2026-06-14
4860,12,4,13,6,52,1,4,-3,49,4383715531.1054535,102208798.89832366,307047881.42931646,-204839082.5309928,4178876448.574461,0.0769230769230769,0.9230769230769232,0,0,0,Đạt,2026-06-14
4861,1,4,13,7,12,0,0,0,12,1090232291.1325245,0.0,0.0,0.0,1090232291.1325245,0.0,1.0,0,0,0,Đạt,2026-06-14
4862,2,4,13,7,12,1,0,1,13,1090232291.1325245,97881198.84794736,0.0,97881198.84794736,1188113489.9804718,0.0,1.0,0,0,0,Đạt,2026-06-14
4863,3,4,13,7,13,0,0,0,13,1188113489.9804718,0.0,0.0,0.0,1188113489.9804718,0.0,1.0,0,0,0,Đạt,2026-06-14
4864,4,4,13,7,13,1,0,1,14,1188113489.9804718,98347601.7888665,0.0,98347601.7888665,1286461091.7693384,0.0,1.0,0,0,0,Đạt,2026-06-14
4865,5,4,13,7,14,1,0,1,15,1286461091.7693384,72883003.31170063,0.0,72883003.31170063,1359344095.081039,0.0,1.0,0,0,0,Đạt,2026-06-14
4866,6,4,13,7,15,0,1,-1,14,1359344095.081039,0.0,96352643.6142242,-96352643.6142242,1262991451.4668148,0.0666666666666666,0.9333333333333332,0,0,0,Đạt,2026-06-14
4867,7,4,13,7,14,0,0,0,14,1262991451.4668148,0.0,0.0,0.0,1262991451.4668148,0.0,1.0,0,0,0,Đạt,2026-06-14
4868,8,4,13,7,14,0,1,-1,13,1262991451.4668148,0.0,80548224.76203024,-80548224.76203024,1182443226.7047844,0.0714285714285714,0.9285714285714286,0,0,0,Đạt,2026-06-14
4869,9,4,13,7,13,1,1,0,13,1182443226.7047844,88509236.96349525,79569055.90569875,8940181.057796508,1191383407.7625809,0.0769230769230769,0.9230769230769232,0,0,0,Đạt,2026-06-14
4870,10,4,13,7,13,1,0,1,14,1191383407.7625809,94050183.1445416,0.0,94050183.1445416,1285433590.9071224,0.0,1.0,0,0,0,Đạt,2026-06-14
4871,11,4,13,7,14,0,1,-1,13,1285433590.9071224,0.0,84868866.66145079,-84868866.66145079,1200564724.2456715,0.0714285714285714,0.9285714285714286,0,0,0,Đạt,2026-06-14
4872,12,4,13,7,13,1,0,1,14,1200564724.2456715,85548280.08448033,0.0,85548280.08448033,1286113004.3301518,0.0,1.0,0,0,0,Đạt,2026-06-14
4873,1,4,14,1,5,0,0,0,5,221026482.05556276,0.0,0.0,0.0,221026482.05556276,0.0,1.0,0,0,0,Đạt,2026-06-14
4874,2,4,14,1,5,0,0,0,5,221026482.05556276,0.0,0.0,0.0,221026482.05556276,0.0,1.0,0,0,0,Đạt,2026-06-14
4875,3,4,14,1,5,0,0,0,5,221026482.05556276,0.0,0.0,0.0,221026482.05556276,0.0,1.0,0,0,0,Đạt,2026-06-14
4876,4,4,14,1,5,0,0,0,5,221026482.05556276,0.0,0.0,0.0,221026482.05556276,0.0,1.0,0,0,0,Đạt,2026-06-14
4877,5,4,14,1,5,0,0,0,5,221026482.05556276,0.0,0.0,0.0,221026482.05556276,0.0,1.0,0,0,0,Đạt,2026-06-14
4878,6,4,14,1,5,0,0,0,5,221026482.05556276,0.0,0.0,0.0,221026482.05556276,0.0,1.0,0,0,0,Đạt,2026-06-14
4879,7,4,14,1,5,0,0,0,5,221026482.05556276,0.0,0.0,0.0,221026482.05556276,0.0,1.0,0,0,0,Đạt,2026-06-14
4880,8,4,14,1,5,0,0,0,5,221026482.05556276,0.0,0.0,0.0,221026482.05556276,0.0,1.0,0,0,0,Đạt,2026-06-14
4881,9,4,14,1,5,0,0,0,5,221026482.05556276,0.0,0.0,0.0,221026482.05556276,0.0,1.0,0,0,0,Đạt,2026-06-14
4882,10,4,14,1,5,0,0,0,5,221026482.05556276,0.0,0.0,0.0,221026482.05556276,0.0,1.0,0,0,0,Đạt,2026-06-14
4883,11,4,14,1,5,0,0,0,5,221026482.05556276,0.0,0.0,0.0,221026482.05556276,0.0,1.0,0,0,0,Đạt,2026-06-14
4884,12,4,14,1,5,0,0,0,5,221026482.05556276,0.0,0.0,0.0,221026482.05556276,0.0,1.0,0,0,0,Đạt,2026-06-14
4885,1,4,14,2,5,0,0,0,5,298336826.5384389,0.0,0.0,0.0,298336826.5384389,0.0,1.0,0,0,0,Đạt,2026-06-14
4886,2,4,14,2,5,0,0,0,5,298336826.5384389,0.0,0.0,0.0,298336826.5384389,0.0,1.0,0,0,0,Đạt,2026-06-14
4887,3,4,14,2,5,0,0,0,5,298336826.5384389,0.0,0.0,0.0,298336826.5384389,0.0,1.0,0,0,0,Đạt,2026-06-14
4888,4,4,14,2,5,0,0,0,5,298336826.5384389,0.0,0.0,0.0,298336826.5384389,0.0,1.0,0,0,0,Đạt,2026-06-14
4889,5,4,14,2,5,0,0,0,5,298336826.5384389,0.0,0.0,0.0,298336826.5384389,0.0,1.0,0,0,0,Đạt,2026-06-14
4890,6,4,14,2,5,0,0,0,5,298336826.5384389,0.0,0.0,0.0,298336826.5384389,0.0,1.0,0,0,0,Đạt,2026-06-14
4891,7,4,14,2,5,0,0,0,5,298336826.5384389,0.0,0.0,0.0,298336826.5384389,0.0,1.0,0,0,0,Đạt,2026-06-14
4892,8,4,14,2,5,0,0,0,5,298336826.5384389,0.0,0.0,0.0,298336826.5384389,0.0,1.0,0,0,0,Đạt,2026-06-14
4893,9,4,14,2,5,0,0,0,5,298336826.5384389,0.0,0.0,0.0,298336826.5384389,0.0,1.0,0,0,0,Đạt,2026-06-14
4894,10,4,14,2,5,0,0,0,5,298336826.5384389,0.0,0.0,0.0,298336826.5384389,0.0,1.0,0,0,0,Đạt,2026-06-14
4895,11,4,14,2,5,0,0,0,5,298336826.5384389,0.0,0.0,0.0,298336826.5384389,0.0,1.0,0,0,0,Đạt,2026-06-14
4896,12,4,14,2,5,0,0,0,5,298336826.5384389,0.0,0.0,0.0,298336826.5384389,0.0,1.0,0,0,0,Đạt,2026-06-14
4897,1,4,14,3,5,0,0,0,5,243674845.8533724,0.0,0.0,0.0,243674845.8533724,0.0,1.0,0,0,0,Đạt,2026-06-14
4898,2,4,14,3,5,0,0,0,5,243674845.8533724,0.0,0.0,0.0,243674845.8533724,0.0,1.0,0,0,0,Đạt,2026-06-14
4899,3,4,14,3,5,0,0,0,5,243674845.8533724,0.0,0.0,0.0,243674845.8533724,0.0,1.0,0,0,0,Đạt,2026-06-14
4900,4,4,14,3,5,0,0,0,5,243674845.8533724,0.0,0.0,0.0,243674845.8533724,0.0,1.0,0,0,0,Đạt,2026-06-14
4901,5,4,14,3,5,0,0,0,5,243674845.8533724,0.0,0.0,0.0,243674845.8533724,0.0,1.0,0,0,0,Đạt,2026-06-14
4902,6,4,14,3,5,0,0,0,5,243674845.8533724,0.0,0.0,0.0,243674845.8533724,0.0,1.0,0,0,0,Đạt,2026-06-14
4903,7,4,14,3,5,0,0,0,5,243674845.8533724,0.0,0.0,0.0,243674845.8533724,0.0,1.0,0,0,0,Đạt,2026-06-14
4904,8,4,14,3,5,0,0,0,5,243674845.8533724,0.0,0.0,0.0,243674845.8533724,0.0,1.0,3,0,0,Cần kiểm tra,2026-06-14
4905,9,4,14,3,5,0,0,0,5,243674845.8533724,0.0,0.0,0.0,243674845.8533724,0.0,1.0,0,0,0,Đạt,2026-06-14
4906,10,4,14,3,5,0,0,0,5,243674845.8533724,0.0,0.0,0.0,243674845.8533724,0.0,1.0,0,0,0,Đạt,2026-06-14
4907,11,4,14,3,5,0,0,0,5,243674845.8533724,0.0,0.0,0.0,243674845.8533724,0.0,1.0,0,0,0,Đạt,2026-06-14
4908,12,4,14,3,5,0,0,0,5,243674845.8533724,0.0,0.0,0.0,243674845.8533724,0.0,1.0,0,0,0,Đạt,2026-06-14
4909,1,4,14,4,7,0,0,0,7,242432399.82137093,0.0,0.0,0.0,242432399.82137093,0.0,1.0,0,0,0,Đạt,2026-06-14
4910,2,4,14,4,7,0,0,0,7,242432399.82137093,0.0,0.0,0.0,242432399.82137093,0.0,1.0,0,0,0,Đạt,2026-06-14
4911,3,4,14,4,7,0,0,0,7,242432399.82137093,0.0,0.0,0.0,242432399.82137093,0.0,1.0,0,0,0,Đạt,2026-06-14
4912,4,4,14,4,7,0,0,0,7,242432399.82137093,0.0,0.0,0.0,242432399.82137093,0.0,1.0,0,0,0,Đạt,2026-06-14
4913,5,4,14,4,7,0,0,0,7,242432399.82137093,0.0,0.0,0.0,242432399.82137093,0.0,1.0,0,0,0,Đạt,2026-06-14
4914,6,4,14,4,7,0,0,0,7,242432399.82137093,0.0,0.0,0.0,242432399.82137093,0.0,1.0,0,0,0,Đạt,2026-06-14
4915,7,4,14,4,7,0,0,0,7,242432399.82137093,0.0,0.0,0.0,242432399.82137093,0.0,1.0,0,0,0,Đạt,2026-06-14
4916,8,4,14,4,7,0,0,0,7,242432399.82137093,0.0,0.0,0.0,242432399.82137093,0.0,1.0,0,0,0,Đạt,2026-06-14
4917,9,4,14,4,7,0,0,0,7,242432399.82137093,0.0,0.0,0.0,242432399.82137093,0.0,1.0,0,0,0,Đạt,2026-06-14
4918,10,4,14,4,7,0,0,0,7,242432399.82137093,0.0,0.0,0.0,242432399.82137093,0.0,1.0,0,0,0,Đạt,2026-06-14
4919,11,4,14,4,7,0,0,0,7,242432399.82137093,0.0,0.0,0.0,242432399.82137093,0.0,1.0,0,0,0,Đạt,2026-06-14
4920,12,4,14,4,7,0,0,0,7,242432399.82137093,0.0,0.0,0.0,242432399.82137093,0.0,1.0,0,0,0,Đạt,2026-06-14
4921,1,4,14,5,5,0,0,0,5,419125837.350494,0.0,0.0,0.0,419125837.350494,0.0,1.0,0,0,0,Đạt,2026-06-14
4922,2,4,14,5,5,0,0,0,5,419125837.350494,0.0,0.0,0.0,419125837.350494,0.0,1.0,0,0,0,Đạt,2026-06-14
4923,3,4,14,5,5,0,0,0,5,419125837.350494,0.0,0.0,0.0,419125837.350494,0.0,1.0,0,0,0,Đạt,2026-06-14
4924,4,4,14,5,5,0,0,0,5,419125837.350494,0.0,0.0,0.0,419125837.350494,0.0,1.0,0,0,0,Đạt,2026-06-14
4925,5,4,14,5,5,0,0,0,5,419125837.350494,0.0,0.0,0.0,419125837.350494,0.0,1.0,0,0,0,Đạt,2026-06-14
4926,6,4,14,5,5,0,0,0,5,419125837.350494,0.0,0.0,0.0,419125837.350494,0.0,1.0,0,0,0,Đạt,2026-06-14
4927,7,4,14,5,5,0,0,0,5,419125837.350494,0.0,0.0,0.0,419125837.350494,0.0,1.0,0,0,0,Đạt,2026-06-14
4928,8,4,14,5,5,0,0,0,5,419125837.350494,0.0,0.0,0.0,419125837.350494,0.0,1.0,0,0,0,Đạt,2026-06-14
4929,9,4,14,5,5,0,0,0,5,419125837.350494,0.0,0.0,0.0,419125837.350494,0.0,1.0,0,0,0,Đạt,2026-06-14
4930,10,4,14,5,5,0,0,0,5,419125837.350494,0.0,0.0,0.0,419125837.350494,0.0,1.0,0,0,0,Đạt,2026-06-14
4931,11,4,14,5,5,0,0,0,5,419125837.350494,0.0,0.0,0.0,419125837.350494,0.0,1.0,0,0,0,Đạt,2026-06-14
4932,12,4,14,5,5,0,0,0,5,419125837.350494,0.0,0.0,0.0,419125837.350494,0.0,1.0,0,0,0,Đạt,2026-06-14
4933,1,4,14,6,6,0,0,0,6,242882013.83170035,0.0,0.0,0.0,242882013.83170035,0.0,1.0,0,0,0,Đạt,2026-06-14
4934,2,4,14,6,6,0,0,0,6,242882013.83170035,0.0,0.0,0.0,242882013.83170035,0.0,1.0,0,0,0,Đạt,2026-06-14
4935,3,4,14,6,6,0,0,0,6,242882013.83170035,0.0,0.0,0.0,242882013.83170035,0.0,1.0,0,0,0,Đạt,2026-06-14
4936,4,4,14,6,6,0,0,0,6,242882013.83170035,0.0,0.0,0.0,242882013.83170035,0.0,1.0,0,0,0,Đạt,2026-06-14
4937,5,4,14,6,6,0,0,0,6,242882013.83170035,0.0,0.0,0.0,242882013.83170035,0.0,1.0,0,0,0,Đạt,2026-06-14
4938,6,4,14,6,6,0,0,0,6,242882013.83170035,0.0,0.0,0.0,242882013.83170035,0.0,1.0,0,0,0,Đạt,2026-06-14
4939,7,4,14,6,6,0,0,0,6,242882013.83170035,0.0,0.0,0.0,242882013.83170035,0.0,1.0,0,0,0,Đạt,2026-06-14
4940,8,4,14,6,6,0,0,0,6,242882013.83170035,0.0,0.0,0.0,242882013.83170035,0.0,1.0,0,0,0,Đạt,2026-06-14
4941,9,4,14,6,6,0,0,0,6,242882013.83170035,0.0,0.0,0.0,242882013.83170035,0.0,1.0,0,0,0,Đạt,2026-06-14
4942,10,4,14,6,6,0,0,0,6,242882013.83170035,0.0,0.0,0.0,242882013.83170035,0.0,1.0,0,0,0,Đạt,2026-06-14
4943,11,4,14,6,6,0,0,0,6,242882013.83170035,0.0,0.0,0.0,242882013.83170035,0.0,1.0,0,0,0,Đạt,2026-06-14
4944,12,4,14,6,6,0,0,0,6,242882013.83170035,0.0,0.0,0.0,242882013.83170035,0.0,1.0,10,0,0,Cần kiểm tra,2026-06-14
4945,1,4,14,7,7,0,0,0,7,600643595.7481545,0.0,0.0,0.0,600643595.7481545,0.0,1.0,0,0,0,Đạt,2026-06-14
4946,2,4,14,7,7,0,0,0,7,600643595.7481545,0.0,0.0,0.0,600643595.7481545,0.0,1.0,0,0,0,Đạt,2026-06-14
4947,3,4,14,7,7,0,0,0,7,600643595.7481545,0.0,0.0,0.0,600643595.7481545,0.0,1.0,0,0,0,Đạt,2026-06-14
4948,4,4,14,7,7,0,0,0,7,600643595.7481545,0.0,0.0,0.0,600643595.7481545,0.0,1.0,0,0,0,Đạt,2026-06-14
4949,5,4,14,7,7,0,0,0,7,600643595.7481545,0.0,0.0,0.0,600643595.7481545,0.0,1.0,0,0,0,Đạt,2026-06-14
4950,6,4,14,7,7,0,0,0,7,600643595.7481545,0.0,0.0,0.0,600643595.7481545,0.0,1.0,0,0,0,Đạt,2026-06-14
4951,7,4,14,7,7,0,0,0,7,600643595.7481545,0.0,0.0,0.0,600643595.7481545,0.0,1.0,0,0,0,Đạt,2026-06-14
4952,8,4,14,7,7,0,0,0,7,600643595.7481545,0.0,0.0,0.0,600643595.7481545,0.0,1.0,3,1,0,Cần kiểm tra,2026-06-14
4953,9,4,14,7,7,0,0,0,7,600643595.7481545,0.0,0.0,0.0,600643595.7481545,0.0,1.0,0,0,0,Đạt,2026-06-14
4954,10,4,14,7,7,0,0,0,7,600643595.7481545,0.0,0.0,0.0,600643595.7481545,0.0,1.0,0,0,0,Đạt,2026-06-14
4955,11,4,14,7,7,0,0,0,7,600643595.7481545,0.0,0.0,0.0,600643595.7481545,0.0,1.0,0,0,0,Đạt,2026-06-14
4956,12,4,14,7,7,0,0,0,7,600643595.7481545,0.0,0.0,0.0,600643595.7481545,0.0,1.0,0,0,0,Đạt,2026-06-14
4957,1,4,15,1,5,0,0,0,5,332929817.4455049,0.0,0.0,0.0,332929817.4455049,0.0,1.0,0,0,0,Đạt,2026-06-14
4958,2,4,15,1,5,0,0,0,5,332929817.4455049,0.0,0.0,0.0,332929817.4455049,0.0,1.0,0,0,0,Đạt,2026-06-14
4959,3,4,15,1,5,0,0,0,5,332929817.4455049,0.0,0.0,0.0,332929817.4455049,0.0,1.0,0,0,0,Đạt,2026-06-14
4960,4,4,15,1,5,0,0,0,5,332929817.4455049,0.0,0.0,0.0,332929817.4455049,0.0,1.0,0,0,0,Đạt,2026-06-14
4961,5,4,15,1,5,0,0,0,5,332929817.4455049,0.0,0.0,0.0,332929817.4455049,0.0,1.0,0,0,0,Đạt,2026-06-14
4962,6,4,15,1,5,0,0,0,5,332929817.4455049,0.0,0.0,0.0,332929817.4455049,0.0,1.0,6,0,0,Cần kiểm tra,2026-06-14
4963,7,4,15,1,5,0,0,0,5,332929817.4455049,0.0,0.0,0.0,332929817.4455049,0.0,1.0,0,0,0,Đạt,2026-06-14
4964,8,4,15,1,5,0,0,0,5,332929817.4455049,0.0,0.0,0.0,332929817.4455049,0.0,1.0,0,0,0,Đạt,2026-06-14
4965,9,4,15,1,5,0,0,0,5,332929817.4455049,0.0,0.0,0.0,332929817.4455049,0.0,1.0,0,0,0,Đạt,2026-06-14
4966,10,4,15,1,5,0,0,0,5,332929817.4455049,0.0,0.0,0.0,332929817.4455049,0.0,1.0,0,0,0,Đạt,2026-06-14
4967,11,4,15,1,5,0,0,0,5,332929817.4455049,0.0,0.0,0.0,332929817.4455049,0.0,1.0,0,0,0,Đạt,2026-06-14
4968,12,4,15,1,5,0,0,0,5,332929817.4455049,0.0,0.0,0.0,332929817.4455049,0.0,1.0,0,0,0,Đạt,2026-06-14
4969,1,4,15,2,5,0,0,0,5,485388461.6019538,0.0,0.0,0.0,485388461.6019538,0.0,1.0,0,0,0,Đạt,2026-06-14
4970,2,4,15,2,5,0,0,0,5,485388461.6019538,0.0,0.0,0.0,485388461.6019538,0.0,1.0,0,0,0,Đạt,2026-06-14
4971,3,4,15,2,5,0,0,0,5,485388461.6019538,0.0,0.0,0.0,485388461.6019538,0.0,1.0,0,0,0,Đạt,2026-06-14
4972,4,4,15,2,5,0,0,0,5,485388461.6019538,0.0,0.0,0.0,485388461.6019538,0.0,1.0,0,0,0,Đạt,2026-06-14
4973,5,4,15,2,5,0,0,0,5,485388461.6019538,0.0,0.0,0.0,485388461.6019538,0.0,1.0,0,0,0,Đạt,2026-06-14
4974,6,4,15,2,5,0,0,0,5,485388461.6019538,0.0,0.0,0.0,485388461.6019538,0.0,1.0,0,0,0,Đạt,2026-06-14
4975,7,4,15,2,5,0,0,0,5,485388461.6019538,0.0,0.0,0.0,485388461.6019538,0.0,1.0,0,0,0,Đạt,2026-06-14
4976,8,4,15,2,5,0,0,0,5,485388461.6019538,0.0,0.0,0.0,485388461.6019538,0.0,1.0,0,0,0,Đạt,2026-06-14
4977,9,4,15,2,5,0,0,0,5,485388461.6019538,0.0,0.0,0.0,485388461.6019538,0.0,1.0,0,0,0,Đạt,2026-06-14
4978,10,4,15,2,5,0,0,0,5,485388461.6019538,0.0,0.0,0.0,485388461.6019538,0.0,1.0,0,0,0,Đạt,2026-06-14
4979,11,4,15,2,5,0,0,0,5,485388461.6019538,0.0,0.0,0.0,485388461.6019538,0.0,1.0,0,0,0,Đạt,2026-06-14
4980,12,4,15,2,5,0,0,0,5,485388461.6019538,0.0,0.0,0.0,485388461.6019538,0.0,1.0,0,0,0,Đạt,2026-06-14
4981,1,4,15,3,5,0,0,0,5,338266638.4675977,0.0,0.0,0.0,338266638.4675977,0.0,1.0,0,0,0,Đạt,2026-06-14
4982,2,4,15,3,5,0,0,0,5,338266638.4675977,0.0,0.0,0.0,338266638.4675977,0.0,1.0,0,0,0,Đạt,2026-06-14
4983,3,4,15,3,5,0,0,0,5,338266638.4675977,0.0,0.0,0.0,338266638.4675977,0.0,1.0,0,0,0,Đạt,2026-06-14
4984,4,4,15,3,5,0,0,0,5,338266638.4675977,0.0,0.0,0.0,338266638.4675977,0.0,1.0,0,0,0,Đạt,2026-06-14
4985,5,4,15,3,5,0,0,0,5,338266638.4675977,0.0,0.0,0.0,338266638.4675977,0.0,1.0,0,0,0,Đạt,2026-06-14
4986,6,4,15,3,5,0,0,0,5,338266638.4675977,0.0,0.0,0.0,338266638.4675977,0.0,1.0,0,0,0,Đạt,2026-06-14
4987,7,4,15,3,5,0,0,0,5,338266638.4675977,0.0,0.0,0.0,338266638.4675977,0.0,1.0,0,0,0,Đạt,2026-06-14
4988,8,4,15,3,5,0,0,0,5,338266638.4675977,0.0,0.0,0.0,338266638.4675977,0.0,1.0,0,0,0,Đạt,2026-06-14
4989,9,4,15,3,5,0,0,0,5,338266638.4675977,0.0,0.0,0.0,338266638.4675977,0.0,1.0,0,0,0,Đạt,2026-06-14
4990,10,4,15,3,5,0,0,0,5,338266638.4675977,0.0,0.0,0.0,338266638.4675977,0.0,1.0,0,0,0,Đạt,2026-06-14
4991,11,4,15,3,5,0,0,0,5,338266638.4675977,0.0,0.0,0.0,338266638.4675977,0.0,1.0,0,0,0,Đạt,2026-06-14
4992,12,4,15,3,5,0,0,0,5,338266638.4675977,0.0,0.0,0.0,338266638.4675977,0.0,1.0,0,0,0,Đạt,2026-06-14
4993,1,4,15,4,5,0,0,0,5,311923882.2291025,0.0,0.0,0.0,311923882.2291025,0.0,1.0,0,0,0,Đạt,2026-06-14
4994,2,4,15,4,5,0,0,0,5,311923882.2291025,0.0,0.0,0.0,311923882.2291025,0.0,1.0,0,0,0,Đạt,2026-06-14
4995,3,4,15,4,5,0,0,0,5,311923882.2291025,0.0,0.0,0.0,311923882.2291025,0.0,1.0,0,0,0,Đạt,2026-06-14
4996,4,4,15,4,5,0,0,0,5,311923882.2291025,0.0,0.0,0.0,311923882.2291025,0.0,1.0,0,0,0,Đạt,2026-06-14
4997,5,4,15,4,5,0,0,0,5,311923882.2291025,0.0,0.0,0.0,311923882.2291025,0.0,1.0,0,0,0,Đạt,2026-06-14
4998,6,4,15,4,5,0,0,0,5,311923882.2291025,0.0,0.0,0.0,311923882.2291025,0.0,1.0,0,0,0,Đạt,2026-06-14
4999,7,4,15,4,5,0,0,0,5,311923882.2291025,0.0,0.0,0.0,311923882.2291025,0.0,1.0,0,0,0,Đạt,2026-06-14
5000,8,4,15,4,5,0,0,0,5,311923882.2291025,0.0,0.0,0.0,311923882.2291025,0.0,1.0,6,0,0,Cần kiểm tra,2026-06-14
5001,9,4,15,4,5,0,0,0,5,311923882.2291025,0.0,0.0,0.0,311923882.2291025,0.0,1.0,0,0,0,Đạt,2026-06-14
5002,10,4,15,4,5,0,0,0,5,311923882.2291025,0.0,0.0,0.0,311923882.2291025,0.0,1.0,0,0,0,Đạt,2026-06-14
5003,11,4,15,4,5,0,0,0,5,311923882.2291025,0.0,0.0,0.0,311923882.2291025,0.0,1.0,0,0,0,Đạt,2026-06-14
5004,12,4,15,4,5,0,0,0,5,311923882.2291025,0.0,0.0,0.0,311923882.2291025,0.0,1.0,0,0,0,Đạt,2026-06-14
5005,1,4,15,5,5,0,0,0,5,359197653.5934016,0.0,0.0,0.0,359197653.5934016,0.0,1.0,0,0,0,Đạt,2026-06-14
5006,2,4,15,5,5,0,0,0,5,359197653.5934016,0.0,0.0,0.0,359197653.5934016,0.0,1.0,0,0,0,Đạt,2026-06-14
5007,3,4,15,5,5,0,0,0,5,359197653.5934016,0.0,0.0,0.0,359197653.5934016,0.0,1.0,0,0,0,Đạt,2026-06-14
5008,4,4,15,5,5,0,0,0,5,359197653.5934016,0.0,0.0,0.0,359197653.5934016,0.0,1.0,0,0,0,Đạt,2026-06-14
5009,5,4,15,5,5,0,0,0,5,359197653.5934016,0.0,0.0,0.0,359197653.5934016,0.0,1.0,0,0,0,Đạt,2026-06-14
5010,6,4,15,5,5,0,0,0,5,359197653.5934016,0.0,0.0,0.0,359197653.5934016,0.0,1.0,0,0,0,Đạt,2026-06-14
5011,7,4,15,5,5,0,0,0,5,359197653.5934016,0.0,0.0,0.0,359197653.5934016,0.0,1.0,0,0,0,Đạt,2026-06-14
5012,8,4,15,5,5,0,0,0,5,359197653.5934016,0.0,0.0,0.0,359197653.5934016,0.0,1.0,0,0,0,Đạt,2026-06-14
5013,9,4,15,5,5,0,0,0,5,359197653.5934016,0.0,0.0,0.0,359197653.5934016,0.0,1.0,0,0,0,Đạt,2026-06-14
5014,10,4,15,5,5,0,0,0,5,359197653.5934016,0.0,0.0,0.0,359197653.5934016,0.0,1.0,0,0,0,Đạt,2026-06-14
5015,11,4,15,5,5,0,0,0,5,359197653.5934016,0.0,0.0,0.0,359197653.5934016,0.0,1.0,0,0,0,Đạt,2026-06-14
5016,12,4,15,5,5,0,0,0,5,359197653.5934016,0.0,0.0,0.0,359197653.5934016,0.0,1.0,0,0,0,Đạt,2026-06-14
5017,1,4,15,6,5,0,0,0,5,59898346.48406823,0.0,0.0,0.0,59898346.48406823,0.0,1.0,0,0,0,Đạt,2026-06-14
5018,2,4,15,6,5,0,0,0,5,59898346.48406823,0.0,0.0,0.0,59898346.48406823,0.0,1.0,0,0,0,Đạt,2026-06-14
5019,3,4,15,6,5,0,0,0,5,59898346.48406823,0.0,0.0,0.0,59898346.48406823,0.0,1.0,0,0,0,Đạt,2026-06-14
5020,4,4,15,6,5,0,0,0,5,59898346.48406823,0.0,0.0,0.0,59898346.48406823,0.0,1.0,0,0,0,Đạt,2026-06-14
5021,5,4,15,6,5,0,0,0,5,59898346.48406823,0.0,0.0,0.0,59898346.48406823,0.0,1.0,0,0,0,Đạt,2026-06-14
5022,6,4,15,6,5,0,0,0,5,59898346.48406823,0.0,0.0,0.0,59898346.48406823,0.0,1.0,0,0,0,Đạt,2026-06-14
5023,7,4,15,6,5,0,0,0,5,59898346.48406823,0.0,0.0,0.0,59898346.48406823,0.0,1.0,0,0,0,Đạt,2026-06-14
5024,8,4,15,6,5,0,0,0,5,59898346.48406823,0.0,0.0,0.0,59898346.48406823,0.0,1.0,0,0,0,Đạt,2026-06-14
5025,9,4,15,6,5,0,0,0,5,59898346.48406823,0.0,0.0,0.0,59898346.48406823,0.0,1.0,0,0,0,Đạt,2026-06-14
5026,10,4,15,6,5,0,0,0,5,59898346.48406823,0.0,0.0,0.0,59898346.48406823,0.0,1.0,8,0,0,Cần kiểm tra,2026-06-14
5027,11,4,15,6,5,0,0,0,5,59898346.48406823,0.0,0.0,0.0,59898346.48406823,0.0,1.0,0,0,0,Đạt,2026-06-14
5028,12,4,15,6,5,0,0,0,5,59898346.48406823,0.0,0.0,0.0,59898346.48406823,0.0,1.0,0,0,0,Đạt,2026-06-14
5029,1,4,15,7,5,0,0,0,5,224684660.69319504,0.0,0.0,0.0,224684660.69319504,0.0,1.0,0,0,0,Đạt,2026-06-14
5030,2,4,15,7,5,0,0,0,5,224684660.69319504,0.0,0.0,0.0,224684660.69319504,0.0,1.0,0,0,0,Đạt,2026-06-14
5031,3,4,15,7,5,0,0,0,5,224684660.69319504,0.0,0.0,0.0,224684660.69319504,0.0,1.0,0,0,0,Đạt,2026-06-14
5032,4,4,15,7,5,0,0,0,5,224684660.69319504,0.0,0.0,0.0,224684660.69319504,0.0,1.0,5,0,0,Cần kiểm tra,2026-06-14
5033,5,4,15,7,5,0,0,0,5,224684660.69319504,0.0,0.0,0.0,224684660.69319504,0.0,1.0,0,0,0,Đạt,2026-06-14
5034,6,4,15,7,5,0,0,0,5,224684660.69319504,0.0,0.0,0.0,224684660.69319504,0.0,1.0,0,0,0,Đạt,2026-06-14
5035,7,4,15,7,5,0,0,0,5,224684660.69319504,0.0,0.0,0.0,224684660.69319504,0.0,1.0,0,0,0,Đạt,2026-06-14
5036,8,4,15,7,5,0,0,0,5,224684660.69319504,0.0,0.0,0.0,224684660.69319504,0.0,1.0,0,0,0,Đạt,2026-06-14
5037,9,4,15,7,5,0,0,0,5,224684660.69319504,0.0,0.0,0.0,224684660.69319504,0.0,1.0,0,0,0,Đạt,2026-06-14
5038,10,4,15,7,5,0,0,0,5,224684660.69319504,0.0,0.0,0.0,224684660.69319504,0.0,1.0,0,0,0,Đạt,2026-06-14
5039,11,4,15,7,5,0,0,0,5,224684660.69319504,0.0,0.0,0.0,224684660.69319504,0.0,1.0,0,0,0,Đạt,2026-06-14
5040,12,4,15,7,5,0,0,0,5,224684660.69319504,0.0,0.0,0.0,224684660.69319504,0.0,1.0,0,0,0,Đạt,2026-06-14
